company_number,list,cfadvisers_id,company_name
OC454719,advisers,3peakscf-com,"3PEAKS CORPORATE FINANCE LLP"
03824057,advisers,a4g-llp-co-uk,"A4G AUDIT LIMITED"
09879811,advisers,acap-advisory-com,"ACAP ADVISORY LTD"
03898646,advisers,acma-co-uk,"A C MANAGEMENT ASSOCIATES LTD"
07895785,advisers,acquirebusinesssales-co-uk,"ACQUIRE BUSINESS SALES LTD"
06494937,advisers,acuity-co-uk,"ACUITY ADVISORS LIMITED"
07055153,advisers,adamjwalker-co-uk,"ADAM J WALKER AND ASSOCIATES LTD"
09579715,advisers,adamstreet-com,"ADAM STREET ADVISERS LIMITED"
08368602,advisers,adeptoacquisitions-co-uk,"ADEPTO ACQUISITIONS LTD"
04004212,advisers,agg-uk-com,"A G & G LIMITED"
04922176,advisers,agnitiocapital-com,"AGNITIO CAPITAL LIMITED"
10568812,advisers,ajfcommercial-co-uk,"AJF COMMERCIAL LTD"
10348986,advisers,akereos-com,"AKEREOS CAPITAL LTD"
04908023,advisers,alariscf-co-uk,"ALARIS CORPORATE FINANCE LIMITED"
OC353677,advisers,albertgoodman-co-uk,"ALBERT GOODMAN LLP"
05879560,advisers,albrcapital-com,"ALBR CAPITAL LIMITED"
09091955,advisers,aldridgecarehomes-co-uk,"ALDRIDGE CARE HOMES LTD"
10759666,advisers,alexa-capital-com,"ALEXA CAPITAL LIMITED"
OC340289,advisers,alexander-co-uk,"ALEXANDER & CO LLP"
03214944,advisers,alfredhenry-com,"ALFRED HENRY CORPORATE FINANCE LIMITED"
11639332,advisers,alineacf-co-uk,"ALINEA ADVISORY LIMITED"
06706681,advisers,allenbycapital-com,"ALLENBY CAPITAL LIMITED"
OC430772,advisers,alliotts-com,"ALLIOTTS LLP"
09888509,advisers,alphahelix-com,"ALPHA HELIX CORPORATE FINANCE LIMITED"
15921884,advisers,amicacf-co-uk,"AMICA CORPORATE FINANCE LIMITED"
13575999,advisers,ampcapitaladvisory-com,"AMP CAPITAL ADVISORY LIMITED"
15302769,advisers,anesiadvisors-com,"ANESI ADVISORS LTD"
04021604,advisers,apma-co-uk,"JEREMY KITCHIN PRACTICE M & A LTD"
OC413815,advisers,ardeapartners-com,"ARDEA PARTNERS INTERNATIONAL LLP"
OC331603,advisers,argyllpartners-co-uk,"ARGYLL ADVISORY LLP"
OC307424,advisers,armapartners-com,"ARMA PARTNERS LLP"
OC415608,advisers,armstrongwatson-co-uk,"ARMSTRONG WATSON LLP"
OC359508,advisers,arnoldhill-co-uk,"ARNOLD HILL & CO LLP"
04979767,advisers,ascendant-co-uk,"ASCENDANT LIMITED"
SC680776,advisers,asgcommercial-co-uk,"ASG COMMERCIAL LIMITED"
OC358031,advisers,ashcombeadvisers-com,"ASHCOMBE ADVISERS LLP"
04038367,advisers,assaycf-com,"ASSAY CORPORATE FINANCE LIMITED"
08414792,advisers,assyntcf-co-uk,"ASSYNT CORPORATE FINANCE LIMITED"
13668736,advisers,atomicconsultancy-com,"ATOMIC CONSULTANCY LTD"
OC459184,advisers,attaincf-co-uk,"ATTAIN CORPORATE FINANCE LLP"
04399945,advisers,augustaco-com,"AUGUSTA & CO LIMITED"
06714851,advisers,auxilium-advisory-com,"AUXILIUM ADVISORY LIMITED"
16733308,advisers,averoadvisory-com,"AVERO ADVISORY LTD"
06938460,advisers,avondale-co-uk,"AVONDALE CORPORATE LIMITED"
05764337,advisers,axispartnership-co-uk,"AXIS PARTNERSHIP UK LIMITED"
10016621,advisers,axxeltrova-com,"AXXELTROVA LIMITED"
06945835,advisers,ballardevans-com,"BALLARD EVANS CORPORATE FINANCE LIMITED"
OC302548,advisers,ballardsllp-com,"BALLARDS LLP"
07155076,advisers,bamburghcapital-com,"BAMBURGH CAPITAL LIMITED"
10681007,advisers,barrons-cf-com,"BARRONS CORPORATE FINANCE LIMITED"
OC361828,advisers,batesweston-co-uk,"BATES WESTON LLP"
03311393,advisers,beaumontcornish-com,"BEAUMONT CORNISH LIMITED"
07293436,advisers,beavismorgan-com,"BEAVIS MORGAN AUDIT LIMITED"
05120043,advisers,begbies-traynorgroup-com,"BTG CONSULTING PLC"
NI045273,advisers,beltrae-com,"BELTRAE PARTNERS LIMITED"
04103867,advisers,bennettbrooks-co-uk,"BENNETT BROOKS GROUP LIMITED"
03615526,advisers,berkshireglobal-com,"BERKSHIRE GLOBAL ADVISORS LTD"
03614819,advisers,bettesworths-co-uk,"BETTESWORTHS LTD"
16309480,advisers,bevanbuckland-co-uk,"BEVAN BUCKLAND LTD"
07869428,advisers,bishopfleming-co-uk,"BISHOP FLEMING AUDIT LIMITED"
01339383,advisers,bishopsgatecf-co-uk,"BISHOPSGATE CORPORATE FINANCE LIMITED"
09701168,advisers,bkplus-co-uk,"BK PLUS LIMITED"
11942968,advisers,blackdown-com,"BLACKDOWN PARTNERS LIMITED"
06648404,advisers,blacksbrokers-com,"BUSINESS TRANSFER GROUP LTD"
11696816,advisers,blacksquareadvisory-com,"BLACKSQUARE ADVISORY LIMITED"
10238654,advisers,blickrothenberg-com,"BLICK ROTHENBERG LIMITED"
07927253,advisers,blueboxcfg-com,"BLUEBOX CORPORATE FINANCE LIMITED"
16501534,advisers,bmhcf-co-uk,"BMH CORPORATE FINANCE LTD"
10477924,advisers,bod-wales,"BARFORD OWEN DAVIES LIMITED"
05126460,advisers,bowspritpartners-com,"BOWSPRIT PARTNERS LIMITED"
07346147,advisers,boxington-com,"BOXINGTON CORPORATE FINANCE LIMITED"
11484543,advisers,breezecf-co-uk,"BREEZE CORPORATE FINANCE LIMITED"
11558349,advisers,bristolbusinessbrokers-co-uk,"BRISTOL BUSINESS BROKERS LIMITED"
04800143,advisers,brodersenco-com,"BRODERSEN  & CO. LTD"
10916906,advisers,brownbutler-com,"BROWN BUTLER LIMITED"
16263705,advisers,burgesshodgson-co-uk,"BURGESS HODGSON LIMITED"
04459291,advisers,business-partnership-com,"BUSINESS PARTNERSHIP (MANAGEMENT) LIMITED"
OC351689,advisers,cairnfin-com,"CAIRN FINANCIAL ADVISERS LLP"
12892010,advisers,caldeycorporatefinance-co-uk,"CALDEY CORPORATE FINANCE LIMITED"
08090914,advisers,camleegroup-com,"THE CAMLEE GROUP LIMITED"
10492955,advisers,candourcf-com,"CANDOUR CORPORATE FINANCE LIMITED"
13533869,advisers,capitala-co,"CAPITAL A GROUP LTD"
16662070,advisers,capitalandtrust-com,"CAPITAL AND TRUST LIMITED"
10500129,advisers,capitalexits-co-uk,"CAPITAL EXITS INTERNATIONAL LIMITED"
11954914,advisers,carboncf-com,"CARBON CORPORATE FINANCE LIMITED"
10122093,advisers,carlsquare-com-carlsquare-in-the-united-kingdom,"CARLSQUARE LTD"
02360917,advisers,carpenterbox-com,"CARPENTER BOX LIMITED"
06261112,advisers,castlecf-com,"CASTLE CORPORATE FINANCE LIMITED"
06856469,advisers,castlesquarecf-co-uk,"CASTLE SQUARE CORPORATE FINANCE LIMITED"
07523682,advisers,cattaneo-co-uk,"CATTANEO CORPORATE FINANCE SOLUTIONS LIMITED"
08540045,advisers,cavucf-com,"CAVU CORPORATE FINANCE LIMITED"
OC345806,advisers,centerviewpartners-com,"CENTERVIEW PARTNERS UK LLP"
04623420,advisers,chantrycorporatefinance-uk,"CHANTRY CORPORATE FINANCE LIMITED"
12071550,advisers,chapterscapital-co-uk,"CHAPTERS CAPITAL LIMITED"
07921993,advisers,chelseacorporate-com,"CHELSEA CORPORATE LIMITED"
SO303744,advisers,chiene-co-uk,"CHIENE + TAIT LLP"
07243195,advisers,ciesco-com,"CIESCO LTD"
OC333278,advisers,city-westminster-com,"CITY & WESTMINSTER CORPORATE FINANCE LLP"
05455129,advisers,citybusinessbrokers-co-uk,"CITY BUSINESS BROKERS LIMITED"
09098428,advisers,clairfield-com-clairfield-in-the-uk,"CLAIRFIELD LIMITED"
12247839,advisers,clarendonsquareadvisory-co-uk,"CLARENDON SQUARE ADVISORY LIMITED"
07883858,advisers,cleantechcapitaladvisors-com,"CLEANTECH CAPITAL ADVISORS LIMITED"
11031447,advisers,clevelandscott-co-uk,"CLEVELAND SCOTT LIMITED"
OC445935,advisers,cncorporatefinance-co-uk,"CN STRATEGIC ADVISORS LLP"
OC439710,advisers,coadax-com,"COADAX LLP"
08590869,advisers,cofina-co-uk,"COFINA CORPORATE FINANCE LIMITED"
09415193,advisers,cogencycf-com,"CO-GENCY CORPORATE FINANCE LIMITED"
15921542,advisers,cogito-partners-com,"COGITO PARTNERS LIMITED"
16907516,advisers,cole-group-co-uk,"COLE ASSOCIATES LIMITED"
05842662,advisers,collingwood-group,"COLLINGWOOD ADVISORY LTD"
12201648,advisers,connectcf-com,"CONNECT CORPORATE FINANCE LTD"
11930752,advisers,consultingmanda-co-uk,"CONSULTING M AND A LIMITED"
14189636,advisers,continuum-partners,"CONTINUUM ADVISORY PARTNERS LIMITED"
15492366,advisers,convexcf-com,"CONVEX CORPORATE FINANCE LIMITED"
02811619,advisers,corbettkeeling-com,"CORBETT KEELING LIMITED"
OC389207,advisers,cornerstone-cf-co-uk,"CORNERSTONE CORPORATE FINANCE LLP"
SC359542,advisers,cornerstoneba-co-uk,"CORNERSTONE BUSINESS AGENTS LIMITED"
06173554,advisers,corporatemergers-co-uk,"CORPORATE MERGERS LIMITED"
02403038,advisers,corporatemoneymatters-co-uk,"CORPORATE MONEY MATTERS LTD"
12878863,advisers,cortusadvisory-co-uk,"CORTUS ADVISORY GROUP LIMITED"
08547401,advisers,cottonsgroup-com,"COTTONS GROUP LIMITED"
SC091302,advisers,craigcorporate-com,"CRAIG CORPORATE LIMITED"
09245227,advisers,crasnercapital-com,"CRASNER CAPITAL LIMITED"
09105576,advisers,crescentcf-com,"CRESCENT CORPORATE FINANCE LIMITED"
11312267,advisers,cygnumcapital-com,"CYGNUM CAPITAL GROUP LIMITED"
07375855,advisers,d5capital-com,"D5 CAPITAL (UK) LIMITED"
OC327595,advisers,dafferns-com,"DAFFERNS LLP"
06827646,advisers,daimagister-com,"DAI MAGISTER LIMITED"
13775282,advisers,dains-com,"DAINS ACCOUNTANTS LIMITED"
12242324,advisers,dcadvisory-com,"DC ADVISORY HOLDINGS LIMITED"
04298345,advisers,dcdwek-com,"DC DWEK CORPORATE FINANCE LIMITED"
02133696,advisers,dcl-co-uk,"DAVIS COFFER LYONS LIMITED"
08065687,advisers,deanst-co-uk,"DEAN STREET ADVISERS LIMITED"
05228068,advisers,debretts-com-advisory,"DEBRETT'S LIMITED"
OC303675,advisers,deloitte-com,"DELOITTE LLP"
07308179,advisers,dentalpracticesales-co-uk,"LILY HEAD DENTAL PRACTICE SALES LIMITED"
13741064,advisers,dexteritypartners-co-uk,"DEXTERITY PARTNERS LIMITED"
13871316,advisers,djh-co-uk,"DJH HOLDING GROUP LIMITED"
17313387,advisers,dnscorporateadvisory-co-uk,"DNS CORPORATE ADVISORY LTD"
OC383253,advisers,domiuscapitaladvisors-com,"DOMIUS CAPITAL ADVISORS LLP"
02474423,advisers,dowgatecapital-co-uk,"DOWGATE CAPITAL LIMITED"
11545835,advisers,draperhinks-com,"DRAPER HINKS LIMITED"
15724528,advisers,dsg-co-uk,"DSG ACCOUNTANCY AND PROFESSIONAL SERVICES LIMITED"
04544710,advisers,duncantoplis-co-uk,"DUNCAN & TOPLIS AUDIT LIMITED"
12035989,advisers,dyerbaade-com,"DYER BAADE & COMPANY LIMITED"
04746482,advisers,dykeyaxley-co-uk,"DYKE YAXLEY LIMITED"
11791669,advisers,eclipsecf-com,"ECLIPSE CORPORATE FINANCE LIMITED"
06038327,advisers,edencf-com,"EDEN CORPORATE FINANCE LIMITED"
05065592,advisers,edwardsaccountants-co-uk,"EDWARDS ACCOUNTANTS (MIDLANDS) LIMITED"
17261822,advisers,edwardsbusinesssales-co-uk,"EDWARDS BUSINESS SALES LIMITED"
04461166,advisers,ejgeorge-co-uk,"ERNEST J. GEORGE AND COMPANY LIMITED"
06352975,advisers,elephants-child-co-uk,"ELEPHANTS CHILD ADVISORY LIMITED"
OC319580,advisers,ellacotts-co-uk,"ELLACOTTS LLP"
02349412,advisers,emcltd-co-uk,"EMC CORPORATE FINANCE LIMITED"
08219102,advisers,entrepreneurshub-co-uk,"ENTREPRENEURS HUB LIMITED"
03882864,advisers,envoi-co-uk,"ENVOI LIMITED"
10362906,advisers,equiteq-com,"EQUITEQ ADVISORS LIMITED"
03071112,advisers,ernest-wilson-co-uk,"ERNEST WILSONS & CO LIMITED"
04024104,advisers,europapartners-com,"EUROPA PARTNERS LIMITED"
13406769,advisers,evolvecf-co-uk,"EVOLVE CORPORATE FINANCE LIMITED"
16517297,advisers,exitstrategyconsultants-co-uk,"EXIT STRATEGY CONSULTANTS LIMITED"
07330168,advisers,fawcuscorporate-com,"FAWCUS CORPORATE LIMITED"
09477399,advisers,fcf-ltd,"FORD CAMPBELL FREEDMAN LIMITED"
OC306074,advisers,fenchurchadvisory-com,"FENCHURCH ADVISORY PARTNERS LLP"
16601980,advisers,fianderetl-co-uk,"FIANDER ETL LIMITED"
12631992,advisers,firebirdpartnership-com,"THE FIREBIRD PARTNERSHIP LIMITED"
05932178,advisers,firstpeninsulamarine-co-uk,"FIRST PENINSULA CORPORATION LIMITED"
08370127,advisers,forrester-boyd-co-uk,"FORRESTER BOYD LIMITED"
OC308299,advisers,forvismazars-com,"FORVIS MAZARS LLP"
10623340,advisers,forwardcf-co-uk,"FORWARD CORPORATE FINANCE LIMITED"
03526521,advisers,foulgerunderwood-com,"FOULGER UNDERWOOD ASSOCIATES LIMITED"
17101238,advisers,fox-davies-com,"FOX-DAVIES CAPITAL LTD"
06197058,advisers,franchisebusinessbrokers-co-uk,"CHANTRY GROUP (U.K.) LIMITED"
16439888,advisers,frasercf-com,"FRASER CORPORATE FINANCE LIMITED"
07117249,advisers,frazerhall-com,"FRAZER HALL LIMITED"
15192194,advisers,freightconnect-co-uk,"FREIGHT CONNECT LTD"
12315862,advisers,frpadvisory-com,"FRP ADVISORY GROUP PLC"
NI726474,advisers,garmaadvisory-com,"GARMA ADVISORY LIMITED"
13560635,advisers,gemcf-co-uk,"GEM CORPORATE FINANCE LIMITED"
OC435604,advisers,geraldedelman-com,"GERALD EDELMAN LLP"
OC307522,advisers,globalleisurepartners-com,"GLOBAL LEISURE PARTNERS LLP"
OC313156,advisers,goodmanjones-com,"GOODMAN JONES LLP"
14055567,advisers,goodwinsbrokers-co-uk,"GOODWINS BUSINESS BROKERS LTD"
OC352636,advisers,gpbullhound-com,"GP BULLHOUND LLP"
16405014,advisers,graycorporatefinance-co-uk,"GRAY CORPORATE FINANCE LIMITED"
12990147,advisers,greencap-partners-co-uk,"GREENCAP PARTNERS LIMITED"
15413364,advisers,greenoakadvisory-com,"GREENOAK ADVISORY LIMITED"
09006099,advisers,gunnerandco-com,"GUNNER & CO LTD"
SO303198,advisers,hall-morrice-co-uk,"HALL MORRICE LLP"
12065530,advisers,hamlyns-com,"HAMLYNS LIMITED"
10530444,advisers,hanloncorporateadvisory-co-uk,"HANLON CORPORATE ADVISORY LTD"
15468999,advisers,harrisacquire-com,"HARRIS ACQUIRE LTD"
09010079,advisers,harrisonspence-co-uk,"HARRISON SPENCE LIMITED"
07793896,advisers,hartagents-com,"HART & CO (COMMERCIAL) LIMITED"
OC369448,advisers,haslers-com,"HASLERS LLP"
02645865,advisers,hawsons-co-uk,"HAWSONS LIMITED"
15820193,advisers,haysmac-com,"HAYSMACINTYRE LIMITED"
OC311817,advisers,hazlewoods-co-uk,"HAZLEWOODS LLP"
NI617889,advisers,hca-group-hca-corporate-finance,"HCA CHARTERED ACCOUNTANTS LTD"
11837155,advisers,healthcareplusconsulting-co-uk,"HEALTHCARE PLUS CONSULTING LTD"
OC414143,advisers,helionpartners-com,"HELION PARTNERS LLP"
NC000515,advisers,hillvellacott-com,"HILL VELLACOTT LLP"
07514489,advisers,hiltonsmythe-com,"HILTON SMYTHE LIMITED"
04593960,advisers,hinesassociates-com,"HINES ASSOCIATES LTD."
SO301630,advisers,hlca-co-uk,"HENDERSON LOGGIE LLP"
NI617641,advisers,hnhpartners-co-uk,"HNH PARTNERS LIMITED"
14213154,advisers,horizontas-co-uk,"HORIZONTAS LIMITED"
01002676,advisers,humberstones-co-uk,"HUMBERSTONES (BUSINESS SALES) LIMITED"
02218208,advisers,huntergeeholroyd-co-uk,"HUNTER GEE HOLROYD LIMITED"
03714426,advisers,iconcorpfin-com,"ICON CORPORATE FINANCE LIMITED"
09101952,advisers,idcm-eu,"IDCM LIMITED"
10778007,advisers,ifa-acquisitions-co-uk,"IFA ACQUISITIONS LTD"
16615083,advisers,infinitycf-co-uk,"INFINITY CORPORATE FINANCE LIMITED"
09169281,advisers,integritasadvisory-co-uk,"INTEGRITAS ADVISORY LIMITED"
13225134,advisers,interpath-com,"INTERPATH LTD"
15889256,advisers,iscaventures-co-uk,"ISCA VENTURES LIMITED"
OC341068,advisers,jamescowperkreston-co-uk,"JAMES COWPER LLP"
OC308682,advisers,jamiesoncf-com,"JAMIESON CORPORATE FINANCE LLP"
01978621,advisers,jefferies-com,"JEFFERIES INTERNATIONAL LIMITED"
11459888,advisers,jerroms-co-uk,"JERROMS MORTGAGE & FINANCE LTD"
SO303232,advisers,johnstoncarmichael-com,"JOHNSTON CARMICHAEL LLP"
03579241,advisers,jwraccountants-co-uk,"JOHNSTON WOOD ROACH LIMITED"
06102618,advisers,k3dealadvisory-com,"K3 ADVISORY GROUP LIMITED"
04141555,advisers,kbscorporate-com,"KBS CORPORATE SALES LIMITED"
01704303,advisers,keystonecf-com,"KEYSTONE BUSINESS ADVISERS LIMITED"
OC357140,advisers,kinetixcf-com,"KINETIX CORPORATE FINANCE LLP"
07118109,advisers,kingscott-dix-co-uk,"KINGSCOTT DIX LIMITED"
11642200,advisers,kingsworth-co-uk,"KINGSWORTH CORPORATE FINANCE LIMITED"
03456766,advisers,kinmontadvisory-co-uk,"KINMONT LIMITED"
OC354936,advisers,kirkrice-co-uk,"KIRK RICE LLP"
16052190,advisers,kiteadvisory-com,"KITE ADVISORY LIMITED"
08924297,advisers,knightsbridgeplc-com,"KNIGHTSBRIDGE BUSINESS SALES LIMITED"
07257545,advisers,knightslowe-co-uk,"KNIGHTS LOWE LIMITED"
OC328775,advisers,krestonreeves-com,"KRESTON REEVES LLP"
OC328593,advisers,lambert-chapman-co-uk,"LAMBERT CHAPMAN LLP"
07015840,advisers,langricks-com,"LANGRICKS LIMITED"
OC419486,advisers,larking-gowen-co-uk,"LARKING GOWEN LLP"
06786436,advisers,lasallecorporate-com,"LA SALLE CORPORATE INTERNATIONAL LIMITED"
12866595,advisers,lavaadvisory-com,"LAVA ADVISORY PARTNERS LIMITED"
07969563,advisers,leithma-co-uk,"LEITH MERGERS & ACQUISITIONS LIMITED"
09820186,advisers,leonardcurtis-co-uk,"LEONARD CURTIS LEGAL LIMITED"
12711287,advisers,lesliejamesacquisitions-com,"LESLIE JAMES ACQUISITIONS LTD"
15138985,advisers,letscogogo-com,"COGOGO LIMITED"
12327242,advisers,linkstoneadvisory-com,"LINK STONE ADVISORY LIMITED"
OC301233,advisers,lithgow-perkins-co-uk,"LITHGOW PERKINS LLP"
10872350,advisers,logros-co-uk,"LOGROS LTD"
11011596,advisers,longspur-com,"LONGSPUR CAPITAL LIMITED"
OC310826,advisers,lubbockfine-co-uk,"LUBBOCK FINE WEALTH MANAGEMENT LLP"
05113980,advisers,lucasweston-com,"LUCAS & WESTON LIMITED"
15181090,advisers,luxcap-partners-com,"LUXCAP PARTNERS LTD"
09890481,advisers,mayfieldmerger-com,"MAYFIELD MERGER STRATEGIES LIMITED"
04673347,advisers,mcfcorpfin-com,"MCF LIMITED"
OC423429,advisers,mdwcapital-co-uk,"MDW CAPITAL PARTNERS LLP"
OC336077,advisers,menzies-co-uk,"MENZIES LLP"
11721705,advisers,mergers-co-uk,"EXIT PARTNERS LIMITED"
09340384,advisers,meridiancf-com,"MERIDIAN CORPORATE FINANCE LIMITED"
10599444,advisers,merlincf-com,"MERLIN CORPORATE FINANCE LIMITED"
03766866,advisers,metacorporatefinance-co-uk,"META CORPORATE FINANCE LIMITED"
14251025,advisers,milestoneadvisory-co-uk,"MILESTONE ADVISORY LIMITED"
OC373087,advisers,miller-commercial-co-uk,"MILLER COMMERCIAL LLP"
OC329479,advisers,milstedlangdon-co-uk,"MILSTED LANGDON LLP"
OC311180,advisers,momentumcf-com,"MOMENTUM CORPORATE FINANCE LLP"
07694501,advisers,mooreks-co-uk,"MOORE KINGSTON SMITH FINANCIAL ADVISERS LIMITED"
12024050,advisers,mortonchristie-co-uk,"MORTON CHRISTIE LTD"
OC458452,advisers,motionadvisorypartners-com,"MOTION ADVISORY PARTNERS LLP"
05740090,advisers,myerslaroche-co-uk,"MYERS LA ROCHE LIMITED"
00621763,advisers,nationwidebusinesses-co-uk,"NATIONWIDE BUSINESSES LIMITED"
OC456267,advisers,nelsonadvisors-co-uk,"NELSON ADVISORS LLP"
OC450315,advisers,newcapsolutions-com,"NEWBROOK CAPITAL SOLUTIONS LLP"
11782714,advisers,ngacare-co-uk,"NICHOLAS GREAVES ASSOCIATES LTD"
09774814,advisers,nicholsonscharteredaccountants-co-uk,"NICHOLSONS ACCOUNTANTS LIMITED"
NI671631,advisers,njbcorporatefinance-com,"NJB CORPORATE FINANCE LTD"
SC420569,advisers,nobleandcompany-com,"NOBLE & COMPANY (UK) LIMITED"
08360208,advisers,novitasftcl-com,"NOVITASFTCL LIMITED"
OC369646,advisers,oakvalecapital-com,"OAKVALE CAPITAL LLP"
02336331,advisers,oasiseurope-com,"OASIS EUROPE LIMITED"
02198303,advisers,oberoninvestments-com,"OBERON INVESTMENTS LIMITED"
OC344257,advisers,oghmapartners-com,"OGHMA PARTNERS LLP"
15554069,advisers,ondra-com,"ONDRA UK LIMITED"
17307850,advisers,onwardadvisory-co-uk,"ONWARD ADVISORY LIMITED"
03068464,advisers,optivasecurities-com,"OPTIVA SECURITIES LIMITED"
OC324433,advisers,opuscf-com,"OPUS CORPORATE FINANCE LLP"
14390912,advisers,ovationcf-com,"OVATION CORPORATE FINANCE LIMITED"
13971855,advisers,owenfroebel-co-uk,"OWEN FROEBEL LIMITED"
04915201,advisers,panmureliberum-com,"PANMURE LIBERUM LIMITED"
14295596,advisers,parkhillcf-com,"PARKHILL CORPORATE FINANCE LIMITED"
07533129,advisers,parsons-co-uk,"PARSONS ACCOUNTANTS LTD"
05743909,advisers,paviourpropertyservices-co-uk,"PAVIOUR PROPERTY SERVICES LIMITED"
11167550,advisers,pcbpartners-co-uk,"PCB ADVISORY LIMITED"
OC357088,advisers,peelhunt-com,"PEEL HUNT LLP"
OC302288,advisers,pemcf-com,"PEM CORPORATE FINANCE LLP"
03419584,advisers,pharmaventures-com,"PHARMAVENTURES LTD"
09384165,advisers,pinpointadvisory-co-uk,"PINPOINT ADVISORY LIMITED"
03846990,advisers,pipersandler-com-consumer-european-consumer-investment-banking,"PIPER SANDLER LTD."
OC342572,advisers,pkf-l-com,"PKF LITTLEJOHN LLP"
03661915,advisers,pmm-co-uk,"PM+M LTD"
OC318902,advisers,polestarcf-com,"POLESTAR CF LLP"
09299372,advisers,ppcf-co-uk,"PARK PLACE CORPORATE FINANCE LIMITED"
12773994,advisers,practicesales-co-uk,"PRACTICE SALES LTD"
07826585,advisers,premiercf-co-uk,"PREMIER M & A SERVICES LTD"
07519905,advisers,princelet-com,"PRINCELET PARTNERS LIMITED"
04825898,advisers,prismcorporatebroking-com,"PRISM CORPORATE BROKING LIMITED"
16177616,advisers,pura-advisory-com,"PURA ADVISORY LIMITED"
07844621,advisers,qatalyst-com,"QATALYST PARTNERS LIMITED"
SO304024,advisers,qmpf-co-uk,"QMPF LLP"
12743937,advisers,quantuma-com,"QUANTUMA ADVISORY LIMITED"
SC352260,advisers,questcorporate-com,"QUEST CORPORATE LIMITED"
06036364,advisers,r-m-t-co-uk,"RMT ACCOUNTANTS & BUSINESS ADVISORS LTD"
NI640311,advisers,radiuscf-com,"RADIUS CORPORATE FINANCE LIMITED"
OC345710,advisers,randall-payne-co-uk,"RANDALL & PAYNE LLP"
10022767,advisers,recruitmentmergers-com,"RECRUITMENT MERGERS LIMITED"
12997316,advisers,regalbusinesssales-co-uk,"REGAL BUSINESS SALES LTD"
04322187,advisers,resolution-partners-co-uk,"RESOLUTION PARTNERS LIMITED"
03977303,advisers,richmondcapitalpartners-com,"RICHMOND CAPITAL PARTNERS LIMITED"
01104142,advisers,rickittmitchell-com,"RICKITT MITCHELL & PARTNERS LIMITED"
10129513,advisers,rightbusiness-co-uk,"RIGHT BUSINESS LIMITED"
06988866,advisers,rivertimecf-co-uk,"RIVERTIME CORPORATE FINANCE LIMITED"
05395046,advisers,robson-laidler-co-uk,"ROBSON LAIDLER FINANCIAL PLANNING LIMITED"
00925279,advisers,rothschildandco-com,"N. M. ROTHSCHILD & SONS LIMITED"
13748352,advisers,roydene-com,"ROYDENE PARTNERS LIMITED"
OC375705,advisers,rpgcrouchchapman-co-uk,"RPG CROUCH CHAPMAN LLP"
08162894,advisers,rplmergers-com,"RPL MERGERS LIMITED"
11856492,advisers,rvecf-com,"RVE CORPORATE FINANCE LIMITED"
OC415438,advisers,saffery-com,"SAFFERY LLP"
06407856,advisers,sapiencap-com,"SAPIEN CAPITAL LIMITED"
01220421,advisers,selling-business-co-uk,"DIVERCO LIMITED"
OC371208,advisers,sentiopartners-co-uk,"SENTIO PARTNERS LLP"
OC411948,advisers,sequenceadvisers-co-uk,"SEQUENCE ADVISERS LLP"
OC360394,advisers,shardcapital-com,"SHARD CAPITAL PARTNERS LLP"
12388530,advisers,shawcorporatefinance-com,"SHAW & CO GROUP LTD"
02362635,advisers,sidneyphillips-co-uk,"SIDNEY PHILLIPS LIMITED"
07707508,advisers,siglobal-com,"STRATA GLOBAL LIMITED"
04635673,advisers,signiacorporatefinance-co-uk,"SIGNIA CORPORATE FINANCE LIMITED"
OC352993,advisers,simpkinsedwards-co-uk,"SIMPKINS EDWARDS LLP"
07997006,advisers,singercm-com,"SINGER CAPITAL MARKETS LIMITED"
10724168,advisers,smailesgoldie-co-uk,"SMAILES GOLDIE GROUP LIMITED"
SC448396,advisers,smithandclough-com,"SMITH & CLOUGH LIMITED"
OC357682,advisers,smithsquarepartners-com,"SMITH SQUARE PARTNERS LLP"
14652716,advisers,sobellrhodes-co-uk,"SOBELL RHODES AUDIT LIMITED"
17320026,advisers,soloncorporate-com,"SOLON CORPORATE FINANCE LTD"
OC317049,advisers,spangel-co-uk,"S.P. ANGEL CORPORATE FINANCE LLP"
03191370,advisers,sparkadvisorypartners-com,"SPARK ADVISORY PARTNERS LIMITED"
09500191,advisers,spaynelindsay-com,"SPAYNE LINDSAY & CO LTD"
OC315704,advisers,spencerhousepartners-com,"SPENCER HOUSE PARTNERS LLP"
08039658,advisers,spinnaker-cf-co-uk,"SPINNAKER CORPORATE FINANCE LIMITED"
10626655,advisers,srcadvisory-com,"SRC ADVISORY LIMITED"
12674619,advisers,starlingcorporate-com,"STARLING CORPORATE LIMITED"
17201807,advisers,sterlingcf-com,"STERLING CORPORATE FINANCE LTD"
16063270,advisers,stonewardcapital-com,"STONEWARD CAPITAL LTD"
02780169,advisers,strandhanson-co-uk,"STRAND HANSON LIMITED"
10654790,advisers,strategic-business-exits-com,"STRATEGIC BUSINESS EXITS LIMITED"
05112871,advisers,strategiccorporatefinance-co-uk,"STRATEGIC CORPORATE FINANCE TRANSACTIONS LIMITED"
17353561,advisers,sunsetcapital-co-uk,"SUNSET CAPITAL PARTNERS UK LIMITED"
11778649,advisers,symmetrycf-net,"SYMMETRY CORPORATE FINANCE LTD"
OC412104,advisers,tamesispartners-com,"TAMESIS PARTNERS LLP"
12540554,advisers,tatsupartners-com,"TATSU PARTNERS LIMITED"
11251664,advisers,tc-group-com,"TC GROUP HOLDINGS LIMITED"
17193778,advisers,tennysonsecurities-co-uk,"TENNYSON SECURITIES LTD"
14930733,advisers,tgadvisory-co-uk,"TG ADVISORY LIMITED"
16051332,advisers,thedentalbrokers-co-uk,"THE DENTAL BROKERS LTD"
07097026,advisers,thenonexecutive-com,"THENONEXEC LIMITED"
SC376245,advisers,therestaurantagency-com,"THE RESTAURANT AGENCY LIMITED"
13967094,advisers,thglobalcapital-com,"TH GLOBAL CAPITAL LTD"
OC311705,advisers,thorntonspringer-co-uk,"THORNTON SPRINGER LLP"
04039591,advisers,torchpartners-com,"TORCH PARTNERS CORPORATE FINANCE LIMITED"
10060263,advisers,transcendcorporate-com,"TRANSCEND CORPORATE LIMITED"
05393017,advisers,traveltradeconsultancy-co-uk,"TRAVEL TRADE CONSULTANCY LIMITED"
04001724,advisers,trevallycapitaladvisers-co-uk,"TREVALLY CAPITAL ADVISERS LTD"
16196023,advisers,turaadvisory-com,"TURA ADVISORY LTD"
09506196,advisers,turnerpope-com,"TURNER POPE INVESTMENTS (TPI) LTD"
09638616,advisers,tworlduk-com,"TRANSWORLD BUSINESS ADVISORS UK LIMITED"
OC327359,advisers,twpaccounting-co-uk,"TWP ACCOUNTING LLP"
15199008,advisers,unifycf-com,"UNIFY CORPORATE FINANCE LIMITED"
OC301800,advisers,unw-co-uk,"UNW LLP"
05412202,advisers,uscita-co-uk,"USCITA SOLUTIONS LTD"
13038633,advisers,venturecorporatefinance-com,"VENTURE CORPORATE FINANCE LIMITED"
09999455,advisers,verdierandco-com,"VERDIER & CO. LIMITED"
08401046,advisers,veritas-sales-co-uk,"VERITAS BUSINESS SALES LTD"
09026388,advisers,vetdynamics-co-uk,"VET DYNAMICS (UK) LIMITED"
09017264,advisers,viridiancf-co-uk,"VIRIDIAN CORPORATE FINANCE LIMITED"
02405923,advisers,vsacapital-com,"VSA CAPITAL LIMITED"
12769933,advisers,watersheds-ltd-uk,"WATERSHEDS PARTNERS LIMITED"
08941252,advisers,waypointpartners-co-uk,"WAYPOINT PARTNERS LIMITED"
06620295,advisers,wealthholdings-co-uk,"WEALTH HOLDINGS LTD"
09088224,advisers,wearefds-com,"FDS DIRECTOR SERVICES LIMITED"
04529986,advisers,westhillcapital-co-uk,"WEST HILL CORPORATE FINANCE LIMITED"
10788335,advisers,weybrookbusinessbrokers-com,"WEYBROOK BUSINESS BROKERS LIMITED"
07935765,advisers,wheawill-co-uk,"WHEAWILL & SUDWORTH LIMITED"
02002044,advisers,whirelandplc-com,"W H IRELAND LIMITED"
08912743,advisers,whitleystimpson-co-uk,"WHITLEY STIMPSON LIMITED"
05210891,advisers,wilson-partners-co-uk,"WILSON PARTNERS LIMITED"
09256701,advisers,wypartners-com,"WY PARTNERS LIMITED"
11354408,advisers,xeinadin-com,"XEINADIN GROUP LIMITED"
OC384054,advisers,xrcf-eu,"CROSSROADS CORPORATE FINANCE (UK) LLP"
09111051,advisers,zaouico-com,"ZAOUI & CO LTD"
04417845,advisers,zeuscapital-co-uk,"ZEUS CAPITAL LIMITED"
OC312960,candidates,,"BTG CORPORATE FINANCE LLP"
04441046,candidates,,"KINGSBRIDGE CAPITAL ADVISORS LIMITED"
02251240,candidates,,"KINGSWOOD CORPORATE FINANCE LIMITED"
SC157026,candidates,,"M & A BRITTON CONSULTING LTD"
05267646,candidates,,"M & A OPTICAL LTD"
LP002753,candidates,,"M & A SMITH"
03601426,candidates,,"MERCHANT PLACE CORPORATE FINANCE LIMITED"
04323384,candidates,,"MIREST CAPITAL ADVISORS LIMITED"
LP004556,candidates,,"MURRAY JOHNSTONE PRIVATE ACQUISITIONS PARTNERSHIP I 'B'"
LP004360,candidates,,"MURRAY JOHNSTONE PRIVATE ACQUISITIONS PARTNERSHIP I `A'"
FC027485,candidates,,"NCB CORPORATE FINANCE LIMITED"
05257246,candidates,,"PAMPLONA CAPITAL ADVISORS LTD"
05641351,candidates,,"PD PORTS ACQUISITIONS (UK) LIMITED"
SC229098,candidates,,"VIA PROPERTY & ACQUISITIONS LTD."
NF003540,candidates,,"NCB CORPORATE FINANCE LTD"
05441795,candidates,,"DEVON COMPLEX CAPITAL ADVISORS LTD"
14689942,candidates,,"XCELSIOR CAPITAL ADVISORS LIMITED"
SC460346,candidates,,"AM CORPORATE FINANCE LIMITED"
SC467587,candidates,,"HARLAW ACQUISITIONS LIMITED"
16333114,candidates,,"M & A HOUSE REPAIR LTD"
16709747,candidates,,"WHITE ROSE ACQUISITIONS LTD"
07290268,candidates,,"M&A CONSULTANCY LTD"
11045758,candidates,,"OCELOT CORPORATE FINANCE LIMITED"
SC849398,candidates,,"M&A PROPERTY SOLUTIONS LTD"
12800379,candidates,,"WALLIS ACQUISITIONS LTD"
10846691,candidates,,"M & A @ WILLOW PARK LTD"
12498837,candidates,,"PSP ACQUISITIONS 1 LTD"
08144560,candidates,,"COLLINS M&A LIMITED"
09078092,candidates,,"BOING ACQUISITIONS LIMITED"
16349824,candidates,,"HIVE CAPITAL ADVISORY LIMITED"
15934849,candidates,,"JM CAPITAL ADVISORS LTD"
06256356,candidates,,"M & A FINANCE LTD"
14525993,candidates,,"M&A ADVISORY SERVICES LIMITED"
11014288,candidates,,"M&A PROPERTY MANAGEMENT LTD"
10740570,candidates,,"PJ & CP ACQUISITIONS LIMITED"
16888567,candidates,,"PROPERTIES ACQUISITIONS LIMITED"
13668339,candidates,,"SANDS CAPITAL ADVISORS - UK LTD."
17320289,candidates,,"TOGETHER M&A LTD"
SC897941,candidates,,"M&A TURKISH BARBERS LTD"
16204104,candidates,,"M&A DECORATING LTD"
14978555,candidates,,"SWAKELEYS ACQUISITIONS LTD"
16026655,candidates,,"M&A VENTURES PVT LTD"
11679984,candidates,,"M&A LOGISTICS LTD"
08748278,candidates,,"I.M.A CORPORATE FINANCE LIMITED"
NI063328,candidates,,"M & A DEVELOPMENTS IRELAND LTD"
13383524,candidates,,"SKG ACQUISITIONS LIMITED"
09171268,candidates,,"M & A TRANSPORT SERVICES 2008 LTD"
10888523,candidates,,"BCL ACQUISITIONS LTD"
04686276,candidates,,"CULLAND CAPITAL ADVISORS LIMITED"
10292396,candidates,,"M & P ACQUISITIONS LIMITED"
12652736,candidates,,"IMPACT CAPITAL ADVISORS LTD"
02335345,candidates,,"ANGLO AMALGAMATIONS AND ACQUISITIONS LIMITED"
13866649,candidates,,"BTR ACQUISITIONS LTD"
14163235,candidates,,"M&A ELECTRICAL SERVICES LTD"
17315763,candidates,,"M&A PROPERTY SERVICES AND MANAGEMENT LTD"
09143226,candidates,,"MD BUSINESS SALES LIMITED"
13124894,candidates,,"LIVERPOOL STREET CAPITAL ADVISORS LTD"
04062983,candidates,,"M&A RESEARCH SERVICES LTD"
16053548,candidates,,"M&A TRADAX LIMITED"
08183678,candidates,,"MONTSERRAT CAPITAL ADVISORS LIMITED"
16966457,candidates,,"M&A TECHNICAL LTD"
13410138,candidates,,"M & A NORFOLK HOLDINGS LTD"
13412047,candidates,,"M & A NORFOLK INVESTMENTS LTD"
11271300,candidates,,"M & A NORFOLK LTD"
FC031507,candidates,,"TRAFALGAR CAPITAL ADVISORS II, INC."
15150785,candidates,,"M&A SPEDITION LTD"
06562414,candidates,,"ZENON TRANSACTION SERVICES LIMITED"
17325275,candidates,,"M & A DESIGN & BUILD LTD"
08705998,candidates,,"OP ACQUISITIONS LIMITED"
NI719315,candidates,,"SCANBOX ACQUISITIONS LIMITED"
NI683741,candidates,,"SESSIA ACQUISITIONS LTD"
NI699429,candidates,,"SS CAPITAL ADVISORY LIMITED"
12861956,candidates,,"CHATHAM ACQUISITIONS LIMITED"
11719940,candidates,,"THE WHITE CLEANING COMPANY M&A LTD"
NI726444,candidates,,"NI BUSINESS SALES LTD"
04422259,candidates,,"A.C.S. ACQUISITIONS LIMITED"
15863638,candidates,,"ELITE WEALTH CAPITAL ADVISORS LTD"
15183488,candidates,,"M & A WHOLESALE LTD"
14018667,candidates,,"KNIGHTSBRIDGE ACQUISITIONS LIMITED"
14765364,candidates,,"BAY CAPITAL ADVISORY LIMITED"
13853612,candidates,,"DIAMOND ACQUISITIONS HOLDINGS LIMITED"
12454825,candidates,,"M AND  A PROPERTY LETTINGS LTD"
11239184,candidates,,"M&A FOSTER LTD"
17396859,candidates,,"RAVIVAR ACQUISITIONS LTD"
16328673,candidates,,"M & A CIVILS LTD"
06734814,candidates,,"M & A MECHANICAL SERVICES LTD"
17145728,candidates,,"M&A CONTRACTS LTD"
16588709,candidates,,"REP ACQUISITIONS LTD"
17487310,candidates,,"BELLEVER CAPITAL ADVISORS LTD"
11416013,candidates,,"CROSSMAN ACQUISITIONS LTD"
14738298,candidates,,"JELLICOE M&A LIMITED"
16262883,candidates,,"KLP ACQUISITIONS LIMITED"
15855281,candidates,,"M&A TREADING LIMITED"
08242939,candidates,,"PROTEUS BUSINESS SALES & CONSULTING LTD"
04303561,candidates,,"SPENCER PARTNERS CORPORATE FINANCE LIMITED"
05783697,candidates,,"THOMPSON ACQUISITIONS LIMITED"
16592488,candidates,,"WILTON ACQUISITIONS LTD"
05114694,candidates,,"BARBICAN CORPORATE FINANCE LIMITED"
16481042,candidates,,"AQUARIUS ACQUISITIONS LTD"
10325655,candidates,,"WHITECROFT CAPITAL ADVISERS LIMITED"
OC456296,candidates,,"DR PARRY CORPORATE ADVISORY LLP"
16840845,candidates,,"INFINITY PROPERTY ACQUISITIONS LTD"
09503665,candidates,,"KIEMERA CORPORATE FINANCE LIMITED"
11613218,candidates,,"M&A DESTINATION LTD"
13992103,candidates,,"TURNER BUTLER BUSINESS SALES LIMITED"
16700659,candidates,,"VIZION CORPORATE FINANCE LTD"
NI734827,candidates,,"CIPCHURCH ACQUISITIONS LIMITED"
NI725578,candidates,,"CORDOVAN ACQUISITIONS II LIMITED"
NI721920,candidates,,"FERIEN ACQUISITIONS HOLDINGS LIMITED"
NI625754,candidates,,"FORESTSIDE ACQUISITIONS LIMITED"
NI611343,candidates,,"KEENAN CORPORATE FINANCE LIMITED"
NI654780,candidates,,"LECALE CORPORATE FINANCE & RESTRUCTURING LIMITED"
NI626925,candidates,,"LECALE CORPORATE FINANCE LIMITED"
NI728994,candidates,,"M & A  VISION LTD"
NI675887,candidates,,"M&A CAR WASH LTD"
NI737906,candidates,,"M&A COOL POINT LTD"
NI637713,candidates,,"OE ACQUISITIONS"
NI685034,candidates,,"RAVEN CORPORATE FINANCE LTD"
NI644683,candidates,,"ROCKPOOL ACQUISITIONS PLC"
NI676422,candidates,,"UPSTREAM CORPORATE FINANCE LTD"
15728242,candidates,,"M & A TRATTORIA LIMITED"
17375544,candidates,,"RHI PROPERTIES INVESTMENT & ACQUISITIONS LIMITED"
FC041229,candidates,,"HAMILTON CORPORATE FINANCE"
12389771,candidates,,"C & C ACQUISITIONS LTD"
17342140,candidates,,"JAX ACQUISITIONS LTD"
11292036,candidates,,"S&G PROPERTY ACQUISITIONS LTD"
15206911,candidates,,"BEAUFORT ACQUISITIONS LTD"
03823453,candidates,,"EUROPEAN M&A LIMITED"
SC032334,candidates,,"A.M. & A. CALDER FARMS LIMITED"
02262928,candidates,,"FORRESTER BOYD CORPORATE FINANCE LIMITED"
11183589,candidates,,"M&A PROPERTY SERVICES (YORKSHIRE) LTD"
16879737,candidates,,"WYNTER ACQUISITIONS LTD"
OC446709,candidates,,"ACUITY CORPORATE ADVISORY LLP"
03312719,candidates,,"CORPORATE FINANCE U.K. LIMITED"
14238354,candidates,,"ADS ACQUISITIONS LTD"
14849702,candidates,,"KIKI ACQUISITIONS LIMITED"
17457210,candidates,,"MASON FINE ACQUISITIONS LTD"
11671410,candidates,,"CONNAUGHT CAPITAL ADVISORS LIMITED"
06001767,candidates,,"M & A INSTALLATIONS LIMITED"
14172359,candidates,,"PIERCE & PIERCE MERGERS AND ACQUISITIONS LTD"
15184993,candidates,,"BUSINESS SALES DEVELOPMENT SOLUTIONS LTD"
15650475,candidates,,"M&A ENGINEERING AND PLANNING LIMITED"
13042521,candidates,,"FENELEY ACQUISITIONS LTD"
09117328,candidates,,"KBO ACQUISITIONS LTD"
02693671,candidates,,"M & A CONSULTING LIMITED"
07088565,candidates,,"JAGO CORPORATE FINANCE LIMITED"
13816630,candidates,,"JOHN GAVIN BUSINESS SALES LTD"
06282949,candidates,,"ENERGY ACQUISITIONS UK LIMITED"
08580878,candidates,,"BLUE CORPORATE ADVISORY SERVICES LIMITED"
16398272,candidates,,"A&M JURISCONSULT AND CORPORATE ADVISORS LTD"
12048090,candidates,,"AGR ACQUISITIONS LTD"
17418188,candidates,,"AMA PROPERTY ACQUISITIONS LTD"
14368713,candidates,,"ATLAS ACQUISITIONS GROUP LTD"
07056364,candidates,,"BLUE SQUARE ACQUISITIONS LIMITED"
OC311299,candidates,,"CLEARWATER CORPORATE FINANCE LLP"
16771561,candidates,,"EMPRESS ACQUISITIONS LTD"
17126627,candidates,,"FIVES PROPERTY AND ACQUISITIONS LTD"
15570578,candidates,,"FUTURE STACK ACQUISITIONS LTD"
13043989,candidates,,"GEORGIOU ACQUISITIONS LIMITED"
17293949,candidates,,"GI ACQUISITIONS LTD"
OC400609,candidates,,"HELIGAN CORPORATE FINANCE LLP"
15473278,candidates,,"HUSSAIN ASSET ACQUISITIONS LTD"
14769951,candidates,,"JIVA CAPITAL ADVISORS LIMITED"
17198216,candidates,,"LUSSO ACQUISITIONS LTD"
10751081,candidates,,"M & A BUSINESS TRANSACTIONS LIMITED"
13430720,candidates,,"M & A GROUNDWORKS LTD"
15855890,candidates,,"M & A HOMES DIVISON LIMITED"
06694799,candidates,,"M & A PROPERTIES (UK) LIMITED"
13997581,candidates,,"M & A PROPERTY MANAGEMENT (WM) LIMITED"
12374685,candidates,,"M&A CATERING OSWESTRY LTD"
16557945,candidates,,"M&A MIDLANDS HOUSING LIMTED LIMITED"
16868982,candidates,,"M&A PROPERTY MAINTENANCE LTD"
14206885,candidates,,"M&A REPORT SOLUTIONS LIMITED"
17334443,candidates,,"M&A VEHICLE SOLUTIONS LTD"
15427245,candidates,,"MARKTLINK MIDLANDS (UK) M&A LTD"
16186807,candidates,,"MM3 ACQUISITIONS LIMITED"
17080780,candidates,,"MMIS PROPERTY ACQUISITIONS LIMITED"
16355039,candidates,,"ODYSSEY CORPORATE FINANCE LTD"
15548165,candidates,,"PATRIA ACQUISITIONS LIMITED"
06522985,candidates,,"RAILINVEST ACQUISITIONS LIMITED"
17388589,candidates,,"SHALOM PROPERTY ACQUISITIONS LTD"
17304799,candidates,,"SKYLINE ACQUISITIONS LIMITED"
13333328,candidates,,"UK INVESTMENTS & ACQUISITIONS LIMITED"
06495423,candidates,,"WHITE SWAN ACQUISITIONS LTD"
15970144,candidates,,"ETHER ACQUISITIONS LIMITED"
14936241,candidates,,"RAIDER ACQUISITIONS LTD"
14007255,candidates,,"AUGMENT CORPORATE FINANCE LIMITED"
16004103,candidates,,"BTB ACQUISITIONS LTD"
17070606,candidates,,"M&A EDUCATION SERVICES LTD"
14010692,candidates,,"M&A VENTURES LTD"
14839708,candidates,,"M & A FACILITIES MANAGEMENT LTD"
12334134,candidates,,"M & A PHARMA LTD"
16176022,candidates,,"M & A PROPERTIES (NW) LTD"
13517467,candidates,,"ORCHARD ACQUISITIONS LTD"
05969217,candidates,,"PIERCE CORPORATE FINANCE LTD"
03661920,candidates,,"PM&M CORPORATE FINANCE LIMITED"
16998281,candidates,,"PMM CORPORATE FINANCE LIMITED"
16923859,candidates,,"SS ACQUISITIONS LTD"
17091945,candidates,,"CRJ ACQUISITIONS LTD"
16857134,candidates,,"M & A VEHICLES LTD"
09199267,candidates,,"M&A LERIGO (ELECTRICAL) LIMITED"
10846322,candidates,,"OFF PISTE ACQUISITIONS LIMITED"
08091967,candidates,,"P & R ACQUISITIONS LIMITED"
SC872931,candidates,,"M&A FENCING LTD"
16888852,candidates,,"RP CAPITAL ADVISORS LTD"
FC037167,candidates,,"DEVA CAPITAL ADVISORY COMPANY, S.L.U."
17262577,candidates,,"M & A H ASSOCIATE LTD"
05385657,candidates,,"M&A RAILTRAINING LIMITED"
15460385,candidates,,"APOLLO ACQUISITIONS LTD"
16745173,candidates,,"CORDOVAN ACQUISITIONS III LIMITED"
03983624,candidates,,"COWGILLS CORPORATE FINANCE LIMITED"
13596857,candidates,,"COWGILLS TRANSACTION SERVICES LIMITED"
15196245,candidates,,"FINOVA CORPORATE FINANCE LIMITED"
15524475,candidates,,"HALSALL ACQUISITIONS LIMITED"
16204261,candidates,,"JAG ACQUISITIONS LIMITED"
13305987,candidates,,"K3 BUSINESS SALES ADVISORY GROUP LIMITED"
11164985,candidates,,"K3 DEAL ADVISORY CAPITAL MARKETS LIMITED"
08924449,candidates,,"KBS CORPORATE FINANCE LIMITED"
10303934,candidates,,"M & A CERAMICS LIMITED"
14243623,candidates,,"M&A TOMLIN CONSULTING LTD"
17279018,candidates,,"MATRIX DESIGN AND ACQUISITIONS LIMITED"
16972966,candidates,,"TRUE GROUND ACQUISITIONS LIMITED"
15449368,candidates,,"RLM PROPERTY ACQUISITIONS LIMITED"
06428194,candidates,,"FOREST HEALTHCARE ACQUISITIONS LIMITED"
SC419593,candidates,,"ROCHESTER ACQUISITIONS LTD"
03127101,candidates,,"RICHARDSON CAPITAL ADVISORY LIMITED"
14859324,candidates,,"CAUSEWAY ACQUISITIONS LTD"
12663513,candidates,,"EDGEWATER ACQUISITIONS LTD"
15054665,candidates,,"ESA PROPERTY ACQUISITIONS LIMITED"
12565171,candidates,,"KRS ACQUISITIONS LTD"
09849493,candidates,,"M&A DORSET SERVICES LTD"
15493747,candidates,,"MACEMADE ACQUISITIONS LIMITED"
04261068,candidates,,"OUTLINE ACQUISITIONS LIMITED"
08784713,candidates,,"UK CORPORATE ADVISORY LTD"
16368274,candidates,,"VERTEX CAPITAL ADVISORY LIMITED"
OC314714,candidates,,"EKISTICS CAPITAL ADVISORS LLP"
05319521,candidates,,"HONEYWELL ACQUISITIONS LIMITED"
09121780,candidates,,"M& A KNIGHT CONSULTANTS LIMITED"
14801343,candidates,,"MOORE ACQUISITIONS LTD"
17252697,candidates,,"TAGG ACQUISITIONS LIMITED"
17125511,candidates,,"TWO CRANES PROPERTY ACQUISITIONS LIMITED"
16236651,candidates,,"M&A FORECOURTS LTD"
17459108,candidates,,"M&A PHARMACARE LTD"
17273789,candidates,,"SPRING PROPERTY ACQUISITIONS LTD"
15508660,candidates,,"TRINITY BUSINESS SALES LTD"
12117785,candidates,,"VEGA ACQUISITIONS LTD"
12555199,candidates,,"INDUSTRIAL MERGERS & ACQUISITIONS LTD"
15988005,candidates,,"JACANA CAPITAL ADVISORY LIMITED"
05304139,candidates,,"M & A DIGBY LIMITED"
10688505,candidates,,"PRIME CORPORATE ADVISORY LIMITED"
14712368,candidates,,"PREMIER MODULAR GROUP ACQUISITIONS LIMITED"
11921568,candidates,,"ACID JAZZ ACQUISITIONS LTD"
07099357,candidates,,"BLUEPRINT ACQUISITIONS LIMITED"
14923456,candidates,,"GREENHOUSE ACQUISITIONS LIMITED"
15709859,candidates,,"M&A NOUR LTD"
07788834,candidates,,"ONE AVENUE ACQUISITIONS LIMITED"
12337820,candidates,,"ASPEN WAITE CORPORATE FINANCE LIMITED"
07653178,candidates,,"HARRISON LEISURE ACQUISITIONS LIMITED"
11406073,candidates,,"GLOBAL ART ACQUISITIONS AND INVESTMENTS LTD"
04496831,candidates,,"AURIVAS ACQUISITIONS LIMITED"
14945317,candidates,,"CONNECT PROPERTY ACQUISITIONS LTD"
07130552,candidates,,"JPM (ACQUISITIONS) LIMITED"
08766082,candidates,,"M & A ROBERTS LTD"
08399633,candidates,,"ADONIS ACQUISITIONS LTD"
06997273,candidates,,"AION CORPORATE FINANCE LIMITED"
00384105,candidates,,"BELLAMYS (M & A) LIMITED"
11993490,candidates,,"C A ACQUISITIONS LIMITED"
13914252,candidates,,"COPPELIAN CAPITAL ADVISORS LIMITED"
17083022,candidates,,"M&A LOCAL LIMITED"
16063250,candidates,,"MANTON ACQUISITIONS LTD"
17034119,candidates,,"NEXUS CAPITAL ADVISORY LTD"
10076870,candidates,,"ABT CORPORATE FINANCE LIMITED"
13546440,candidates,,"ACQUISITIONS OF JMT LTD"
05766985,candidates,,"ALPHA ACQUISITIONS (UK) LIMITED"
16496148,candidates,,"BRISTOL ACQUISITIONS LTD"
08013310,candidates,,"CLIFTON DOWN CORPORATE FINANCE LIMITED"
07323239,candidates,,"GATES ACQUISITIONS LIMITED"
12490588,candidates,,"GEBO ACQUISITIONS LIMITED"
09454130,candidates,,"GHH ACQUISITIONS LTD"
09454127,candidates,,"GHH ACQUISITIONS MIDCO LTD"
06357988,candidates,,"GREYS ACQUISITIONS LIMITED"
OC439425,candidates,,"HARBOURSIDE CORPORATE FINANCE LLP"
07618630,candidates,,"LNP CORPORATE FINANCE (UK) LTD"
07166994,candidates,,"M & A COMMERCIALS (BRISTOL) LIMITED"
12881657,candidates,,"M&A ADVISORS LIMITED"
16654566,candidates,,"M&A PROFESSIONAL CONSULTING LTD"
OC332997,candidates,,"M3 CORPORATE FINANCE LLP"
04253110,candidates,,"PAUL HARPER (M&A) LIMITED"
15826094,candidates,,"PLATONISM M&A LIMITED"
17450526,candidates,,"RAMSAY & WHITE CORPORATE FINANCE LTD"
04535050,candidates,,"SOUTHERN CORPORATE FINANCE LIMITED"
11282948,candidates,,"WILTON CAPITAL ADVISERS LTD"
08394899,candidates,,"INSPIRED ACQUISITIONS LIMITED"
15422364,candidates,,"TRT HR M&A LTD"
16317025,candidates,,"INTEGRATED ACQUISITIONS & BUSINESS BUREAU LTD"
16617356,candidates,,"M&A BUILD LTD"
05363468,candidates,,"M&A FORTUNES LTD"
16728340,candidates,,"M&A STUDIO LIMITED"
12647328,candidates,,"OM CAPITAL ADVISORY LTD"
07006818,candidates,,"AFH ACQUISITIONS LIMITED"
15815329,candidates,,"SPERRY CORPORATE ADVISORS LTD"
16268662,candidates,,"N & N LAND ACQUISITIONS LTD"
14631857,candidates,,"LOKI ACQUISITIONS LIMITED"
14631838,candidates,,"ODIN ACQUISITIONS LIMITED"
14702693,candidates,,"THOR ACQUISITIONS LIMITED"
13714244,candidates,,"ASG ACQUISITIONS LIMITED"
02743815,candidates,,"CAPITAL CORPORATE FINANCE LIMITED"
11172608,candidates,,"TIQ UK ACQUISITIONS LIMITED"
17404706,candidates,,"GRANVILLE ACQUISITIONS LIMITED"
16790093,candidates,,"IAZ ACQUISITIONS LIMITED"
15238806,candidates,,"M&A PRO PROPERTY LTD"
08901017,candidates,,"PARTNERSHIP CAPITAL ADVISORS LIMITED"
11927328,candidates,,"BESPOKE M&A LTD"
17460124,candidates,,"GAMING ACQUISITIONS (FINANCING) 1 LIMITED"
17459168,candidates,,"GAMING ACQUISITIONS (FINANCING) LIMITED"
07120910,candidates,,"GAMING ACQUISITIONS LIMITED"
12543588,candidates,,"CANTAB PROPERTY ACQUISITIONS LTD"
15465131,candidates,,"DIGITAL CURRENCY ACQUISITIONS LTD"
17426801,candidates,,"GEMINI PROPERTY ACQUISITIONS LIMITED"
08383574,candidates,,"READS ACQUISITIONS LTD"
14609029,candidates,,"ACL ACQUISITIONS LTD"
16789801,candidates,,"ARM ACQUISITIONS LTD"
10079990,candidates,,"AXIS CORPORATE MERGERS LIMITED"
16238652,candidates,,"CAMBRIDGE LAND ACQUISITIONS LTD"
15237903,candidates,,"CHURCHGATE ACQUISITIONS LIMITED"
17465027,candidates,,"LIBERTY PROPERTY ACQUISITIONS LTD"
16738665,candidates,,"PATEL ACQUISITIONS LIMITED"
17457539,candidates,,"WRIGHT AND CO ACQUISITIONS LTD"
09704159,candidates,,"A M & A CONSULTING LIMITED"
15790453,candidates,,"M&A NEWS AGENTS LTD"
16888965,candidates,,"STERLING M & A LTD"
16776684,candidates,,"M&A SWEET TREATS LTD"
03269935,candidates,,"M & A ACCOUNTANCY LIMITED"
04163176,candidates,,"CORPORATE FINANCE SOLUTIONS LIMITED"
17257545,candidates,,"M&A AUTOMOBILES LIMITED"
10807610,candidates,,"TRITON ACQUISITIONS LTD"
14718221,candidates,,"PSH ACQUISITIONS LTD"
09204824,candidates,,"RIO CAPITAL ADVISERS LTD"
13227246,candidates,,"ALBION ACQUISITIONS LIMITED"
07046876,candidates,,"SHILLING MERGERS LIMITED"
16483621,candidates,,"K&R ACQUISITIONS LTD"
16463668,candidates,,"TOP BOY ACQUISITIONS LTD"
17097259,candidates,,"TRIPPLE M & A PROPERTY LTD"
16768755,candidates,,"A & D ACQUISITIONS LIMITED"
17220522,candidates,,"AGA ACQUISITIONS LTD"
11049348,candidates,,"ANDERSON SHAW CORPORATE FINANCE LIMITED"
11454287,candidates,,"ARC CORPORATE FINANCE BROKERS LTD"
12289852,candidates,,"CARDIFF ACQUISITIONS LTD"
06999950,candidates,,"CURIA CORPORATE FINANCE LIMITED"
15253713,candidates,,"DNA ACQUISITIONS LTD"
11600506,candidates,,"FURAT ACQUISITIONS LTD"
10741779,candidates,,"JP ACQUISITIONS LIMITED"
16455763,candidates,,"KJAG ACQUISITIONS LTD"
17034243,candidates,,"M&A CREATIVE COURIERS LTD"
16741877,candidates,,"M&A MOTORS CARDIFF LTD"
15595514,candidates,,"M&A UNIVERSAL CONSTRUCTION LTD"
12455708,candidates,,"RCA CORPORATE FINANCE LIMITED"
11602588,candidates,,"SILVER FOX ACQUISITIONS LTD"
17145717,candidates,,"SUNRISE DIRECT ACQUISITIONS LTD"
16648152,candidates,,"VENUE ACQUISITIONS LTD"
05594619,candidates,,"M & A CONSERVATION & PROSTHETICS LIMITED"
13555085,candidates,,"JCR CORPORATE FINANCE LTD"
16528569,candidates,,"M&A RETAIL TRADING LIMITED"
07365943,candidates,,"OH ACQUISITIONS LIMITED"
13564171,candidates,,"NATIONWIDE BUSINESS SALES LIMITED"
09502325,candidates,,"ORION ACQUISITIONS LTD"
05696215,candidates,,"ARC ACQUISITIONS LIMITED"
17053153,candidates,,"ENERGY CAPITAL ADVISORY LTD"
15149663,candidates,,"M&A DIGITAL SOLUTIONS LTD"
14259888,candidates,,"MISTRY ACQUISITIONS LTD"
17108892,candidates,,"PITTS-WEBSTER ACQUISITIONS LIMITED"
17347200,candidates,,"EDGE NEXUS CAPITAL ADVISORS LTD"
12279441,candidates,,"M & A HOUSING LIMITED"
16629550,candidates,,"NORTH ACQUISITIONS LTD"
15313137,candidates,,"SB19 CORPORATE ADVISORS LTD"
13265743,candidates,,"URBAN ACQUISITIONS LTD"
07399720,candidates,,"WOLSEY ACQUISITIONS UK LIMITED"
14045979,candidates,,"NS PROPERTY ACQUISITIONS LIMITED"
14002563,candidates,,"ACORN ACQUISITIONS LTD"
17114848,candidates,,"BUCKDEN PARTNERS CORPORATE FINANCE LIMITED"
14573042,candidates,,"ELITE PROPERTY ACQUISITIONS LTD"
16708427,candidates,,"INNOVATION CAPITAL ADVISORY LTD"
05263386,candidates,,"M&A TRUST LIMITED"
14918321,candidates,,"SOUTHERN LAND AND ACQUISITIONS LIMITED"
15670384,candidates,,"VAMOS BUSINESS TRANSFER LTD"
16535475,candidates,,"FINPUT ACQUISITIONS LTD"
17060141,candidates,,"LUMINOR ACQUISITIONS LIMITED"
10720124,candidates,,"M & A MARKETING LIMITED"
11991739,candidates,,"M&A CLARK LTD"
15918572,candidates,,"MURRAY TAYLOR CORPORATE ADVISORY LTD"
16427172,candidates,,"R76 ACQUISITIONS LTD"
10919713,candidates,,"SJT CORPORATE FINANCE LTD"
10438902,candidates,,"UNIQUE FINDS & ACQUISITIONS LIMITED"
12807584,candidates,,"MOO ACQUISITIONS LTD"
16967602,candidates,,"VERTEX ACQUISITIONS LTD"
06286221,candidates,,"KUDOS CORPORATE FINANCE LIMITED"
11652932,candidates,,"MWH UK ACQUISITIONS LIMITED"
06899584,candidates,,"ELLIOTT PROPERTY ACQUISITIONS LIMITED"
07069918,candidates,,"HUXLEY CORPORATE FINANCE LIMITED"
14583571,candidates,,"LAVENTUS ACQUISITIONS LTD"
14175382,candidates,,"NKR ACQUISITIONS LIMITED"
10583890,candidates,,"PREMIER PROPERTY ACQUISITIONS LTD"
11307810,candidates,,"R M T ACQUISITIONS LIMITED"
15788334,candidates,,"BPS FREEHOLD ACQUISITIONS LIMITED"
15756341,candidates,,"BPS PROPERTY ACQUISITIONS LIMITED"
13043552,candidates,,"MILESTONE CORPORATE FINANCE LIMITED"
OC459304,candidates,,"ASEN CAPITAL ADVISORS LLP"
12525534,candidates,,"EVOLUTION CAPITAL ADVISORS LIMITED"
12578696,candidates,,"EVOLUTION CAPITAL M & A LIMITED"
16714236,candidates,,"HORIZON ACQUISITIONS LTD"
02704352,candidates,,"M & A MONITOR LIMITED"
14368538,candidates,,"M&A SERVICES (HAMPSHIRE) LTD"
03067032,candidates,,"MANSION ACQUISITIONS LIMITED"
06205759,candidates,,"PROPERTY ACQUISITIONS LIMITED"
12537079,candidates,,"SAGE ACQUISITIONS LIMITED"
12340564,candidates,,"SHAREHOLDER CORPORATE FINANCE LIMITED"
07419198,candidates,,"ARH ACQUISITIONS LIMITED"
08301730,candidates,,"M&A EDULEX LTD"
17099757,candidates,,"M&A PROPERTIES (SW) LIMITED"
05867050,candidates,,"QUARTZ LAND & ACQUISITIONS LTD"
16319194,candidates,,"ARJ ACQUISITIONS LIMITED"
17172466,candidates,,"HEATH CAPITAL ADVISORY LTD"
09983734,candidates,,"OPTIMUM ACQUISITIONS LIMITED"
08492451,candidates,,"ALSTON ACQUISITIONS LIMITED"
16853187,candidates,,"ESSA ACQUISITIONS & SALES LTD"
12132484,candidates,,"PEAR TREE ACQUISITIONS LIMITED"
09008074,candidates,,"UTILIGROUP ACQUISITIONS LIMITED"
07589754,candidates,,"ENERGY CAPITAL ADVISERS LTD"
16877775,candidates,,"CAERUS CORPORATE ADVISORS LIMITED"
16579466,candidates,,"M & A TOLLMAN HOLDINGS LTD"
14234126,candidates,,"STERLING ACQUISITIONS LTD"
16276007,candidates,,"RECRUITMENT INDUSTRY MERGERS & ACQUISITIONS LIMITED"
02438523,candidates,,"M & A INTERNATIONAL (EUROPE) LIMITED"
17006640,candidates,,"CORINIUM CAPITAL ADVISORY LTD"
08763159,candidates,,"WODEN CORPORATE FINANCE LIMITED"
16028327,candidates,,"C&G PROPERTY ACQUISITIONS LIMITED"
13433711,candidates,,"MATRIC PROBATE ACQUISITIONS LIMITED"
12365985,candidates,,"CRABTREE CAPITAL ADVISORY LIMITED"
01861006,candidates,,"M & A FURNITURE LIMITED"
08322408,candidates,,"19 CORPORATE FINANCE LIMITED"
14551268,candidates,,"BEACON CAPITAL ADVISORY SOLUTIONS LTD"
08519320,candidates,,"EPSOMEDICAL (ACQUISITIONS) LIMITED"
05709426,candidates,,"ENERGY CORPORATE FINANCE LIMITED"
14473454,candidates,,"ESSEX AND SUFFOLK BUSINESS SALES LIMITED"
16582961,candidates,,"JANUS CORPORATE ADVISERS LIMITED"
14571652,candidates,,"JH ACQUISITIONS LTD"
04306422,candidates,,"UHY CORPORATE FINANCE LIMITED"
NI665002,candidates,,"ENERGY ACQUISITIONS GROUP LIMITED"
07487388,candidates,,"CHRISTCHURCH CAPITAL ADVISORS LIMITED"
09167301,candidates,,"ERUDITE ACQUISITIONS LIMITED"
NI069973,candidates,,"M & A ASSOCIATES LIMITED"
16989300,candidates,,"DOUBLE M & A PROPERTIES LTD"
08008628,candidates,,"SWIFT ACQUISITIONS LIMITED"
16024039,candidates,,"1ST CHOICE PROPERTY MANAGEMENT & ACQUISITIONS LIMITED"
11511286,candidates,,"FARWAY ACQUISITIONS LTD"
10002800,candidates,,"M & A HAULAGE LIMITED"
10715817,candidates,,"M&A DOOCEY CONSTRUCTION SERVICES LIMITED"
12817483,candidates,,"M&A SAKHI CONSTRUCTION LIMITED"
11215252,candidates,,"STREET ACQUISITIONS LTD"
05952360,candidates,,"AVID & GEM ACQUISITIONS LIMITED"
15803216,candidates,,"GO CORPORATE FINANCE LTD"
03588464,candidates,,"M & A HOLDINGS LIMITED"
08986850,candidates,,"M AND A CONTRACTING LIMITED"
08152419,candidates,,"COMPLETE CORPORATE FINANCE LIMITED"
07633576,candidates,,"ENERPAC ACQUISITIONS LIMITED"
16674933,candidates,,"M & A'S EVERYTHING LTD"
17177524,candidates,,"JR GROUP ASSETS & ACQUISITIONS LTD"
OC328721,candidates,,"CORHAM CORPORATE FINANCE LLP"
04351551,candidates,,"CHOICES ACQUISITIONS LIMITED"
08609101,candidates,,"EXCEL CORPORATE FINANCE LIMITED"
15513395,candidates,,"ASCENT ACQUISITIONS CONSULTANCY LIMITED"
14927296,candidates,,"ASCENT ACQUISITIONS GROUP LTD"
09545022,candidates,,"NEWBRIDGE ACQUISITIONS LIMITED"
12636490,candidates,,"A&F CAPITAL ADVISORS LTD"
16204736,candidates,,"CAPITAL ACQUISITIONS LTD"
13004427,candidates,,"DIVINE ACQUISITIONS LTD"
14913909,candidates,,"LODGE ACQUISITIONS LTD"
10432424,candidates,,"M & A TAPPERS LIMITED"
16671469,candidates,,"M&A ACCOUNTING SERVICES LTD"
14507965,candidates,,"M&A WHOLESALE AND CATERING LTD"
14967063,candidates,,"SOS ACQUISITIONS LTD"
14719478,candidates,,"BRIDGE M&A LTD"
04268078,candidates,,"BRIDGE MERGERS & ACQUISITIONS LIMITED"
15073424,candidates,,"BAJ ACQUISITIONS LTD"
14916111,candidates,,"M & A REMOVALS AND COURIER LTD"
14725863,candidates,,"M&A CASH & CARRY LTD"
OC398077,candidates,,"DOW SCHOFIELD WATTS TRANSACTION SERVICES (LEEDS) LLP"
05510355,candidates,,"J M & A RAMSAY (CONTRACTING & PLANT HIRE) LIMITED"
16863398,candidates,,"AKDENIZ ACQUISITIONS LTD"
07863178,candidates,,"M & A (PIZZA) LIMITED"
14174900,candidates,,"M & A CARPENTRY CONTRACTORS LTD"
10680098,candidates,,"TRANSACTION SERVICES LIMITED"
16841536,candidates,,"MKW ACQUISITIONS LTD"
07018735,candidates,,"TRILOGY PROPERTY ACQUISITIONS LIMITED"
09122966,candidates,,"2 UP 2 DOWN ACQUISITIONS LIMITED"
OC402713,candidates,,"BATES WESTON CORPORATE FINANCE LLP"
06214917,candidates,,"HM CORPORATE FINANCE LIMITED"
17073598,candidates,,"HOUSING U WITH HEART ACQUISITIONS LTD"
13306142,candidates,,"JMO ACQUISITIONS LIMITED"
11269087,candidates,,"M & A PRIME ESTATES LIMITED"
10062814,candidates,,"M & A RESIDENTIAL AND COMMERCIAL LTD"
16339420,candidates,,"M&A FLOORING AND ROOFING LTD"
15963419,candidates,,"MANN ACQUISITIONS 1956 LTD"
14806954,candidates,,"MANN ACQUISITIONS LTD"
15983300,candidates,,"PM ACQUISITIONS 1994 LTD"
05310472,candidates,,"STONE ROAD CORPORATE FINANCE LIMITED"
14456063,candidates,,"TD ACQUISITIONS LIMITED"
08878240,candidates,,"SPICER PROPERTY ACQUISITIONS LIMITED"
15862720,candidates,,"M&A GRAPHICS LTD"
16187333,candidates,,"M&A KHAN LIMITED"
15735875,candidates,,"M&A PRIVATE HIRE LTD"
17200031,candidates,,"HILL COATES CAPITAL ADVISORS LTD"
10631811,candidates,,"DRAGON HOLDINGS ACQUISITIONS LTD"
13934776,candidates,,"KIDDAL ACQUISITIONS LTD"
04447032,candidates,,"M & A PAVING LIMITED"
16617344,candidates,,"M&A AUTOBODY REPAIR LTD"
17030410,candidates,,"M&A SPOTLESS SOLUTIONS LTD"
16898072,candidates,,"M&A TOTAL PROPERTIES LIMITED"
03055738,candidates,,"PROPERTY ACQUISITIONS AND MANAGEMENT LIMITED"
05056437,candidates,,"WRG ACQUISITIONS 2 LIMITED"
SL019622,candidates,,"ORIENT BUSINESS SALES L.P."
SL008155,candidates,,"PACIFIC ACQUISITIONS L.P."
06487073,candidates,,"SNR PROPERTY ACQUISITIONS LIMITED"
12509666,candidates,,"C&S PROPERTY ACQUISITIONS LIMITED"
13088280,candidates,,"PM LINKS ACQUISITIONS 2020 LIMITED"
FC037448,candidates,,"FINANCIAL & RISK TRANSACTION SERVICES IRELAND LIMITED"
16336873,candidates,,"BKM LAND & ACQUISITIONS LTD"
07678450,candidates,,"THRESHER WINE ACQUISITIONS LIMITED"
SC867484,candidates,,"M & A TAXIS LTD"
SC903126,candidates,,"M&A.D.E LTD"
NI690582,candidates,,"BLACK AND WHITE ACQUISITIONS LIMITED"
13935523,candidates,,"TH GLOBAL CAPITAL ADVISORS LIMITED"
16929938,candidates,,"ZENITH ACQUISITIONS LIMITED"
07824856,candidates,,"M & A BANKS LIMITED"
10124077,candidates,,"RUBICON CORPORATE FINANCE LIMITED"
17105579,candidates,,"TCH (ACQUISITIONS) LIMITED"
14527508,candidates,,"VK ACQUISITIONS LTD"
12099008,candidates,,"OCTANOS CAPITAL ADVISORY LTD"
08937387,candidates,,"ASSURED ACQUISITIONS LIMITED"
SC787715,candidates,,"R M & A H INTERNATIONAL LTD"
17130953,candidates,,"AUTO ACQUISITIONS LIMITED"
11415836,candidates,,"JPRW ACQUISITIONS LTD"
03084243,candidates,,"M & A PROPERTY RENTALS LIMITED"
16511868,candidates,,"M AND A PROPERTY AND BUILD LTD"
09184895,candidates,,"MAP ACQUISITIONS LIMITED"
11613363,candidates,,"PARETO CAPITAL ADVISERS LIMITED"
17363163,candidates,,"STEELE ACQUISITIONS LTD"
11048624,candidates,,"PRIME LAND ACQUISITIONS LIMITED"
16910087,candidates,,"J&R ACQUISITIONS LIMITED"
OC433636,candidates,,"IEB ESTATES & ACQUISITIONS LLP"
16615266,candidates,,"CAPITAL ADVISORY & CONSULTANCY LTD"
09638194,candidates,,"CAPITAL ADVISORY LIMITED"
08656077,candidates,,"DE VILLIERS CORPORATE ADVISORY SERVICES LIMITED"
17381820,candidates,,"KEMET CAPITAL ADVISORY LTD"
16883072,candidates,,"L&P ACQUISITIONS LTD"
12766970,candidates,,"M & A GEMS AND JEWELLERY LTD"
13953827,candidates,,"M&A BRICKWORK LTD"
16629014,candidates,,"M&A FOOD CENTRE LTD"
14706940,candidates,,"M&A INVESTMENTS LTD"
13275292,candidates,,"MIDLAND ACQUISITIONS LIMITED"
13033304,candidates,,"NITHIA CAPITAL ADVISORS LIMITED"
17341140,candidates,,"OPTIMA CORPORATE FINANCE (LONDON) LTD"
SC226975,candidates,,"AEQUITAS CORPORATE FINANCE LIMITED"
SC362121,candidates,,"AVER CORPORATE ADVISORY SERVICES LTD."
SC635878,candidates,,"DRUMHILL CAPITAL ADVISORS LTD"
SC605029,candidates,,"EAST MAINS CAPITAL ADVISORY LTD"
SC496933,candidates,,"ELLIOT CORPORATE FINANCE LTD"
SL016969,candidates,,"FIRST CAPITAL ADVISORS LP"
SL008627,candidates,,"GALAXY ACQUISITIONS L.P."
SC824626,candidates,,"GRAND NILE CAPITAL ADVISORS LTD"
SL008181,candidates,,"IMPERIAL ACQUISITIONS L.P."
SC846715,candidates,,"M & A CARS LTD"
SC181255,candidates,,"M & A RESTAURANTS LIMITED"
SL027551,candidates,,"M&A MERGERS AND ACQUISITIONS CONSULTANCY LP"
SC640247,candidates,,"MATAI CORPORATE ADVISORY LIMITED"
SC496181,candidates,,"QUEST CORPORATE FINANCE LIMITED"
SC583733,candidates,,"STORM CORPORATE FINANCE LIMITED"
SC899341,candidates,,"STRATHSPEY CORPORATE FINANCE LIMITED"
SL008348,candidates,,"WESTERN ACQUISITIONS L.P."
SL008066,candidates,,"WORLDWIDE ACQUISITIONS L.P."
10955039,candidates,,"M & A WEALTH MANAGEMENT LIMITED"
16220978,candidates,,"M&A FIRST CAPITAL LTD"
16621128,candidates,,"M&A IMMIGRATION LAW SERVICES LIMITED"
01974159,candidates,,"WREN CORPORATE FINANCE LIMITED"
16989481,candidates,,"M&A CLOTHING LTD"
15322437,candidates,,"SAMS ACQUISITIONS LTD"
17342085,candidates,,"M&A YILMAZ LTD"
16009624,candidates,,"ALVER ACQUISITIONS LTD"
13554983,candidates,,"M & A MEDICS LTD"
15341792,candidates,,"M&A MAIDENHEAD LIMITED"
06583849,candidates,,"ELT ACQUISITIONS LIMITED"
13210642,candidates,,"ESSEX PROPERTY ACQUISITIONS LIMITED"
15325554,candidates,,"ALPHA PROPERTY ACQUISITIONS LTD"
15660541,candidates,,"CONNECTUS CAPITAL ADVISORS LTD"
14899565,candidates,,"STANFORD ACQUISITIONS LTD"
09711586,candidates,,"VELOCITY CAPITAL ADVISORS LTD"
07186999,candidates,,"T L D ACQUISITIONS LIMITED"
11842508,candidates,,"NOVITAS CAPITAL ADVISORS LIMITED"
15976111,candidates,,"SCAPE ACQUISITIONS EUROPE LTD"
15548883,candidates,,"SCAPE ACQUISITIONS LTD"
05631329,candidates,,"SUNNINGDALE CORPORATE FINANCE LIMITED"
13604028,candidates,,"TC ACQUISITIONS LTD"
06384171,candidates,,"M & A PROPERTY INVESTMENTS LIMITED"
16002184,candidates,,"STERLING CORPORATE ADVISORY LTD"
05899894,candidates,,"TRIODE ACQUISITIONS UK LIMITED"
FC032075,candidates,,"BURREN CAPITAL ADVISORS LIMITED"
17328344,candidates,,"224 ACQUISITIONS LTD"
05803506,candidates,,"M & A KEMP LIMITED"
14748250,candidates,,"ACQUISITIONS ALLIANCE GROUP LTD"
04027155,candidates,,"BALFOUR CORPORATE FINANCE LIMITED"
11830576,candidates,,"ELITE DEVELOPERS ACQUISITIONS LTD"
17295421,candidates,,"HAMILTON INTERNATIONAL ACQUISITIONS LIMITED"
06276099,candidates,,"M & A CARPENTRY (SOUTHERN) LIMITED"
04908055,candidates,,"MEDIA - MERGERS LIMITED"
11439653,candidates,,"GLOBAL PROPERTY ACQUISITIONS LTD"
06056443,candidates,,"M&A DENTMET LTD"
12432383,candidates,,"SOUTH DOWNS CAPITAL ADVISORY LIMITED"
14078690,candidates,,"EMIRATES ACQUISITIONS LTD"
09288623,candidates,,"CORPORATE ACQUISITIONS AND INVESTMENTS LTD"
14104868,candidates,,"M & A ELECTRICAL LTD"
09815468,candidates,,"A ONE ACQUISITIONS LTD"
10665118,candidates,,"M & A TRANSPORT LIMITED"
12225424,candidates,,"KNIGHT JAMES ACQUISITIONS LIMITED"
07661645,candidates,,"M & A TRADING LIMITED"
17492630,candidates,,"MERIDIAN ACQUISITIONS LTD"
13858049,candidates,,"GWCT NATURAL CAPITAL ADVISORY LIMITED"
FC036729,candidates,,"HOWDEN M&A (GERMANY) GMBH"
10613616,candidates,,"JB ACQUISITIONS LIMITED"
09859455,candidates,,"SQUIRES ACQUISITIONS LTD"
15597558,candidates,,"CPY ACQUISITIONS LTD"
12926599,candidates,,"GH BUSINESS SALES LTD"
13898539,candidates,,"M&A ASHTON LTD"
14970486,candidates,,"NORTH DURHAM ACQUISITIONS LTD"
11436157,candidates,,"NORTH EAST PROPERTY ACQUISITIONS LTD"
11594106,candidates,,"T & N ACQUISITIONS LIMITED"
FC041672,candidates,,"888 ACQUISITIONS LIMITED"
10200005,candidates,,"DORSET ACQUISITIONS LTD"
16628015,candidates,,"S&D CAPITAL ADVISORY LIMITED"
SC264499,candidates,,"A D A ACQUISITIONS LIMITED"
SC903521,candidates,,"ACQUISITIONS UNICK 26 LIMITED"
SC810068,candidates,,"ARTEMIS CORPORATE ADVISORS LTD"
SC513445,candidates,,"AVIDITY GROUP ACQUISITIONS LIMITED"
SC677189,candidates,,"CENTICORE U.K. ACQUISITIONS LTD"
SC790212,candidates,,"COBRA M&A LTD"
SC720088,candidates,,"DESIGNED ACQUISITIONS LTD."
SC882870,candidates,,"ELPHIN ACQUISITIONS LTD"
SC638987,candidates,,"GNB ACQUISITIONS LIMITED"
SC567608,candidates,,"LESLIE CORPORATE FINANCE LIMITED"
SC461716,candidates,,"M & A AUTOMOTIVE (GLASGOW) LTD"
SC871984,candidates,,"M & A EXECUTIVE LTD"
SC543491,candidates,,"M & A PROPERTY & INVESTMENT LTD"
SC903254,candidates,,"M&A ALLIANCE LIMITED"
SC591733,candidates,,"M&A COMBINED LIMITED"
SC864376,candidates,,"M&A GLAZING LTD"
SC829861,candidates,,"M&A MCKEE PROPERTIES LIMITED"
SC886634,candidates,,"M&A PROPERTY (STRATHCLYDE) LTD"
SC823811,candidates,,"MMM ACQUISITIONS LTD"
SC226791,candidates,,"OGILVIE MUNRO CORPORATE FINANCE LIMITED"
SC892413,candidates,,"PRIME BUSINESS SALES UK LTD"
SC806074,candidates,,"QUANTUM AI ACQUISITIONS LTD"
SC833951,candidates,,"SG ACQUISITIONS LIMITED"
SL018026,candidates,,"TOSCA PENTA ACQUISITIONS LIMITED PARTNERSHIP"
SC796739,candidates,,"UK ACQUISITIONS LTD"
SC867578,candidates,,"VIPER ASSET ACQUISITIONS LIMITED"
SC856701,candidates,,"W&S ACQUISITIONS LTD"
SC883323,candidates,,"WM ACQUISITIONS LTD"
17344236,candidates,,"BALL ACQUISITIONS LIMITED"
12338053,candidates,,"BP ACQUISITIONS LTD"
16462147,candidates,,"EVERGREEN M&A HOLDCO LIMITED"
17316841,candidates,,"HARRIS ACQUISITIONS HOLDINGS LTD"
10052012,candidates,,"IMPERIAL CORPORATE FINANCE LIMITED"
11932253,candidates,,"M M & A INVESTMENTS LTD"
17287889,candidates,,"TRAFALGAR ACQUISITIONS LIMITED"
13237371,candidates,,"SULLIVAN BROTHERS ACQUISITIONS LIMITED"
16014315,candidates,,"ECLIPSE ACQUISITIONS LTD"
08004252,candidates,,"M & A BROWN & SONS LIMITED"
SC625619,candidates,,"M & A LANDSCAPING LIMITED"
17146314,candidates,,"COGNITIVE CAPITAL ADVISORY LTD"
16454493,candidates,,"KANDO ACQUISITIONS LTD"
12478738,candidates,,"M&A PROPERTY SERVICES LTD"
13644404,candidates,,"PROPERTY ACQUISITIONS AND INVESTMENTS LIMITED"
16569574,candidates,,"WHITECODE ACQUISITIONS LIMITED"
15349394,candidates,,"REYNOLDS ACQUISITIONS LTD"
03782117,candidates,,"SME CORPORATE FINANCE LIMITED"
07841296,candidates,,"ASCO ACQUISITIONS LIMITED"
16688201,candidates,,"WILLOWS ACQUISITIONS LIMITED"
SC573738,candidates,,"FORSA ENERGY GAS ACQUISITIONS HOLDCO 4 LIMITED"
10869547,candidates,,"KENSINGTON OAK CORPORATE FINANCE LIMITED"
05768422,candidates,,"M & A AUJLA PROPERTIES LTD"
17352313,candidates,,"DOMINIK ACQUISITIONS LTD"
09244375,candidates,,"JSK CAPITAL ADVISORS LTD"
07211099,candidates,,"POLESTAR CORPORATE FINANCE LIMITED"
07278063,candidates,,"RENAISSANCE CORPORATE FINANCE LIMITED"
13225300,candidates,,"STRANKS STRATEGIC LAND ACQUISITIONS LTD"
12471163,candidates,,"VALERE ACQUISITIONS & DISPOSALS LIMITED"
03107439,candidates,,"M & A CARE LIMITED"
17214805,candidates,,"STRATEGIC SITE ACQUISITIONS LIMITED"
16788597,candidates,,"M&A HUB LIMITED"
05052253,candidates,,"ADVENT CORPORATE FINANCE LIMITED"
16795399,candidates,,"AGBISIT ACQUISITIONS LTD"
16201648,candidates,,"COLLETT ACQUISITIONS LIMITED"
11175278,candidates,,"COUNTY PARTNERSHIPS AND ACQUISITIONS LTD"
05885285,candidates,,"M&A HAVEKIN LTD"
07192020,candidates,,"SPARROWHAWK ACQUISITIONS LIMITED"
SC508564,candidates,,"COPULA CORPORATE FINANCE LIMITED"
SC836303,candidates,,"M&A FINANCIAL GROUP LTD"
09548836,candidates,,"ALTERNATIVE CAPITAL ADVISORS LIMITED"
08865478,candidates,,"G M A CAPITAL ADVISERS LTD"
12981815,candidates,,"NIGHTINGALE CAPITAL ADVISORS (UK) LTD"
16663374,candidates,,"AJ ACQUISITIONS LIMITED"
07045885,candidates,,"ASSURED PROPERTY ACQUISITIONS LIMITED"
16519399,candidates,,"DK ACQUISITIONS LIMITED"
14121533,candidates,,"GENTLE ACQUISITIONS LIMITED"
16283344,candidates,,"J&L ACQUISITIONS LIMITED"
17040994,candidates,,"KEENAN ACQUISITIONS LIMITED"
01696919,candidates,,"KINLOCH CORPORATE FINANCE LTD"
02978328,candidates,,"LAND ACQUISITIONS LIMITED"
12497265,candidates,,"MURPHY ACQUISITIONS LIMITED"
13119838,candidates,,"PHILLIPS ACQUISITIONS LIMITED"
14620197,candidates,,"PROSPECT BUSINESS SALES LTD"
15508512,candidates,,"RJC ACQUISITIONS LTD"
02971809,candidates,,"YORKSHIRE CORPORATE FINANCE LIMITED"
10440308,candidates,,"AM ASSETS & ACQUISITIONS UK LIMITED"
05542977,candidates,,"ARMSTRONG TRANSACTION SERVICES LIMITED"
13483543,candidates,,"BAS ACQUISITIONS LTD"
13568007,candidates,,"BOXED ACQUISITIONS LIMITED"
04241272,candidates,,"CORPORATE FINANCE (LONDON) LTD"
14663736,candidates,,"DECLAN SCOTT INVESTMENTS AND ACQUISITIONS LTD"
14485538,candidates,,"KEYSTONE REAL ESTATE & ACQUISITIONS LTD"
11428324,candidates,,"M & A HAQ MANAGEMENT LIMITED"
11345811,candidates,,"M & A INTERLOCKING SERVICES LIMITED"
12950346,candidates,,"M & A INVESTMENTS LONDON LTD"
16933291,candidates,,"M & A TOURS LIMITED"
13899523,candidates,,"MEADOW VIEW ACQUISITIONS LIMITED"
10907943,candidates,,"QUANTUM PROPERTY ACQUISITIONS LTD"
15572148,candidates,,"SEQUOIA ACQUISITIONS LTD"
03057648,candidates,,"VENTURE ALLIANCE CORPORATE FINANCE LIMITED"
16594967,candidates,,"PINPOINT PROPERTY ACQUISITIONS LTD"
15470920,candidates,,"WINTERVEST CAPITAL ADVISORY LTD"
08140871,candidates,,"GILES CORPORATE FINANCE LIMITED"
03941832,candidates,,"A2VE CAPITAL ADVISORS LIMITED"
04947243,candidates,,"ARBAT CAPITAL ADVISORY SERVICES LTD"
05764183,candidates,,"CAMBRIA AUTOMOBILES ACQUISITIONS LIMITED"
08656020,candidates,,"DEUCE ACQUISITIONS LIMITED"
09102840,candidates,,"M & A JUPP LIMITED"
17192975,candidates,,"WILLIAM DOUGLAS ACQUISITIONS LIMITED"
16951993,candidates,,"OAK TREE LAND ACQUISITIONS LIMITED"
10760931,candidates,,"SUMO ACQUISITIONS LIMITED"
16561480,candidates,,"M & A FOOD & WINE LTD"
10977853,candidates,,"ONE WORLD ACQUISITIONS LTD"
06412852,candidates,,"EA WORLDWIDE ACQUISITIONS LIMITED"
10449112,candidates,,"FAIRFAX ACQUISITIONS (HAYWARDS HEATH) LIMITED"
15594901,candidates,,"FAIRFAX ACQUISITIONS (NEWICK) LIMITED"
05322193,candidates,,"FAIRFAX ACQUISITIONS LIMITED"
08651734,candidates,,"FAIRFAX LAND ACQUISITIONS LIMITED"
15684585,candidates,,"M&A AIRPORT TRANSFER LTD"
16847379,candidates,,"HMT CORPORATE FINANCE LIMITED"
13950796,candidates,,"PRIME LAND UK ACQUISITIONS LTD"
11451322,candidates,,"M&A HERTFORD LTD"
03157184,candidates,,"M & A BUILDERS LIMITED"
15534887,candidates,,"BRITISH ACQUISITIONS LTD"
11273213,candidates,,"PIPER ACQUISITIONS LIMITED"
12186237,candidates,,"ARCHER CORPORATE FINANCE LIMITED"
07255980,candidates,,"GS ACQUISITIONS LIMITED"
05388826,candidates,,"PROSPECTS LAND ACQUISITIONS LIMITED"
12276117,candidates,,"TURBO ACQUISITIONS 10 BIDCO LIMITED"
15860640,candidates,,"ROLTON ACQUISITIONS LIMITED"
13830365,candidates,,"M AND A PREMIER LIMITED"
08813328,candidates,,"ROCKFACE CAPITAL ADVISORS LTD."
15079492,candidates,,"ALYTH PROPERTY ACQUISITIONS LIMITED"
08384684,candidates,,"SHERDEL THIRNBECK ACQUISITIONS LIMITED"
17314417,candidates,,"CRESTWOOD PROPERTY ACQUISITIONS LIMITED"
16539192,candidates,,"M & A CANNA LIMITED"
16755635,candidates,,"TTT ACQUISITIONS LTD"
17487334,candidates,,"H&H PROPERTY ACQUISITIONS LTD"
NI683129,candidates,,"APG ACQUISITIONS LIMITED"
09310508,candidates,,"M&A PROPERTY VENTURES LTD"
07764714,candidates,,"CORE INVESTMENT & ACQUISITIONS LIMITED"
05467304,candidates,,"HALO CORPORATE FINANCE LIMITED"
15227991,candidates,,"HML ACQUISITIONS LIMITED"
16279085,candidates,,"JAMES BROTHERS ACQUISITIONS LIMITED"
17355163,candidates,,"TELECOM ACQUISITIONS HOLDING LIMITED"
12101755,candidates,,"TELECOM ACQUISITIONS LTD"
08123071,candidates,,"GROVE ACQUISITIONS LIMITED"
17365794,candidates,,"M&A BUILDING CONSTRUCTION LTD"
08913462,candidates,,"DEALMAKERS CORPORATE FINANCE LIMITED"
07262549,candidates,,"IVY CORPORATE FINANCE LIMITED"
16622136,candidates,,"S AND S ACQUISITIONS LIMITED"
15895133,candidates,,"HD ONE ACQUISITIONS LIMITED"
15288047,candidates,,"JNC PROPERTY ACQUISITIONS LTD"
12668295,candidates,,"M&A BARGAINSHOP LTD"
14400540,candidates,,"M&A PORTFOLIO LIMITED"
16168007,candidates,,"MOATE ACQUISITIONS LIMITED"
16554150,candidates,,"PPG ACQUISITIONS LTD"
08002183,candidates,,"JOHNSON CAPITAL ADVISORY LIMITED"
16206061,candidates,,"M&A PROPERTIES (HULL) LTD"
09180789,candidates,,"OAKLAND ACQUISITIONS LIMITED"
08247144,candidates,,"OHG ACQUISITIONS LIMITED"
10999522,candidates,,"WIZARD ACQUISITIONS LTD"
16825462,candidates,,"GOODE ACQUISITIONS LTD"
05915896,candidates,,"OSPREY ACQUISITIONS LIMITED"
15646737,candidates,,"M&A PRESTWICH UNLIMITED"
11040366,candidates,,"HOLIDAY EXTRAS ACQUISITIONS LIMITED"
10807221,candidates,,"M & A SPORTS LTD"
14325599,candidates,,"AUREUS ACQUISITIONS LTD"
10681762,candidates,,"CHAND ACQUISITIONS LTD"
14951346,candidates,,"CHURCH LANE ACQUISITIONS LIMITED"
07168671,candidates,,"CORPORATE FINANCE GLOBAL PARTNERS LIMITED"
04823013,candidates,,"CROWN ESTATE ACQUISITIONS LIMITED"
08664406,candidates,,"M & A CONSULTANTS LTD"
07047544,candidates,,"M & A DOMESTIC APPLIANCE SERVICES LIMITED"
11935407,candidates,,"M & A ESTATE INVESTMENT LIMITED"
17436350,candidates,,"M&A GROUP REALTY LTD"
10556333,candidates,,"M&A KIKI LTD"
12095626,candidates,,"M&A STEEL FIXING CIVIL LIMITED"
09968784,candidates,,"M&A STEEL FIXING LIMITED"
10683552,candidates,,"PATEL AND CHAND ACQUISITIONS LTD"
11006546,candidates,,"LIBERTY ACQUISITIONS LIMITED"
15871688,candidates,,"M & A INNS LTD"
12212325,candidates,,"HUGH JAMES ACQUISITIONS LTD"
16257216,candidates,,"DJM CORPORATE ADVISORY LTD"
07414580,candidates,,"GLOBAL MERGERS AND ACQUISITIONS LTD"
10059506,candidates,,"M & A LETTINGS LIMITED"
10842228,candidates,,"M & A PROPERTY DEVELOPMENTS LIMITED"
09697005,candidates,,"RED OAK TAVERNS ACQUISITIONS LIMITED"
16115502,candidates,,"RIVER VIEW ACQUISITIONS LTD"
16593281,candidates,,"M & A DRIVE LTD"
11208141,candidates,,"RAI PROPERTY ACQUISITIONS LIMITED"
OE035177,candidates,,"WYDDIAL ACQUISITIONS LIMITED"
16417002,candidates,,"COSY INN ACQUISITIONS LTD"
15746238,candidates,,"M&A ASSET MANAGEMENT LTD"
11112026,candidates,,"ANORD MARDIX ACQUISITIONS LIMITED"
12843514,candidates,,"ENSCO ACQUISITIONS LIMITED"
15748276,candidates,,"CHRYSALIS CAPITAL ADVISORS LIMITED"
07668298,candidates,,"COOK CAPITAL ADVISORS LIMITED"
07097476,candidates,,"POLAR REAL ESTATE CAPITAL ADVISORY LIMITED"
16145618,candidates,,"M&A TRADES LIMITED"
16104109,candidates,,"ROWAN ACQUISITIONS LIMITED"
08554910,candidates,,"M&A FORMWORK LTD."
OC344079,candidates,,"THE MGROUP CORPORATE FINANCE LLP"
16316650,candidates,,"MONKSFORD ACQUISITIONS LIMITED"
SC678077,candidates,,"M&A SCOT LTD"
SC769639,candidates,,"ROOTED ACQUISITIONS LTD"
SC890996,candidates,,"VANTAGE ACQUISITIONS LTD"
04622114,candidates,,"M & A DEVELOPMENT LTD"
15741276,candidates,,"M & A FRUIT AND VEG(KINGS LYNN) LTD"
06897575,candidates,,"LOGICAL ACQUISITIONS LTD"
12200755,candidates,,"ORMONDE CORPORATE ADVISORY LIMITED"
13336236,candidates,,"BLOCKLAND ACQUISITIONS LTD"
16505978,candidates,,"CANARY ACQUISITIONS LIMITED"
17186999,candidates,,"M&A PRECISION LASER ENGRAVING LTD"
10556679,candidates,,"MARLIN CORPORATE FINANCE LIMITED"
13436943,candidates,,"FLUID ACQUISITIONS LTD"
11671395,candidates,,"FORSA ENERGY GAS ACQUISITIONS 2 LIMITED"
11671372,candidates,,"FORSA ENERGY GAS ACQUISITIONS 3 LIMITED"
14052404,candidates,,"FORSA ENERGY GAS ACQUISITIONS 5 LIMITED"
11190531,candidates,,"FORSA ENERGY GAS ACQUISITIONS HOLDCO 1 LIMITED"
11254279,candidates,,"FORSA ENERGY GAS ACQUISITIONS HOLDCO 2 LIMITED"
11320421,candidates,,"FORSA ENERGY GAS ACQUISITIONS HOLDCO 3 LIMITED"
14061584,candidates,,"FORSA ENERGY GAS ACQUISITIONS HOLDCO 5 LIMITED"
11074191,candidates,,"FORSA ENERGY GAS ACQUISITIONS LIMITED"
SC868376,candidates,,"M&A ACCOMMODATION FIFE LTD"
13562041,candidates,,"ASHCOURT ACQUISITIONS LTD"
06969919,candidates,,"NIXON ACQUISITIONS LIMITED"
06969151,candidates,,"PHOENIX BUSINESS SALES & CONSULTING LIMITED"
16170904,candidates,,"H&G PROPERTY ACQUISITIONS LTD"
16627978,candidates,,"MELIUS ACQUISITIONS LTD"
OE029744,candidates,,"ASIAN CORPORATE ADVISERS LIMITED"
OE000855,candidates,,"BE ACQUISITIONS UK, LLC"
17019897,candidates,,"M&A PROPERTIES MANAGEMENT LTD"
OC318420,candidates,,"ARGAN CAPITAL ADVISORS LLP"
08856896,candidates,,"GAW CAPITAL ADVISORS (UK) LIMITED"
17386622,candidates,,"M AND A STAR LTD"
03997123,candidates,,"BURGIS & BULLOCK CORPORATE FINANCE LIMITED"
17349932,candidates,,"DVC PROPERTY ACQUISITIONS LTD"
OC369492,candidates,,"IGNITION CORPORATE FINANCE LLP"
13386871,candidates,,"ABADAT ACQUISITIONS LIMITED"
07023238,candidates,,"ADP PRIMARY CARE ACQUISITIONS LIMITED"
15745692,candidates,,"ANT ACQUISITIONS LTD"
13199355,candidates,,"BRUNTSFIELD ACQUISITIONS LIMITED"
17035376,candidates,,"EDEN GLOBAL ASSOCIATES M&A LTD"
09087958,candidates,,"ENERGY FINANCE AND ACQUISITIONS LIMITED"
14067813,candidates,,"FALCON CORPORATE ADVISORY LIMITED"
17092776,candidates,,"JD CORPORATE FINANCE LIMITED"
11334541,candidates,,"KNIGHT ACQUISITIONS LIMITED"
17071005,candidates,,"KP ACQUISITIONS & DEVELOPMENTS LTD"
10069300,candidates,,"LAMONT CORPORATE FINANCE LIMITED"
14523470,candidates,,"LUCA ACQUISITIONS LTD"
11407862,candidates,,"M & A CAPITAL LTD"
16420396,candidates,,"M & A CLINICAL LIMITED"
10198724,candidates,,"M & A CONSTRUCTION (LEEDS) LIMITED"
04798571,candidates,,"M & A DESIGNS LIMITED"
15028512,candidates,,"M & A FOODEXPRESS LTD"
16837594,candidates,,"M & A HEALTH LIMITED"
16535946,candidates,,"M&A 21 LIMITED"
16535298,candidates,,"M&A HEALTHCARE AND RECRUITMENT LTD"
17438441,candidates,,"M&A SPARKLE LTD"
17261191,candidates,,"M&A TAKEAWAY LTD"
16819927,candidates,,"MIRACLE ACQUISITIONS LTD"
LP005268,candidates,,"MURRAY JOHNSTONE PRIVATE ACQUISITIONS PARTNERSHIP II 'C'"
LP005269,candidates,,"MURRAY JOHNSTONE PRIVATE ACQUISITIONS PARTNERSHIP II 'D'"
LP005165,candidates,,"MURRAY JOHNSTONE PRIVATE ACQUISITIONS PARTNERSHIP II `B'"
LP005164,candidates,,"MURRAY JOHNSTONE PRIVATE ACQUISITIONS PARTNERSHIP II'A'"
16696857,candidates,,"PANDA ACQUISITIONS LTD"
16242546,candidates,,"PROPERTY ACQUISITIONS AND DISPOSALS LTD"
13786346,candidates,,"SCIENTIFIC GAMES UK ACQUISITIONS LTD"
11416684,candidates,,"STONEWEG CAPITAL ADVISERS LTD."
16967695,candidates,,"TECH ACQUISITIONS LIMITED"
11099048,candidates,,"YORK ACQUISITIONS LIMITED"
08298549,candidates,,"TOMAR CORPORATE FINANCE LIMITED"
16910371,candidates,,"ALLSTAR ACQUISITIONS LTD"
05074721,candidates,,"AURUM ACQUISITIONS LIMITED"
15109400,candidates,,"DOW SCHOFIELD WATTS CORPORATE FINANCE (MIDLANDS) LIMITED"
16188492,candidates,,"FUSION ACQUISITIONS LIMITED"
12807800,candidates,,"INTEGRITY CORPORATE FINANCE LIMITED"
16015676,candidates,,"JBH ACQUISITIONS LIMITED"
16995333,candidates,,"K. T. CORPORATE ADVISORY LTD"
12267567,candidates,,"K.J.S ACQUISITIONS LTD"
16817212,candidates,,"KINGWELL ACQUISITIONS LIMITED"
16404441,candidates,,"LUCEDA PROPERTY ACQUISITIONS LTD"
12037651,candidates,,"M & A BEAUTY SUPPLEMENTS LIMITED"
11704029,candidates,,"M & A DISTRIBUTION LTD"
16019751,candidates,,"M & A GLOBAL DISTRIBUTION LTD"
16188631,candidates,,"M AND A STORES LEICESTER LTD"
16897070,candidates,,"M&A CARRIER LTD"
10254988,candidates,,"M&A DEVELOPMENTS LEICESTER LIMITED"
17244727,candidates,,"M&A HYBRID 2026 LTD"
13904301,candidates,,"M&A HYBRID SOLUTIONS LTD"
15723664,candidates,,"M&A SEGAL ENTERPRISES LTD"
17199520,candidates,,"M&A SUPPLY LTD"
11967294,candidates,,"NEXT STEP ACQUISITIONS LIMITED"
08176308,candidates,,"PREMIER ACQUISITIONS LIMITED"
12296439,candidates,,"RA ACQUISITIONS LTD"
09478415,candidates,,"RIDGMOUNT CAPITAL ADVISORS LIMITED"
08230029,candidates,,"VISION CORPORATE FINANCE LTD"
05288962,candidates,,"M & A ESTATES (LEICESTER) LIMITED"
12248840,candidates,,"M & A COMMERCIALS LTD"
15850761,candidates,,"CG BUSINESS SALES LTD"
12744144,candidates,,"HARDEWYCK ACQUISITIONS LIMITED"
16445114,candidates,,"HUX ACQUISITIONS LTD"
14628142,candidates,,"TWENTY ONE ACQUISITIONS LIMITED"
16547748,candidates,,"QUEENSFIELD ACQUISITIONS LIMITED"
16716488,candidates,,"UNLOCK CAPITAL ADVISORY PARTNERS 1 LIMITED"
16377318,candidates,,"BRIEF 2 BUILD ACQUISITIONS LIMITED"
07879626,candidates,,"TDE ACQUISITIONS LTD"
11453885,candidates,,"ZEUS ACQUISITIONS LIMITED"
10209429,candidates,,"ACF ACQUISITIONS 11 LIMITED"
14603506,candidates,,"M&A HAMILTON CONSULTANCY LTD"
12337440,candidates,,"PRIME ACQUISITIONS LTD"
06703134,candidates,,"UNITY ACQUISITIONS LIMITED"
15508635,candidates,,"M&A SMART PROPERTY LIMITED"
NI734688,candidates,,"INTERNATIONAL CAPITAL ADVISORS LIMITED"
OC403924,candidates,,"LINTEL CAPITAL UK ADVISORS LLP"
02091488,candidates,,"OPTIMUM CORPORATE FINANCE LTD."
13850459,candidates,,"DESIGN ACQUISITIONS LTD"
06410931,candidates,,"AB CORPORATE FINANCE LTD"
15939848,candidates,,"BERBER ASSET ACQUISITIONS & DISPOSALS LTD"
14012431,candidates,,"BLUECOAT PROPERTY ACQUISITIONS LTD"
11942227,candidates,,"HEBS ACQUISITIONS LTD"
16275023,candidates,,"INSIGHTIA PROPERTY ACQUISITIONS LIMITED"
13192379,candidates,,"JK DEAL ADVISORY LTD"
13761103,candidates,,"JOHNSTONE ACQUISITIONS LTD"
07265924,candidates,,"LANGDALE ACQUISITIONS LIMITED"
11712554,candidates,,"M & A ELECTRICS LTD"
09828142,candidates,,"M & A MOTOR UK LIMITED"
04540023,candidates,,"M&A DESIGN LIMITED"
13278018,candidates,,"M&A TURKISH CONSULTANCY LTD"
15231486,candidates,,"REVIVE PROPERTY ACQUISITIONS & SALES LIMITED"
17192925,candidates,,"VERITAS ACQUISITIONS LTD"
08876860,candidates,,"WARWICK ACQUISITIONS LIMITED"
SC758852,candidates,,"M&A IT SERVICES LTD"
12254790,candidates,,"M & A CONVENIENCE STORES LIMITED"
07095498,candidates,,"PARC EMLYN ACQUISITIONS LIMITED"
13234600,candidates,,"RED DRAGON ACQUISITIONS II LIMITED"
06496514,candidates,,"RED DRAGON ACQUISITIONS LIMITED"
17202710,candidates,,"HYDRA ACQUISITIONS LTD"
SC836987,candidates,,"M&A MOTOR ENGINEERS LTD"
12922043,candidates,,"M&A  DISTRIBUTOR LTD"
12140277,candidates,,"121 CAPITAL ADVISORY LIMITED"
OC450356,candidates,,"1314 CAPITAL ADVISORS LLP"
15394664,candidates,,"1618 CAPITAL ADVISORS LTD"
14889175,candidates,,"3 DOTS CAPITAL ADVISORY LTD"
OC333116,candidates,,"36 SOUTH CAPITAL ADVISORS LLP"
OC432179,candidates,,"3I IP ACQUISITIONS GP LLP"
12668132,candidates,,"3I IP ACQUISITIONS LIMITED"
LP021114,candidates,,"3I IP ACQUISITIONS LP"
OC414502,candidates,,"3I MANAGED INFRASTRUCTURE ACQUISITIONS GP (2017) LLP"
LP024497,candidates,,"3I MANAGED INFRASTRUCTURE ACQUISITIONS II LP"
LP017690,candidates,,"3I MANAGED INFRASTRUCTURE ACQUISITIONS LP"
10748022,candidates,,"3N ACQUISITIONS LTD"
09155036,candidates,,"4I SECURITY (ACQUISITIONS) LTD"
11865507,candidates,,"A&M CAPITAL ADVISORS EUROPE HOLDINGS LIMITED"
OC419571,candidates,,"A&M CAPITAL ADVISORS EUROPE, LLP"
06473324,candidates,,"AAA ACQUISITIONS LIMITED"
16265497,candidates,,"ABINGDON GLOBAL ACQUISITIONS LIMITED"
07261691,candidates,,"ABOUT CORPORATE FINANCE LIMITED"
05839361,candidates,,"ABP ACQUISITIONS UK LIMITED"
16697564,candidates,,"ABT CAPITAL ADVISERS LTD"
11641115,candidates,,"AC ACQUISITIONS LTD"
11414046,candidates,,"ACAL CAPITAL ADVISORY LTD"
10055248,candidates,,"ACCESS CORPORATE FINANCE PARTNERS LIMITED"
10220193,candidates,,"ACORN CAPITAL ADVISERS LIMITED"
09441127,candidates,,"ACQUISITIONS & HOLDINGS LIMITED"
01413462,candidates,,"ACQUISITIONS (FIREPLACES) LIMITED"
16399376,candidates,,"ACQUISITIONS ADVISORY LIMITED"
16297741,candidates,,"ACQUISITIONS ALLIANCE HUB LTD"
10826621,candidates,,"ACQUISITIONS LTD"
13447220,candidates,,"ACRISURE RE CORPORATE ADVISORY & SOLUTIONS LIMITED"
16872201,candidates,,"ACTON CAPITAL ADVISORY LTD"
17253017,candidates,,"ADA CORPORATE ADVISORY LTD"
OC338478,candidates,,"ADAM STREET ADVISERS CORPORATE FINANCE LLP"
17242654,candidates,,"ADEBAYO ACQUISITIONS LTD"
15868962,candidates,,"ADVISANT CAPITAL ADVISORS LIMITED"
16916402,candidates,,"AEON CAPITAL ADVISORY LTD"
17480752,candidates,,"AEONAUT CAPITAL ADVISORS LTD"
08523002,candidates,,"AET CORPORATE FINANCE LTD"
17319262,candidates,,"AFF CORPORATE ADVISORY LTD"
16620149,candidates,,"AFFLUENT ACQUISITIONS LIMITED"
09996845,candidates,,"AFRICA MERCHANT CAPITAL ADVISORY LTD"
04755074,candidates,,"AG ACQUISITIONS LIMITED"
08149464,candidates,,"AGC ACQUISITIONS 1 LIMITED"
OC448126,candidates,,"AGILITAS CORPORATE FINANCE LLP"
09921210,candidates,,"AHB ACQUISITIONS LIMITED"
11394977,candidates,,"AHV CORPORATE FINANCE LIMITED"
OC458082,candidates,,"AHV LIVING CAPITAL ADVISORS LLP"
13539792,candidates,,"AIP ACQUISITIONS VII LIMITED"
OC306421,candidates,,"ALANTRA CORPORATE FINANCE LLP"
14325467,candidates,,"ALATUS CORPORATE ADVISORY LTD"
11380827,candidates,,"ALDRIDGE ACQUISITIONS LIMITED"
09090398,candidates,,"ALLEGRA ACQUISITIONS LIMITED"
13090782,candidates,,"ALLMAN ACQUISITIONS (LONDON) LIMITED"
16839812,candidates,,"ALPHA CAPITAL ADVISORY LTD"
04771859,candidates,,"ALPHABET CAPITAL ADVISORS LTD"
14509609,candidates,,"ALPINE CAPITAL ADVISORS LIMITED"
17020236,candidates,,"ALTURA CAPITAL ADVISORS LTD"
OC332080,candidates,,"ALVAREZ & MARSAL TRANSACTION ADVISORY GROUP EUROPE LLP"
10472278,candidates,,"AMIA CAPITAL ADVISORS LTD"
16141796,candidates,,"ANCHOR HUB ACQUISITIONS LTD"
OC443331,candidates,,"ANCHORAGE CAPITAL ADVISORS EUROPE LLP"
02685740,candidates,,"ANGLO & INTERNATIONAL CORPORATE FINANCE, LIMITED"
06242541,candidates,,"ANGLO CHINESE CORPORATE FINANCE, LIMITED"
15987362,candidates,,"ANGLO CORPORATE FINANCE LTD"
08617904,candidates,,"ANKOR ACQUISITIONS LIMITED"
03580990,candidates,,"ANTHEM CORPORATE FINANCE LIMITED"
OC365361,candidates,,"APPIAN CAPITAL ADVISORY LLP"
12682953,candidates,,"APY CORPORATE ADVISORY LTD"
14653006,candidates,,"AQUILAE CAPITAL ADVISORY LTD"
13751488,candidates,,"ARCH STREET CAPITAL ADVISORS LIMITED"
OC461436,candidates,,"ARCUS & CO. PRIVATE CAPITAL AND CORPORATE ADVISERS LLP"
17189105,candidates,,"ARDENT CAPITAL ADVISORY LTD"
11641067,candidates,,"ARE CAPITAL ADVISORS LIMITED"
16306150,candidates,,"ARGON CAPITAL ADVISORS LIMITED"
13588132,candidates,,"ARLINGTON CAPITAL ADVISORS LIMITED"
08340969,candidates,,"ARMA PARTNERS CORPORATE FINANCE LIMITED"
08579465,candidates,,"ARMADILLO ACQUISITIONS LIMITED"
15743297,candidates,,"ARMAH ACQUISITIONS LTD"
10979984,candidates,,"ARTA CAPITAL ADVISORY PARTNERS LIMITED"
11081809,candidates,,"ARTEMIS ACQUISITIONS (UK) LIMITED"
02338083,candidates,,"ARUP CORPORATE FINANCE LIMITED"
15726239,candidates,,"ASCENDANT ACQUISITIONS LTD"
16641615,candidates,,"ASCENT CAPITAL ADVISORY LTD"
08207408,candidates,,"ASOS TRANSACTION SERVICES LIMITED"
12470116,candidates,,"ASPEN UK ACQUISITIONS LTD"
17226185,candidates,,"ASSETS & ACQUISITIONS LIMITED"
16278560,candidates,,"ATALANTA CAPITAL ADVISORS LIMITED"
17489543,candidates,,"ATKINSON ACQUISITIONS LTD"
14394475,candidates,,"ATLANTIC CAPITAL ADVISORY LIMITED"
05763109,candidates,,"ATOMIC ACQUISITIONS LTD"
13723431,candidates,,"AURA RENEWABLE ACQUISITIONS PLC"
16352259,candidates,,"AUREM CAPITAL ADVISORS LTD"
16478420,candidates,,"AVALON ACQUISITIONS LIMITED"
17196263,candidates,,"AVENUE ACQUISITIONS LIMITED"
17063424,candidates,,"AVERION CAPITAL ADVISORY LTD"
10003824,candidates,,"AVOLTA CORPORATE FINANCE LIMITED"
06810632,candidates,,"AWARD CAPITAL ADVISORY LIMITED"
12298696,candidates,,"AXELIUM CAPITAL ADVISORY LIMITED"
09307476,candidates,,"AXIA CAPITAL ADVISORS LIMITED"
16549536,candidates,,"AXIS CAPITAL ADVISORS LIMITED"
13445172,candidates,,"AYBE CAPITAL ADVISERS LIMITED"
10309238,candidates,,"BACCHUS CAPITAL ADVISERS LIMITED"
10469940,candidates,,"BALDER CAPITAL ADVISORS LTD"
17259884,candidates,,"BANYAN CAPITAL ADVISORY LIMITED"
05076036,candidates,,"BARLEY LODGE ACQUISITIONS LIMITED"
09202892,candidates,,"BCM ACQUISITIONS LIMITED"
04049362,candidates,,"BCMG ACQUISITIONS LIMITED"
OC433367,candidates,,"BEACON CAPITAL ADVISORS LLP"
17322791,candidates,,"BEACON UK ACQUISITIONS LIMITED"
13090792,candidates,,"BEATLES ACQUISITIONS (LONDON) LIMITED"
10080286,candidates,,"BERKELEY ACQUISITIONS LIMITED"
06627052,candidates,,"BERKELEY CORPORATE FINANCE LIMITED"
10865513,candidates,,"BEYOND M&A LIMITED"
11454833,candidates,,"BIDX1 ACQUISITIONS LIMITED"
15216790,candidates,,"BISI ACQUISITIONS LTD"
17216389,candidates,,"BLACKHAWK CAPITAL ADVISORS LTD"
12065670,candidates,,"BLACKHEATH CAR PARK (M&A) LIMITED"
LP014657,candidates,,"BLACKSTONE ISOBEL ACQUISITIONS L.P."
OC455716,candidates,,"BLAKENEY CAPITAL ADVISORS LLP"
17410991,candidates,,"BLENHEIM CORPORATE FINANCE LTD"
16275949,candidates,,"BODEE ACQUISITIONS LTD"
14136200,candidates,,"BOOST CAPITAL ADVISERS LIMITED"
13526584,candidates,,"BOUNDARY ACQUISITIONS LTD"
14451794,candidates,,"BOUNDARY PROPERTY ACQUISITIONS LTD"
16885844,candidates,,"BPD CAPITAL ADVISORY LIMITED"
15419604,candidates,,"BR ACQUISITIONS LTD"
02710842,candidates,,"BRAEMAR CORPORATE FINANCE LIMITED"
12852871,candidates,,"BRAMWELL CAPITAL ADVISORS LTD"
10777048,candidates,,"BRAND EYEI CAPITAL ADVISORS LIMITED"
07576269,candidates,,"BREAD ACQUISITIONS LIMITED"
09847712,candidates,,"BREAKWATER CAPITAL ADVISORS LIMITED"
OC424089,candidates,,"BRENNAN ACQUISITIONS FOUR LLP"
06270241,candidates,,"BRETEMA CAPITAL ADVISORS LIMITED"
11059185,candidates,,"BRICKS ACQUISITIONS LIMITED"
13259256,candidates,,"BRIGHT ACQUISITIONS LIMITED"
03363245,candidates,,"BRITEL PROPERTY ACQUISITIONS LIMITED"
05464168,candidates,,"BRITISH LAND ACQUISITIONS LIMITED"
08298535,candidates,,"BSD ACQUISITIONS LIMITED"
11756608,candidates,,"BSD ACQUISITIONS LONDON LTD"
11176246,candidates,,"BSD COMMERCIAL ACQUISITIONS LIMITED"
17052886,candidates,,"BUILDERS M&A LIMITED"
12673116,candidates,,"BUZZACOTT CORPORATE FINANCE LIMITED"
13546222,candidates,,"BV ACQUISITIONS XIII AM LIMITED"
13070680,candidates,,"BV ACQUISITIONS XIII BK LIMITED"
12430938,candidates,,"BV ACQUISITIONS XIII ES LIMITED"
12444091,candidates,,"BV ACQUISITIONS XIII HW LIMITED"
13535589,candidates,,"BV ACQUISITIONS XIII IF LIMITED"
12441808,candidates,,"BV ACQUISITIONS XIII PL LIMITED"
14523257,candidates,,"BV ACQUISITIONS XIV BT LIMITED"
16365321,candidates,,"BV ACQUISITIONS XIV CT LIMITED"
14075824,candidates,,"BV ACQUISITIONS XIV DSH LIMITED"
16146226,candidates,,"BV ACQUISITIONS XIV FL LIMITED"
14525146,candidates,,"BV ACQUISITIONS XIV FM LIMITED"
14244757,candidates,,"BV ACQUISITIONS XIV PR LIMITED"
14525147,candidates,,"BV ACQUISITIONS XIV SA LIMITED"
15611943,candidates,,"BV ACQUISITIONS XIV ST LIMITED"
17344824,candidates,,"BV ACQUISITIONS XV SC LIMITED"
15773281,candidates,,"BV CAPITAL ADVISORS LTD"
16387401,candidates,,"C2 ACQUISITIONS GROUP LTD"
14710887,candidates,,"CADBURY ACQUISITIONS LIMITED"
12239364,candidates,,"CADOGAN CAPITAL ADVISORY LIMITED"
15510709,candidates,,"CAMBROOK CORPORATE ADVISORY LIMITED"
05886261,candidates,,"CANYON CAPITAL ADVISORS (EUROPE) LIMITED"
OC458178,candidates,,"CANYON CAPITAL ADVISORS (UK) LLP"
05453096,candidates,,"CAPITAL ADVISORY SERVICES LIMITED"
15541453,candidates,,"CAPITAL ADVISORY SOLUTIONS LIMITED"
13574638,candidates,,"CAPITAL AND TRUST CORPORATE FINANCE LIMITED"
15166139,candidates,,"CAPITAL DYNAMICS CORPORATE FINANCE LIMITED"
12031650,candidates,,"CAPITAL INVESTMENT & ACQUISITIONS LIMITED"
06694793,candidates,,"CAPITAL STRATEGY CORPORATE FINANCE LIMITED"
08752910,candidates,,"CARTER JONAS ACQUISITIONS LTD"
17054480,candidates,,"CASK ACQUISITIONS LTD"
10325840,candidates,,"CASTILE ACQUISITIONS LTD"
OC419244,candidates,,"CATALYST CORPORATE FINANCE (UK) LLP"
OC400623,candidates,,"CAUSEWAY CAPITAL ADVISERS LLP"
02234889,candidates,,"CAVENDISH CORPORATE FINANCE (UK) LIMITED"
OC333044,candidates,,"CAVENDISH CORPORATE FINANCE LLP"
OC454914,candidates,,"CAVENDISH CORPORATE FINANCE REGIONS LLP"
16781016,candidates,,"CCPEPF UK ACQUISITIONS 2 LIMITED"
16782583,candidates,,"CCPEPF UK ACQUISITIONS 3 LIMITED"
16471757,candidates,,"CCPEPF UK ACQUISITIONS LIMITED"
11219844,candidates,,"CELERES CAPITAL ADVISORS LIMITED"
17173992,candidates,,"CENTAUR CAPITAL ADVISORY LIMITED"
07943605,candidates,,"CENTRUS CORPORATE FINANCE LIMITED"
OC315176,candidates,,"CERBERUS EUROPEAN CAPITAL ADVISORS, LLP"
13786973,candidates,,"CF COOPER ACQUISITIONS LIMITED"
OC322712,candidates,,"CHANNEL CAPITAL ADVISORS LLP"
14637127,candidates,,"CHEERS M&A LIMITED"
14616936,candidates,,"CHELSEA ACQUISITIONS LTD"
07982733,candidates,,"CHINAR CAPITAL ADVISORS LTD"
11809752,candidates,,"CHURCHILL ACQUISITIONS LTD"
14063961,candidates,,"CIANA CAPITAL ADVISORS LIMITED"
13472132,candidates,,"CIM GROUP ACQUISITIONS (UK) LIMITED"
07297717,candidates,,"CITY ACQUISITIONS LTD"
OC459001,candidates,,"CITY TOWER CORPORATE FINANCE LLP"
07199249,candidates,,"CLARGES CAPITAL ADVISORS LIMITED"
17313651,candidates,,"CLEARBOURNE CAPITAL ADVISORY LTD"
09465855,candidates,,"CLOSERSTILL ACQUISITIONS LIMITED"
12810498,candidates,,"CLOUD CAPITAL UK ADVISORS LIMITED"
10590576,candidates,,"CLOUDREACH ACQUISITIONS LIMITED"
16994641,candidates,,"COBDEN STERLING ACQUISITIONS LTD."
13552764,candidates,,"COBHAM ULTRA ACQUISITIONS LIMITED"
15782115,candidates,,"COLLINGWOOD CORPORATE FINANCE LTD"
10537074,candidates,,"COLOMBO CAPITAL ADVISORS LTD"
13914777,candidates,,"COMMERCIAL AND CORPORATE FINANCE LTD"
13510705,candidates,,"COMMERCIAL PROPERTY ACQUISITIONS LTD"
09494512,candidates,,"CONCORD CORPORATE FINANCE LIMITED"
10527899,candidates,,"COOMBE ACQUISITIONS LTD"
16484657,candidates,,"CORPORATE ADVISORY PARTNERS LTD"
10881343,candidates,,"CORPORATE FINANCE ASSOCIATES WORLDWIDE LIMITED"
16638602,candidates,,"CORPORATE FINANCE INNOVATIONS LIMITED"
15673633,candidates,,"CORPORATE M & A LTD"
11398999,candidates,,"CORVATSCH CAPITAL ADVISORY LIMITED"
10180945,candidates,,"COTMORE CAPITAL ADVISORY LIMITED"
16873557,candidates,,"COTSWOLDS CAPITAL ADVISORS LTD"
11533884,candidates,,"CREATIVE M&A LTD"
08555902,candidates,,"CREDIT CAPITAL ADVISORY LTD"
16470227,candidates,,"CREF4 UK RAGDALE ACQUISITIONS LIMITED"
15233772,candidates,,"CRENNS ACQUISITIONS LIMITED"
OC402862,candidates,,"CRESCO CAPITAL ADVISERS LLP"
04756492,candidates,,"CRESSIDA NEW ACQUISITIONS LIMITED"
16291330,candidates,,"CROSSTOWN CAPITAL ADVISORY LIMITED"
11479256,candidates,,"CROWN ACQUISITIONS LIMITED"
08775454,candidates,,"CT CORPORATE ADVISORY LIMITED"
14469336,candidates,,"CXT CAPITAL ADVISORS LTD."
11543029,candidates,,"CYGNUM CAPITAL ADVISORY LIMITED"
10920455,candidates,,"D & L ACQUISITIONS LTD"
06767724,candidates,,"DAE AIRFINANCE ACQUISITIONS (UK) LIMITED"
06394283,candidates,,"DAIWA CORPORATE ADVISORY EUROPEAN HOLDINGS LIMITED"
03067616,candidates,,"DAIWA CORPORATE ADVISORY LIMITED"
16827607,candidates,,"DANTIS ACQUISITIONS LTD"
02975954,candidates,,"DARTMOUTH CAPITAL ADVISORS LIMITED"
08915028,candidates,,"DARWIN ACQUISITIONS LIMITED"
12741458,candidates,,"DASH ACQUISITIONS LIMITED"
16451242,candidates,,"DB CAPITAL ADVISORS LTD"
17183460,candidates,,"DB CAPITAL ADVISORY LTD"
09500778,candidates,,"DELTA ACQUISITIONS LTD"
09354242,candidates,,"DELTA CAPITAL ADVISERS LTD"
10014642,candidates,,"DELTA TRANSACTION SERVICES LTD"
09129916,candidates,,"DEVONSHIRE CORPORATE FINANCE LIMITED"
13596271,candidates,,"DG CAPITAL ADVISORS LTD"
10815432,candidates,,"DIEM CAPITAL ADVISERS LIMITED"
07916571,candidates,,"DJR ACQUISITIONS LIMITED"
09023753,candidates,,"DLG ACQUISITIONS LIMITED"
17169216,candidates,,"DMAC CAPITAL ADVISORY LTD"
17042184,candidates,,"DOLAGO ACQUISITIONS LTD"
06345977,candidates,,"DOMESTIC & GENERAL ACQUISITIONS 1 LIMITED"
08105037,candidates,,"DOMUS CAPITAL ADVISORS LTD"
10078531,candidates,,"DONOVAN CAPITAL ADVISORY LIMITED"
15966377,candidates,,"DOWNING CORPORATE FINANCE LENDING LIMITED"
02053006,candidates,,"DOWNING CORPORATE FINANCE LIMITED"
10496877,candidates,,"DRACAENA LEGAL & TRANSACTION SERVICES LIMITED"
16856580,candidates,,"DRAYTON CAPITAL ADVISORS LTD"
15912227,candidates,,"DRUMLIN ACQUISITIONS (UK) LIMITED"
12697749,candidates,,"DS CAPITAL ADVISORS LTD"
16834561,candidates,,"DUBAI ACQUISITIONS AND MERGERS UK LTD"
12446275,candidates,,"DYSON ACQUISITIONS LIMITED"
15960944,candidates,,"E3 LIFE CAPITAL ADVISORS LTD"
17011904,candidates,,"EDEN & GROVE ACQUISITIONS LTD"
OC458380,candidates,,"EIGHT CAPITAL ADVISORS LLP"
16880857,candidates,,"EL ROI FORTRESS ACQUISITIONS LTD"
12389478,candidates,,"ELECTRA CAPITAL ADVISORS LTD"
05879104,candidates,,"ELECTRICINVEST ACQUISITIONS LIMITED"
16162712,candidates,,"EMM CAPITAL ADVISORS LTD"
09897447,candidates,,"EN CAPITAL ADVISORY LIMITED"
06620031,candidates,,"ENSTAR ACQUISITIONS LIMITED"
14735062,candidates,,"EOS DEAL ADVISORY HOLDINGS LTD"
12174675,candidates,,"EOS DEAL ADVISORY LTD"
09584965,candidates,,"EPPOF CAPITAL ADVISORS LIMITED"
14803705,candidates,,"EQUITEQ CORPORATE FINANCE LIMITED"
09404445,candidates,,"EQUITEQ M&A HOLDINGS LIMITED"
17033480,candidates,,"EQUITY STONE ACQUISITIONS LTD"
10783818,candidates,,"ERAM CAPITAL ADVISORS LIMITED"
05913305,candidates,,"EUROCONSULT INTERNATIONAL MERGERS & ACQUISITIONS LIMITED"
OC396795,candidates,,"EVANS RANDALL CAPITAL ADVISORS LLP"
OC398629,candidates,,"EVERETT CAPITAL ADVISORS UK LLP"
17305294,candidates,,"EW ACQUISITIONS LTD"
09760228,candidates,,"EXCELLIUM CAPITAL (CORPORATE FINANCE) LTD"
12632616,candidates,,"EXCLUSIVE CAPITAL ADVISORY LTD"
11674774,candidates,,"EXPERIUM CAPITAL ADVISERS LTD."
13920372,candidates,,"EXTON CORPORATE FINANCE LIMITED"
16587691,candidates,,"FABA CAPITAL ADVISORY SERVICES LTD"
15046618,candidates,,"FBE ACQUISITIONS LIMITED"
OC426833,candidates,,"FELIX CAPITAL ADVISORS LLP"
02774882,candidates,,"FETTER ACQUISITIONS LIMITED"
16822341,candidates,,"FFZ ACQUISITIONS LTD"
11215222,candidates,,"FG CAPITAL ADVISORS LTD."
14220153,candidates,,"FINESSE ACQUISITIONS LTD"
16959570,candidates,,"FINTUITY ACQUISITIONS A LTD."
OC413430,candidates,,"FIRMAMENT CAPITAL ADVISORS UK LLP"
08620680,candidates,,"FIRST CORPORATE FINANCE LIMITED"
07832675,candidates,,"FIRST SENTINEL CORPORATE FINANCE LIMITED"
10870513,candidates,,"FISHPOOL CAPITAL ADVISORS LIMITED"
17009797,candidates,,"FLAMINGO ACQUISITIONS LTD"
13917503,candidates,,"FLOW CAPITAL ADVISORS LTD"
16893169,candidates,,"FLS ACQUISITIONS LTD"
OC449432,candidates,,"FLYWHEEL CAPITAL ADVISORS (UK) LLP"
16414476,candidates,,"FOCUS UK CORPORATE FINANCE LIMITED"
16337627,candidates,,"FORGE CAPITAL ADVISORS LIMITED"
11271163,candidates,,"FORTH CAPITAL ADVISERS LIMITED"
04252262,candidates,,"FORVIS MAZARS CORPORATE FINANCE LIMITED"
06487777,candidates,,"FOX HEALTHCARE ACQUISITIONS LIMITED"
06403563,candidates,,"FR ACQUISITIONS CORPORATION (EUROPE) LIMITED"
03922345,candidates,,"FRENGER CORPORATE FINANCE LIMITED"
09700818,candidates,,"FRP CORPORATE ADVISORY LIMITED"
16246531,candidates,,"FULL SEND ACQUISITIONS LIMITED"
16223764,candidates,,"GCP CORPORATE FINANCE (UK) LTD"
06790686,candidates,,"GEMINI RESIDENTIAL ACQUISITIONS LTD"
16773783,candidates,,"GENOVA 17 ACQUISITIONS LTD"
16950455,candidates,,"GEORGE 1 ACQUISITIONS LTD"
16277082,candidates,,"GEORGE ACQUISITIONS LTD"
17056741,candidates,,"GH ASSET ACQUISITIONS LIMITED"
17467436,candidates,,"GH CAPITAL ADVISORY LTD"
17477947,candidates,,"GLADSTONE CAPITAL ADVISORY LTD"
07086679,candidates,,"GLOBAL CAPITAL ADVISORS LIMITED"
11119047,candidates,,"GLOBAL MEDIARY ACQUISITIONS LTD"
05421315,candidates,,"GOAL ACQUISITIONS (HOLDINGS) LIMITED"
06373339,candidates,,"GOLDCREST ACQUISITIONS LIMITED"
08879134,candidates,,"GP BULLHOUND CORPORATE FINANCE LTD"
13260218,candidates,,"GPG CAPITAL ADVISERS LIMITED"
15888240,candidates,,"GPM CORPORATE ADVISORY LTD."
09556430,candidates,,"GRANT THORNTON ACQUISITIONS NO.2 LIMITED"
13534322,candidates,,"GRAVITIQ UK ACQUISITIONS LTD"
13304080,candidates,,"GREYFRIARS ACQUISITIONS LIMITED"
17451333,candidates,,"GREYSTONE ACQUISITIONS LIMITED"
03506919,candidates,,"GRIFFIN ACQUISITIONS LIMITED"
17072281,candidates,,"GT CAPITAL ADVISORS LIMITED"
17170502,candidates,,"GWYNFRYN ACQUISITIONS LTD"
08847262,candidates,,"H & J ACQUISITIONS LTD."
17435681,candidates,,"H&H ACQUISITIONS LTD"
16218765,candidates,,"H&W ACQUISITIONS LTD."
07672828,candidates,,"HALCYON ACQUISITIONS LIMITED"
OC456201,candidates,,"HALKUM CAPITAL ADVISORS LLP"
13005354,candidates,,"HAMILTON PROPERTY ACQUISITIONS LIMITED"
15332097,candidates,,"HARBOR BIDCO ACQUISITIONS LIMITED"
17365592,candidates,,"HARBOUR CAPITAL ADVISORY LTD"
12327421,candidates,,"HARRIS WILLIAMS PRIVATE CAPITAL ADVISORY LTD"
05495915,candidates,,"HARVEY M AND A LTD"
06242054,candidates,,"HASMA CAPITAL ADVISORS (UK) LIMITED"
12921214,candidates,,"HAWKSMOOR CAPITAL ADVISORS LIMITED"
16516057,candidates,,"HBG ACQUISITIONS LTD"
16771405,candidates,,"HEPHZIBAH PROPERTY ACQUISITIONS LTD"
11826916,candidates,,"HERITAGE CORPORATE FINANCE LIMITED"
16783351,candidates,,"HERRINGBONE ACQUISITIONS LIMITED"
08775971,candidates,,"HESS & CO CAPITAL ADVISORS LIMITED"
05628980,candidates,,"HESTIA CAPITAL ADVISORS LTD"
16804892,candidates,,"HEXAGON FINANCE AND ACQUISITIONS LTD"
10642623,candidates,,"HI CAPITAL ADVISORS LTD"
13266938,candidates,,"HIGHWOOD ACQUISITIONS LIMITED"
13068971,candidates,,"HKA ACQUISITIONS LTD"
15982237,candidates,,"HOLLICK PROPERTY ACQUISITIONS LIMITED"
14564190,candidates,,"HOME ACQUISITIONS UK LIMITED"
16872147,candidates,,"HOTEL M&A LIMITED"
10687642,candidates,,"HOWDEN M&A LIMITED"
OC412609,candidates,,"HPL CORPORATE ADVISORY LLP"
OC381193,candidates,,"I SQUARED CAPITAL ADVISORS (UK) LLP"
16937543,candidates,,"IBRE CAPITAL ADVISORS LTD"
15927142,candidates,,"ICEBERG ACQUISITIONS UK LIMITED"
OC424454,candidates,,"IG4 CAPITAL ADVISORS LLP"
OC364774,candidates,,"IMAS CORPORATE FINANCE LLP"
OC429079,candidates,,"INDUSTRY CAPITAL ADVISORS UK LLP"
11707614,candidates,,"INTERLEGAL CORPORATE ADVISORY LIMITED"
06184997,candidates,,"INTERMEDIACTIVE ACQUISITIONS LIMITED"
15905525,candidates,,"INTERNATIONAL BUSINESS AND CORPORATE ADVISORS LTD"
16184775,candidates,,"INTERNATIONAL CORPORATE ADVISORS UK LTD"
02965918,candidates,,"INTERNATIONAL CORPORATE FINANCE LIMITED"
15572580,candidates,,"INTERNATIONAL M&A PARTNERSHIP II LIMITED"
15016944,candidates,,"INTERNATIONAL M&A PARTNERSHIP LIMITED"
OC420590,candidates,,"INTRIVA CAPITAL ADVISORS LLP"
06442445,candidates,,"INTRUST CORPORATE FINANCE LIMITED"
02458787,candidates,,"INTU MH ACQUISITIONS LIMITED"
17155664,candidates,,"INVESTOR ACQUISITIONS LTD"
07406990,candidates,,"J CAPITAL ADVISORS LIMITED"
16935125,candidates,,"J&E ACQUISITIONS LTD"
16631683,candidates,,"J.H. CORPORATE ADVISORY LTD"
08470466,candidates,,"J4 CAPITAL ADVISORS LIMITED"
13185108,candidates,,"JACKSON 3 ACQUISITIONS LTD"
OC456382,candidates,,"JAFFER CORPORATE ADVISORY LLP"
12123379,candidates,,"JAMES QUINN ACQUISITIONS LIMITED"
02876532,candidates,,"JAPANRE CAPITAL ADVISERS LIMITED"
07082402,candidates,,"JBTGLOBAL CORPORATE ADVISORY LIMITED"
06899673,candidates,,"JCG ACQUISITIONS LIMITED"
05177048,candidates,,"JDC CORPORATE FINANCE LIMITED"
14130418,candidates,,"JE CAPITAL ADVISORY LIMITED"
15680832,candidates,,"JEEVAN CAPITAL ADVISORS LTD"
16433858,candidates,,"JEFFERY CAPITAL ADVISORY LTD"
15620357,candidates,,"JFJ CORPORATE FINANCE LIMITED"
15342269,candidates,,"JJ CORPORATE FINANCE LTD"
16353611,candidates,,"JOHAL ACQUISITIONS LIMITED"
01144849,candidates,,"JONES LANG LASALLE CORPORATE FINANCE LIMITED"
16800142,candidates,,"JR SEAL CAPITAL ADVISORS LIMITED"
15920577,candidates,,"JSB ACQUISITIONS LTD"
09574725,candidates,,"JUST EAT (ACQUISITIONS) HOLDING LIMITED"
16251076,candidates,,"JV2 CAPITAL ADVISORY LTD"
15770518,candidates,,"KA PROPERTY ACQUISITIONS LTD"
16903896,candidates,,"KAROM CAPITAL ADVISERS LIMITED"
14518331,candidates,,"KAYNE ANDERSON CAPITAL ADVISORS UK LTD"
12049539,candidates,,"KENDALL BAILEY ACQUISITIONS LTD"
13047230,candidates,,"KIMORA CAPITAL ADVISORY LIMITED"
17240650,candidates,,"KINETIC ACQUISITIONS LIMITED"
12945339,candidates,,"KING STREET CAPITAL ADVISORS LTD"
OC416750,candidates,,"KINGSWAY CAPITAL ADVISORS LLP"
OC423443,candidates,,"KNIGHT FRANK CAPITAL ADVISORY LLP"
05253171,candidates,,"KRETA ACQUISITIONS LTD"
12090595,candidates,,"KS CAPITAL ADVISERS LIMITED"
16073756,candidates,,"KW CAPITAL ADVISORY LTD"
05659578,candidates,,"KYPRIS ACQUISITIONS LTD"
12410785,candidates,,"LABTECH ACQUISITIONS LIMITED"
06612465,candidates,,"LAKE ACQUISITIONS LIMITED"
17310226,candidates,,"LALLY ACQUISITIONS LIMITED"
16636148,candidates,,"LANDAU ACQUISITIONS GROUP LTD"
07990636,candidates,,"LAWLEY CAPITAL ADVISERS LIMITED"
16427759,candidates,,"LAWSON TRANSACTION SERVICES LIMITED"
OC437865,candidates,,"LEELA CAPITAL ADVISORY LLP"
09727774,candidates,,"LEXINGTON CORPORATE ADVISORS LIMITED"
14987828,candidates,,"LEXINGTON CORPORATE FINANCE LIMITED"
10964014,candidates,,"LEYTON CAPITAL ADVISORS LIMITED"
17466849,candidates,,"LH ACQUISITIONS LIMITED"
17166779,candidates,,"LIGHTHOUSE ACQUISITIONS LIMITED"
OC460573,candidates,,"LIMEWOOD CAPITAL ADVISERS LLP"
12357416,candidates,,"LIQUID CORPORATE FINANCE LIMITED"
16672763,candidates,,"LN CAPITAL ADVISORS LTD"
17412008,candidates,,"LOFT PROPERTY ACQUISITIONS LTD"
04439310,candidates,,"LOMBARD CORPORATE FINANCE (11) LIMITED"
02162263,candidates,,"LOMBARD CORPORATE FINANCE (DECEMBER 3) LIMITED"
02162406,candidates,,"LOMBARD CORPORATE FINANCE (JUNE 2) LIMITED"
03618979,candidates,,"LONE STAR EUROPE ACQUISITIONS LIMITED"
09019813,candidates,,"LONG THE MARKET CAPITAL ADVISORY LTD"
13756644,candidates,,"LONIC ACQUISITIONS LIMITED"
13482888,candidates,,"LORO DEVELOPMENTS (ACQUISITIONS) LTD"
OC448416,candidates,,"LUCENA ACQUISITIONS LLP"
12781841,candidates,,"LUMINA CAPITAL ADVISERS UK LIMITED"
11681009,candidates,,"LUPIA CAPITAL ADVISERS LIMITED"
15877389,candidates,,"LUPO ACQUISITIONS LTD"
09421495,candidates,,"LYNDALE CAPITAL ADVISORS LIMITED"
04563441,candidates,,"M & A (BETHNAL) LIMITED"
12257688,candidates,,"M & A (LONDON) TRADING LIMITED"
10547971,candidates,,"M & A BRANDS LTD"
12814042,candidates,,"M & A COMMUNICATIONS LTD"
15210266,candidates,,"M & A DECORATION SERVICES LTD"
08394050,candidates,,"M & A ECO LIMITED"
16243272,candidates,,"M & A ENTERPRISES LTD"
06707294,candidates,,"M & A ESTATES LIMITED"
11198225,candidates,,"M & A EXPORT LTD"
10978650,candidates,,"M & A GROUP PROPERTIES LTD"
10777807,candidates,,"M & A HUSSAIN PROPERTIES LIMITED"
10576190,candidates,,"M & A KNIGHTSBRIDGE PROPERTIES LIMITED"
07452162,candidates,,"M & A LEASING LIMITED"
16328235,candidates,,"M & A LINENS AND CLEANS LTD"
15713059,candidates,,"M & A LONDON HOMES LTD"
06529281,candidates,,"M & A MANAGEMENT SERVICES LIMITED"
07237230,candidates,,"M & A MEDICAL SERVICES LIMITED"
11352852,candidates,,"M & A MOTORS 243A LIMITED"
13010587,candidates,,"M & A MOTORS EDMONTON LTD"
09357425,candidates,,"M & A NEWS LTD."
17312828,candidates,,"M & A PROPERTY SOLUTIONS AND DEVELOPMENT LTD"
06939397,candidates,,"M & A REAL ESTATE LTD"
09600616,candidates,,"M & A RESIDENTIAL LTD"
11123385,candidates,,"M & A RESIDENTIAL PROPERTIES LIMITED"
17341531,candidates,,"M & A SONS INDUSTRIES LTD"
17123267,candidates,,"M & A TOP DEAL UK LTD"
08839879,candidates,,"M & A UK BUILDERS LIMITED"
11593601,candidates,,"M & R ESTATE ACQUISITIONS LTD"
08184350,candidates,,"M&A ARTIST MANAGEMENT LIMITED"
11264797,candidates,,"M&A ASSETS LTD"
14962247,candidates,,"M&A CAFE LIMITED"
16856443,candidates,,"M&A CAKE LTD"
16954953,candidates,,"M&A CAPITAL GROUP LTD"
16322615,candidates,,"M&A CLEANING LTD"
16668823,candidates,,"M&A COLLECTIVE LTD"
16764717,candidates,,"M&A CONTRACT SERVICES LTD"
16776053,candidates,,"M&A CONTRACTORS LTD"
13170482,candidates,,"M&A DEAL PLATFORM LTD"
15542127,candidates,,"M&A ENTERPRISE PVT LTD"
13089402,candidates,,"M&A FILMS LTD"
13923441,candidates,,"M&A FOOD GROUP LTD"
16933050,candidates,,"M&A FULL SERVICE BUILDERS LIMITED"
17181655,candidates,,"M&A GLOBAL SOLUTIONS LTD"
16692359,candidates,,"M&A GLOBAL TRADE LTD"
05317075,candidates,,"M&A GROUP LTD"
15149359,candidates,,"M&A HAND CAR WASH LTD"
15202889,candidates,,"M&A HEALTHCARE GROUP LTD"
13127427,candidates,,"M&A INTERNATIONAL CONSULTING LTD"
12492991,candidates,,"M&A KARIM INVESTMENTS"
16768964,candidates,,"M&A KEBAB LIMITED"
12860585,candidates,,"M&A MOBILE HAIRDRESSER AND BEAUTY LTD"
12343085,candidates,,"M&A PAINTING AND DECORATING LTD"
16934828,candidates,,"M&A PROPERTY HOLDINGS LTD"
12522753,candidates,,"M&A REAL ESTATE INVESTMENTS LTD"
17287483,candidates,,"M&A SECURITIES LTD"
17477918,candidates,,"M&A SITE SERVICES LTD"
14940983,candidates,,"M&A STRUCTURAL DESIGN SERVICES LTD"
15374788,candidates,,"M&A TECH GROUP LTD"
09883600,candidates,,"M&A TECHNOLOGY LTD"
15405866,candidates,,"M&A TEMP SOLUTIONS LTD"
09157954,candidates,,"M&A TRANSFORMERS LTD"
15012188,candidates,,"M&A TRANSPORT REMOVALS LTD"
16011396,candidates,,"MACDONALD ACQUISITIONS LIMITED"
11138093,candidates,,"MAGPIE ACQUISITIONS LIMITED"
05683723,candidates,,"MAGUS CORPORATE FINANCE LIMITED"
15613701,candidates,,"MAJOR GROUP ACQUISITIONS LIMITED"
11972438,candidates,,"MANIYAR CAPITAL ADVISORS UK LTD."
16773750,candidates,,"MARA IMPACT CAPITAL ADVISORY LTD"
09293070,candidates,,"MARBLE ACQUISITIONS LTD"
08921144,candidates,,"MARCROD CAPITAL ADVISERS LIMITED"
OC342305,candidates,,"MARIS CAPITAL ADVISORS LLP"
15924984,candidates,,"MARKTLINK LONDON M&A LIMITED"
14706950,candidates,,"MARTLEY CAPITAL ADVISERS LTD"
15139703,candidates,,"MASTER UK ACQUISITIONS LIMITED"
07031967,candidates,,"MASTERCARD TRANSACTION SERVICES (UK) LTD."
14133491,candidates,,"MAY CAPITAL ADVISORS LIMITED"
06012178,candidates,,"MAYFAIR ACQUISITIONS LIMITED"
17203726,candidates,,"MC CAPITAL ADVISERS LTD"
17183823,candidates,,"MCCANN CORPORATE ADVISORY LIMITED"
17392859,candidates,,"MCKENNON LAND ACQUISITIONS LIMITED"
11271946,candidates,,"MCP ACQUISITIONS LIMITED"
13152688,candidates,,"MELFORD CAPITAL ADVISERS LTD"
16363319,candidates,,"MELIUS PROPERTY ACQUISITIONS LTD"
12415506,candidates,,"MEMLING CAPITAL ADVISERS LTD"
09878664,candidates,,"MERCURY ACQUISITIONS LIMITED"
17307233,candidates,,"MERDS ACQUISITIONS LTD"
17342149,candidates,,"MERIDIAN CAPITAL ADVISORY LTD"
15957931,candidates,,"METRE CAPITAL ADVISORS LIMITED"
15619212,candidates,,"MFT CAPITAL ADVISORY LTD"
05780531,candidates,,"MGI CORPORATE FINANCE LIMITED"
OC356931,candidates,,"MIRIA CAPITAL ADVISORS LLP"
17444895,candidates,,"MITRE CAPITAL ADVISORY LTD"
17014163,candidates,,"MJM M&A ADVISORY LTD"
10628638,candidates,,"MK TAYLOR PROPERTY ACQUISITIONS LIMITED"
17142453,candidates,,"MODERN BUSINESS ACQUISITIONS LIMITED"
16925589,candidates,,"MODERN EQUITY ACQUISITIONS LTD"
14217710,candidates,,"MODI'S ACQUISITIONS LTD"
OC436349,candidates,,"MONOGRAPH CAPITAL ADVISORS (UK) LLP"
09246745,candidates,,"MONTGOMERY CORPORATE FINANCE LIMITED"
09868052,candidates,,"MONTSERRAT ACQUISITIONS LTD"
08855574,candidates,,"MONUMENT CORPORATE FINANCE LIMITED"
13746581,candidates,,"MOONBEAM CAPITAL ADVISORS LTD"
01516845,candidates,,"MOORE KINGSTON SMITH CORPORATE FINANCE LIMITED"
14495199,candidates,,"MOORGATE CAPITAL (CORPORATE FINANCE) LIMITED"
07012158,candidates,,"MOORGATE CAPITAL ADVISORS LTD"
13530619,candidates,,"MORGAN CORPORATE FINANCE LTD"
OC357502,candidates,,"MP CAPITAL ADVISORY SERVICES LLP"
02934822,candidates,,"MPC CORPORATE ADVISORY UK LIMITED"
13964696,candidates,,"MUZE CAPITAL ADVISORS LIMITED"
11065145,candidates,,"MXLG ACQUISITIONS LIMITED"
17243459,candidates,,"MYA ACQUISITIONS LTD"
17158758,candidates,,"MYERS PROPERTY ACQUISITIONS LTD"
09386651,candidates,,"N&L ACQUISITIONS LIMITED"
OC433265,candidates,,"NAMA CAPITAL ADVISORS LLP"
12963860,candidates,,"NAPATREE CAPITAL ADVISERS LIMITED"
05308780,candidates,,"NBCUNIVERSAL INTERNATIONAL NETWORKS ACQUISITIONS LIMITED"
13169740,candidates,,"NET ZERO CAPITAL ADVISORY LTD"
10080229,candidates,,"NEW WORLD CAPITAL ADVISORS LTD"
03870837,candidates,,"NEW WORLD CORPORATE FINANCE LIMITED"
14550202,candidates,,"NEWGATE CAPITAL ADVISORS LTD"
16807906,candidates,,"NEWMARK CAPITAL ADVISORS LIMITED"
02869316,candidates,,"NEXUS CORPORATE FINANCE LIMITED"
16770223,candidates,,"NICOLAS & NICHOLSON ACQUISITIONS LIMITED"
09651062,candidates,,"NIMBUS ACQUISITIONS BIDCO LIMITED"
06442578,candidates,,"NIS ACQUISITIONS LIMITED"
17451960,candidates,,"NJ CORPORATE ADVISORY LIMITED"
09309787,candidates,,"NK PROPERTY ACQUISITIONS LIMITED"
10241550,candidates,,"NOBLE ACQUISITIONS LTD"
10839866,candidates,,"NORDIC CAPITAL ADVISORY LTD"
12442761,candidates,,"NORTHCROFT CAPITAL ADVISERS LIMITED"
17270846,candidates,,"NORTHERN ACQUISITIONS LTD"
07650524,candidates,,"NOVITASFTCL CORPORATE FINANCE LIMITED"
17127647,candidates,,"NP UK CORPORATE FINANCE LTD"
06203422,candidates,,"NR ACQUISITIONS LIMITED"
06205875,candidates,,"NR ACQUISITIONS MIDCO LIMITED"
06205872,candidates,,"NR ACQUISITIONS TOPCO LIMITED"
16909383,candidates,,"NYOTA CAPITAL ADVISORY LIMITED"
06303936,candidates,,"OA ACQUISITIONS LIMITED"
05955858,candidates,,"OAKBRIDGE CAPITAL ADVISORS LTD"
09705944,candidates,,"OAKVALE CAPITAL ADVISORY LTD"
16802174,candidates,,"OASIS CORPORATE ADVISORY LTD"
16669951,candidates,,"OBSIDIAN ACQUISITIONS LTD"
16894660,candidates,,"OC ACQUISITIONS LTD"
14232907,candidates,,"OCUBIS CAPITAL ADVISERS LIMITED"
08319254,candidates,,"OGHMA CORPORATE FINANCE LIMITED"
07861106,candidates,,"OLIVO ACQUISITIONS LIMITED"
10409961,candidates,,"OMESHORN CAPITAL ADVISORS LIMITED"
09859679,candidates,,"ONETOONE CORPORATE FINANCE UK LTD"
11472304,candidates,,"ONYX CAPITAL ADVISORY LIMITED"
12472717,candidates,,"ORIT UK ACQUISITIONS LIMITED"
16143224,candidates,,"ORIT UK ACQUISITIONS MIDCO LIMITED"
08231093,candidates,,"OUTFRONT CAPITAL ADVISORS LIMITED"
17223981,candidates,,"PAD CAPITAL ADVISORY LIMITED"
10661252,candidates,,"PALACE GATE CAPITAL ADVISORY SERVICES LIMITED"
09210617,candidates,,"PALM CAPITAL ADVISORS LIMITED"
OC365637,candidates,,"PARAPET CAPITAL ADVISORS LLP"
15216327,candidates,,"PARDES GROUP ACQUISITIONS INC LTD"
16134055,candidates,,"PARK AVENUE CAPITAL ADVISORS LTD"
16852634,candidates,,"PARKINSON'S PIONEER CAPITAL ADVISORS LTD"
07767618,candidates,,"PATRON CAPITAL ADVISERS INVESTMENTS LIMITED"
OC361119,candidates,,"PATRON CAPITAL ADVISERS LLP"
OC359656,candidates,,"PEMBERTON CAPITAL ADVISORS LLP"
15389870,candidates,,"PERITAS ACQUISITIONS LTD"
16681249,candidates,,"PETRA CAPITAL ADVISORS LTD"
16594930,candidates,,"PG ACQUISITIONS LTD"
16943741,candidates,,"PHARE CAPITAL ADVISORY LIMITED"
07606647,candidates,,"PILGRIM CAPITAL ADVISORY LTD"
12262014,candidates,,"PKE CAPITAL ADVISORS LTD"
14136256,candidates,,"PLUTO CAPITAL ADVISERS LIMITED"
17295010,candidates,,"PRAETOR ACQUISITIONS LTD"
14473119,candidates,,"PREMIER CORPORATE ADVISORS LTD"
05098596,candidates,,"PRESS ACQUISITIONS LIMITED"
14965021,candidates,,"PRIAM ACQUISITIONS LIMITED"
16943722,candidates,,"PRIMACY CAPITAL ADVISORY LIMITED"
12367764,candidates,,"PRIME PROPERTIES ACQUISITIONS LTD"
05137088,candidates,,"PRINCIPLE CAPITAL ADVISORS LIMITED"
13373581,candidates,,"PRINCIPLED PROPERTY ACQUISITIONS LIMITED"
13436412,candidates,,"PRIVATE CAPITAL ADVISORY GROUP LIMITED"
11989742,candidates,,"PRIVATE CAPITAL ADVISORY LIMITED"
06323051,candidates,,"PRIVATE EQUITY CAPITAL ADVISERS LIMITED"
14918637,candidates,,"PRIVATE PROPERTY ACQUISITIONS LIMITED"
10071546,candidates,,"PROALTUS CAPITAL ADVISERS LIMITED"
15632813,candidates,,"PROJECT M&A LTD"
14938469,candidates,,"PROMONTORIA UMBRELLA ACQUISITIONS LTD"
14401487,candidates,,"PROPONENT CAPITAL ADVISORY (UK) LTD"
10449771,candidates,,"PROSTA ACQUISITIONS LTD"
07608583,candidates,,"PTOLEMY CAPITAL ADVISORS LIMITED"
10993555,candidates,,"PUB PARTNERSHIP ACQUISITIONS LIMITED"
10755814,candidates,,"PURE ACQUISITIONS LIMITED"
OC419445,candidates,,"PYGMALION CAPITAL ADVISERS LLP"
10506861,candidates,,"PYRENEES ACQUISITIONS LIMITED"
16541325,candidates,,"QUADRANT CAPITAL ADVISORS (UK) LIMITED"
16898484,candidates,,"QUADRANTE CAPITAL ADVISORY LTD"
07823921,candidates,,"QUEENS GATE CAPITAL ADVISORS LIMITED"
12718174,candidates,,"QUINVILLE CAPITAL ADVISORS LIMITED"
09637772,candidates,,"RAFALIE CORPORATE FINANCE LIMITED"
13138216,candidates,,"RATAN ACQUISITIONS LTD"
10114453,candidates,,"RB CAPITAL ADVISORS LTD"
09381684,candidates,,"RB CAPITAL ADVISORY LIMITED"
OC455074,candidates,,"RE:SHAPE ACQUISITIONS 2 LLP"
OC458421,candidates,,"RE:SHAPE ACQUISITIONS 3 LLP"
OC458849,candidates,,"RE:SHAPE ACQUISITIONS 4 LLP"
OC444556,candidates,,"RE:SHAPE LIVING ACQUISITIONS LLP"
13084168,candidates,,"REALFIN CAPITAL ADVISORS LTD"
12423850,candidates,,"REDOAK CAPITAL ADVISORS LIMITED"
02089076,candidates,,"REFINITIV TRANSACTION SERVICES LIMITED"
16219080,candidates,,"REGENCY PROPERTY ACQUISITIONS LTD"
11294258,candidates,,"REGENT ACQUISITIONS LIMITED"
16507998,candidates,,"REHELEN CORPORATE ADVISORY LIMITED"
16206649,candidates,,"REINOVA CAPITAL ADVISORS (UK HOLDINGS) LTD"
OC455558,candidates,,"REINOVA CAPITAL ADVISORS LLP"
14964908,candidates,,"RESIDENTIAL ACQUISITIONS GROUP LTD"
11702482,candidates,,"RESIDEO ACQUISITIONS LTD"
OC371868,candidates,,"REVETAS CAPITAL ADVISORS LLP"
09446278,candidates,,"RI CAPITAL ADVISORS LIMITED"
10791632,candidates,,"RICHMOND HILL CAPITAL ADVISORS LTD"
10061159,candidates,,"RJ ACQUISITIONS LIMITED"
01974370,candidates,,"ROBERT FRASER CORPORATE FINANCE LIMITED"
13246042,candidates,,"ROCC ACQUISITIONS LIMITED"
12078175,candidates,,"ROCK LIVING ACQUISITIONS LTD"
08575981,candidates,,"ROSE PROPERTY ACQUISITIONS LTD"
15412466,candidates,,"ROWING CAPITAL ADVISORS LTD"
OC325347,candidates,,"RSM UK CORPORATE FINANCE LLP"
11169952,candidates,,"RUPARELIA ACQUISITIONS LIMITED"
07273198,candidates,,"RUTHERFURD ACQUISITIONS LIMITED"
04533970,candidates,,"S&W PARTNERS CORPORATE FINANCE LIMITED"
14458432,candidates,,"S-VENTURES ACQUISITIONS LTD"
06387190,candidates,,"SAFFERY CORPORATE FINANCE LIMITED"
08172876,candidates,,"SALAMANCA GROUP CORPORATE ADVISORY LIMITED"
15421042,candidates,,"SANCOVIA CORPORATE FINANCE LIMITED"
09284654,candidates,,"SANDGLASS CAPITAL ADVISORS (UK) LIMITED"
02828896,candidates,,"SAVILLS CAPITAL ADVISORS LIMITED"
08053200,candidates,,"SB CORPORATE FINANCE PARTNERS LIMITED"
17347398,candidates,,"SC BUSINESS BROKER UK LTD"
11917275,candidates,,"SCITUS CAPITAL HOLDINGS ADVISORS LTD"
08029381,candidates,,"SCOTT ACQUISITIONS LTD"
10727413,candidates,,"SD CAPITAL ADVISORY LIMITED"
15577681,candidates,,"SECURE INVESTMENTS AND ACQUISITIONS LTD"
03562448,candidates,,"SEDGWICK MORDEN ACQUISITIONS"
07818021,candidates,,"SERONE CAPITAL ADVISORY SERVICES LIMITED"
16371052,candidates,,"SEYMOUR ACQUISITIONS LIMITED"
13584034,candidates,,"SHQN ACQUISITIONS LIMITED"
09834916,candidates,,"SILVERSPOON ACQUISITIONS LIMITED"
17164010,candidates,,"SINIFERE CAPITAL ADVISORY LIMITED"
OC455442,candidates,,"SISU ACQUISITIONS LLP"
03563136,candidates,,"SITE ACQUISITIONS & SEARCHES LTD"
12500896,candidates,,"SITE ACQUISITIONS LTD"
10399041,candidates,,"SKIFF CAPITAL ADVISORS LTD"
02673030,candidates,,"SLOANE CORPORATE FINANCE LIMITED"
05866534,candidates,,"SMARTSTREAM ACQUISITIONS LIMITED"
07780495,candidates,,"SME BUSINESS SALES LTD"
10863936,candidates,,"SOLARIS CAPITAL ADVISORS LIMITED"
17050889,candidates,,"SOLAS CORPORATE ADVISORY LIMITED"
10367552,candidates,,"SOLERTIA CAPITAL ADVISORS LIMITED"
12561995,candidates,,"SOUTHFORK ACQUISITIONS LIMITED"
12348939,candidates,,"SOVEREIGN ACQUISITIONS LIMITED"
10702253,candidates,,"SPC ACQUISITIONS 4 LIMITED"
09480482,candidates,,"SPC ACQUISITIONS LIMITED"
11279788,candidates,,"SPECTRUM CORPORATE FINANCE LIMITED"
09174790,candidates,,"SPITFIRE CAPITAL ADVISORS LIMITED"
10783177,candidates,,"SPORT BUSINESS ACQUISITIONS LIMITED"
12290878,candidates,,"SR ONE CAPITAL ADVISORS LIMITED"
06799802,candidates,,"SRI CAPITAL ADVISERS LIMITED"
10709977,candidates,,"SRM ACQUISITIONS LIMITED"
10778956,candidates,,"STANLEY CAPITAL ADVISERS LTD"
13333365,candidates,,"STARLIGHT ACQUISITIONS (UK) LTD"
12312404,candidates,,"STERLING CAPITAL ADVISORS LIMITED"
17017433,candidates,,"STERLING GAINS CAPITAL ADVISORS LIMITED"
06296747,candidates,,"STONE ACQUISITIONS LTD"
10525951,candidates,,"STRAWBERRY STAR ACQUISITIONS LIMITED"
11459489,candidates,,"SUBSTANTIA ACQUISITIONS LTD"
12280402,candidates,,"SUNWAY RE CAPITAL ADVISORS (UK) LIMITED"
06166762,candidates,,"SUPERIOR ACQUISITIONS LIMITED"
15003227,candidates,,"SUSTAINABLE LAND ACQUISITIONS LIMITED"
17360216,candidates,,"SYNERGY ACQUISITIONS LTD"
16836834,candidates,,"SYNERGY MEDIA ACQUISITIONS LTD"
12617969,candidates,,"T.M.E. CAPITAL ADVISORY LTD"
16353871,candidates,,"TALAY CAPITAL ADVISORY LIMITED"
05769063,candidates,,"TARGET (GTI) ACQUISITIONS LIMITED"
15350512,candidates,,"TAURUS UK ACQUISITIONS LIMITED"
16534335,candidates,,"TECH CAPITAL ADVISORY LTD"
09613652,candidates,,"TG ACQUISITIONS LIMITED"
10007124,candidates,,"THAKER ACQUISITIONS LIMITED"
17080404,candidates,,"THE ELITE ACQUISITIONS COLLECTIVE LIMITED"
12635742,candidates,,"THE PROPERTY ACQUISITIONS GROUP LIMITED"
OC456381,candidates,,"THERIUM CAPITAL ADVISORS LLP"
13353069,candidates,,"THREE SIX ZERO ACQUISITIONS LIMITED"
16522938,candidates,,"TIERRA CAPITAL ADVISORS LTD"
11987963,candidates,,"TIGER ACQUISITIONS HOLDING LIMITED"
11996640,candidates,,"TIGER ACQUISITIONS INTERMEDIATE HOLDING LIMITED"
11988001,candidates,,"TIGER ACQUISITIONS UK LIMITED"
17244858,candidates,,"TIMURKAN CAPITAL ADVISORS LTD"
13679040,candidates,,"TIOOPO CAPITAL ADVISORY LIMITED"
13308291,candidates,,"TLC ACQUISITIONS & ASSET MANAGEMENT LIMITED"
12159282,candidates,,"TORNADO ACQUISITIONS BIDCO LIMITED"
12156815,candidates,,"TORNADO ACQUISITIONS MIDCO LIMITED"
12157015,candidates,,"TORNADO ACQUISITIONS PARENTCO LIMITED"
12156673,candidates,,"TORNADO ACQUISITIONS TOPCO LIMITED"
13938903,candidates,,"TORO CAPITAL ADVISORS LTD"
16610174,candidates,,"TRANSACTION SERVICES FAA LIMITED"
12355527,candidates,,"TRAQUAIR ACQUISITIONS LIMITED"
09817231,candidates,,"TRC ACQUISITIONS LIMITED"
13019037,candidates,,"TREEHILL PARTNERS EUROPEAN CORPORATE FINANCE LTD"
08179193,candidates,,"TREFOIL CAPITAL ADVISERS LTD"
15216277,candidates,,"TRL ACQUISITIONS LTD"
06929494,candidates,,"TRUENORTH CAPITAL ADVISORS LIMITED"
09483478,candidates,,"UK PROPERTY ACQUISITIONS LTD"
OC459692,candidates,,"UNICORN CAPITAL ADVISORY LLP"
17272439,candidates,,"UNIQUE ACQUISITIONS LTD"
05024234,candidates,,"UNITED CINEMAS INTERNATIONAL ACQUISITIONS LIMITED"
10052284,candidates,,"URBAN LOGISTICS ACQUISITIONS 1 LIMITED"
10943082,candidates,,"URBAN LOGISTICS ACQUISITIONS 2 LIMITED"
12726726,candidates,,"URBAN LOGISTICS ACQUISITIONS 3 LIMITED"
12873450,candidates,,"URBAN LOGISTICS ACQUISITIONS 4 LIMITED"
13508956,candidates,,"URBAN LOGISTICS ACQUISITIONS 5 LIMITED"
13718099,candidates,,"URBAN LOGISTICS ACQUISITIONS 6 LIMITED"
13718259,candidates,,"URBAN LOGISTICS ACQUISITIONS 7 LIMITED"
13767118,candidates,,"URBAN LOGISTICS ACQUISITIONS 8 LIMITED"
13984944,candidates,,"URBAN LOGISTICS ACQUISITIONS 9 LIMITED"
16693052,candidates,,"VANDERMOLEN RE - CAPITAL ADVISORY LIMITED"
10055790,candidates,,"VAR CORPORATE ADVISORY LTD"
11593687,candidates,,"VCA - VENTURE CAPITAL ADVISORS LTD"
15466467,candidates,,"VE ACQUISITIONS LTD"
17466038,candidates,,"VECTOR ACQUISITIONS BIDCO LIMITED"
17465766,candidates,,"VECTOR ACQUISITIONS MIDCO LIMITED"
17465478,candidates,,"VECTOR ACQUISITIONS TOPCO LIMITED"
OC442979,candidates,,"VELD CAPITAL ADVISORY LLP"
11767625,candidates,,"VELOCITY ACQUISITIONS LIMITED"
14344802,candidates,,"VENIONAIRE CAPITAL ADVISORY SERVICES LTD"
13596954,candidates,,"VERANO ACQUISITIONS LIMITED"
10813926,candidates,,"VERITY CAPITAL ADVISORS LIMITED"
17384388,candidates,,"VHURA HEALTH CAPITAL ADVISORY LTD"
09542188,candidates,,"VICTOR ACQUISITIONS LIMITED"
13626536,candidates,,"VINTAGE ACQUISITIONS LIMITED"
15373334,candidates,,"VISA INTERNATIONAL ACQUISITIONS LIMITED"
13290925,candidates,,"VISION RESIDENTIAL ACQUISITIONS LTD"
16870848,candidates,,"VM DEVELOPMENTS & ACQUISITIONS LTD"
14785704,candidates,,"VOLUME ACQUISITIONS LIMITED"
16166536,candidates,,"WASTECO ACQUISITIONS LIMITED"
11023033,candidates,,"WAYPOINT CORPORATE FINANCE LIMITED"
08155146,candidates,,"WBA ACQUISITIONS UK HOLDCO 7 LIMITED"
05148134,candidates,,"WESTFIELD UK ACQUISITIONS FINANCE LIMITED"
06473583,candidates,,"WHISTLES ACQUISITIONS LIMITED"
03169129,candidates,,"WHITE CITY ACQUISITIONS LIMITED"
06639144,candidates,,"WHITE CLOUD CAPITAL ADVISORS LIMITED"
06586058,candidates,,"WHITE HART ACQUISITIONS LIMITED"
10960433,candidates,,"WHITE SUMMIT CAPITAL ADVISORS LTD"
11380670,candidates,,"WHITECHAPEL ACQUISITIONS LTD"
16030132,candidates,,"WILLIAMSON CAPITAL ADVISORS, LTD"
14499723,candidates,,"WINCH CAPITAL ADVISORS LIMITED"
15307872,candidates,,"WIND SHIFT CAPITAL ADVISORS LTD"
06504454,candidates,,"WINDFARMS M&A LTD"
10146114,candidates,,"WINTON VENTURES ACQUISITIONS LIMITED"
17352612,candidates,,"WL JUS CORPORATE ADVISORY LTD"
08840257,candidates,,"WORKING CAPITAL ADVISORS (UK) LTD."
OC454131,candidates,,"WORLD STAR  CAPITAL ADVISORS LLP"
07505615,candidates,,"WORLDWIDE CORPORATE ADVISORS LLP (WCA) LTD"
15639216,candidates,,"XEON INTERNATIONAL CORPORATE FINANCE UK LTD."
16596261,candidates,,"YONGE STREET (ACQUISITIONS) LTD"
OC404013,candidates,,"YOO CAPITAL ADVISORS LLP"
11944512,candidates,,"YOO CAPITAL ADVISORS MANAGEMENT LIMITED"
OC449544,candidates,,"YUMA CROSSING CAPITAL ADVISORS LLP"
17194026,candidates,,"ZIYON CAPITAL ADVISORY LIMITED"
12629565,candidates,,"ZONE CAPITAL ADVISORS LIMITED"
15710898,candidates,,"S&F ACQUISITIONS LTD"
10579660,candidates,,"CAPITAL ADVISERS (LONDON) LTD."
NI743896,candidates,,"LUCKY ACQUISITIONS LIMITED"
10537820,candidates,,"M&A WEBB PROPERTIES LTD"
07013636,candidates,,"M & A CONSULTANTS (GB) LIMITED"
13368803,candidates,,"HILLGROVE ACQUISITIONS LIMITED"
15722201,candidates,,"LYNDHURST ACQUISITIONS LIMITED"
13508375,candidates,,"STONESBRIDGE CORPORATE ADVISORY LIMITED"
17038316,candidates,,"THE BUSINESS ACQUISITIONS GROUP LTD"
11341556,candidates,,"ANNAGRACE CAPITAL ADVISORS LIMITED"
06754111,candidates,,"D T P ACQUISITIONS LTD"
OC307746,candidates,,"HASLERS CORPORATE FINANCE LLP"
12557595,candidates,,"IL ACQUISITIONS LIMITED"
10533535,candidates,,"MERTON ACQUISITIONS LIMITED"
17200969,candidates,,"ACHILLES RESIDENTIAL ACQUISITIONS LIMITED"
10584019,candidates,,"BLACKBUCK ACQUISITIONS LIMITED"
16644418,candidates,,"CRETE ACQUISITIONS LIMITED"
16051122,candidates,,"CS ACQUISITIONS ONE LTD"
13679477,candidates,,"H.S PROPERTY ACQUISITIONS LTD"
09240659,candidates,,"HAMILCAR CAPITAL ADVISERS LTD"
11337025,candidates,,"KIRAN CAPITAL ADVISORS LIMITED"
13492722,candidates,,"M&A CARPET AND FURNITURE LTD"
11481726,candidates,,"M&A M.O.T CENTRE LIMITED"
11144979,candidates,,"M & A PERSSE LTD"
OE016388,candidates,,"YUBELEE ACQUISITIONS S.A.R.L."
16532056,candidates,,"LYME M&A LTD"
07778638,candidates,,"LANDSEEKER ACQUISITIONS LTD"
13098653,candidates,,"REVIVE ACQUISITIONS LTD"
15440152,candidates,,"NORDIC PROPERTY ACQUISITIONS LTD"
12889863,candidates,,"CKML CAPITAL ADVISORY LTD"
11907728,candidates,,"SOFTWARE ACQUISITIONS LTD"
11394238,candidates,,"ASK ACQUISITIONS LIMITED"
09914481,candidates,,"GRACE M&A LIMITED"
16702909,candidates,,"MA CORPORATE FINANCE LTD"
08912247,candidates,,"PULSANT ACQUISITIONS LIMITED"
13849476,candidates,,"RR ACQUISITIONS LIMITED"
13261121,candidates,,"AJ PROPERTY ACQUISITIONS LTD"
11174231,candidates,,"BESPOKE ACQUISITIONS LIMITED"
15394096,candidates,,"M&A ELITES LTD"
10181033,candidates,,"LEGACY CARE (DEVELOPMENTS & ACQUISITIONS) LTD"
16812221,candidates,,"M & A TRADE SOLUTIONS LIMITED"
10685823,candidates,,"PRIMARY CORPORATE FINANCE LIMITED"
15056975,candidates,,"ENGINEERING ACQUISITIONS LIMITED"
10426079,candidates,,"NEW ERA ACQUISITIONS LTD"
11838903,candidates,,"SPORTS CARS (ENGLAND) ACQUISITIONS LIMITED"
11093268,candidates,,"ADVANCE ACQUISITIONS LTD"
12121296,candidates,,"ALEXANDRA ACQUISITIONS LTD"
16395857,candidates,,"ALVEY ACQUISITIONS LTD"
11898889,candidates,,"AMS CORPORATE FINANCE LIMITED"
16892003,candidates,,"BERG CORPORATE ADVISORY LTD"
12943611,candidates,,"BLACKSHEEP ACQUISITIONS LIMITED"
15113343,candidates,,"BLINDING 0121 ACQUISITIONS LIMITED"
16082513,candidates,,"BLINDING 0121 ACQUISITIONS SPV1 LTD"
14702877,candidates,,"BREEZE ACQUISITIONS 2 LIMITED"
13527063,candidates,,"BREEZE ACQUISITIONS LIMITED"
15598113,candidates,,"BREEZE ACQUISITIONS USA LIMITED"
17392385,candidates,,"CORDOVAN ACQUISITIONS IV LIMITED"
17486230,candidates,,"CORDOVAN ACQUISITIONS IV TOPCO LIMITED"
08695196,candidates,,"DM CORPORATE ADVISORY LIMITED"
15324332,candidates,,"EXECUTIVE ACQUISITIONS LTD"
05363995,candidates,,"FRAGRANCE ACQUISITIONS LIMITED"
06518295,candidates,,"GEO ACQUISITIONS LIMITED"
13971938,candidates,,"GOODIER DUNNE ACQUISITIONS LIMITED"
13970176,candidates,,"GREENWOOD CAPITAL ADVISORY LIMITED"
14432497,candidates,,"HAPPY HOMES ACQUISITIONS LIMITED"
08958789,candidates,,"HAWTHORN LEISURE ACQUISITIONS LIMITED"
LP020180,candidates,,"HEMPSTEAD VALLEY ACQUISITIONS LP"
06209511,candidates,,"HERO ACQUISITIONS LIMITED"
12504503,candidates,,"JHC ACQUISITIONS LIMITED"
10848307,candidates,,"M & A PROPERTIES MANCHESTER LTD"
12290785,candidates,,"M AND A PROPERTY ESTATES LIMITED"
15931045,candidates,,"M&A ELITE DEVELOPMENTS LTD"
16625323,candidates,,"M&A EYE CARE LIMITED"
16037693,candidates,,"M&A FADE LTD"
16594011,candidates,,"M&A FASHION LIMITED"
17283170,candidates,,"M&A FOODUK LIMITED"
16696099,candidates,,"M&A HOMES GROUP LIMITED"
16172822,candidates,,"M&A HOMES NW LIMITED"
13060432,candidates,,"M&A INTERNATIONAL INVESTMENT LIMITED"
14211686,candidates,,"M&A MATTING UK, LTD"
14436921,candidates,,"M&A PEAKS LIMITED"
14466444,candidates,,"M&A REAL ESTATE HOLDINGS, LTD"
11178610,candidates,,"M&A RESIDENTIAL HOLDINGS LTD"
15850615,candidates,,"M&A SILVERSPOON LTD"
12552348,candidates,,"MM ACQUISITIONS GROUP LIMITED"
16379274,candidates,,"MOLINO CAPITAL ADVISORY LIMITED"
14271306,candidates,,"MONARCH ACQUISITIONS LTD"
12186636,candidates,,"MS BRAND ACQUISITIONS LIMITED"
05657372,candidates,,"MYDENTIST ACQUISITIONS LIMITED"
11586996,candidates,,"NETWORK DIGITAL MARKETING ACQUISITIONS LIMITED"
17447641,candidates,,"NS CAPITAL ADVISORY LTD"
16564399,candidates,,"OXFORD COURT ACQUISITIONS 2 LIMITED"
15259700,candidates,,"OXFORD COURT ACQUISITIONS LIMITED"
05284360,candidates,,"PCA ACQUISITIONS (UK) LIMITED"
15052564,candidates,,"PEEL NRE DEVELOPMENTS ACQUISITIONS NO. 2 LIMITED"
13767391,candidates,,"PEEL NRE DEVELOPMENTS ACQUISITIONS NO.1 LIMITED"
13788825,candidates,,"PLACE CAPITAL ADVISORY LIMITED"
17390106,candidates,,"PRAXIS ACQUISITIONS LIMITED"
05333721,candidates,,"R T ACQUISITIONS (HOLDINGS) LIMITED"
12273864,candidates,,"SEDULO TRANSACTION SERVICES LIMITED"
13299321,candidates,,"SHERWOOD ACQUISITIONS LIMITED"
OC420258,candidates,,"SPRINGBOARD CORPORATE FINANCE LLP"
07850648,candidates,,"THE BUSINESS SALES GROUP LIMITED"
08547374,candidates,,"TRANSNATIONAL ACQUISITIONS HITASI LIMITED"
16863986,candidates,,"UK M & A DESI FOOD LIMITED"
14254265,candidates,,"VISTA PRIVATE EQUITY AND M&A SERVICES LIMITED"
16543783,candidates,,"WILLIAMSON CROFT CORPORATE FINANCE LIMITED"
11380661,candidates,,"XEINADIN CORPORATE FINANCE LIMITED"
12598522,candidates,,"CENTURION ACQUISITIONS LIMITED"
09332550,candidates,,"M&A BUSINESS SERVICES LTD"
15733493,candidates,,"M&A MANSFIELD LTD"
14271463,candidates,,"RD PROPERTY ACQUISITIONS LTD"
17259551,candidates,,"SANGER ACQUISITIONS LIMITED"
10984506,candidates,,"M.J.S. ACQUISITIONS (MARCH) LTD"
16272112,candidates,,"ASMANDES ACQUISITIONS LTD"
14347381,candidates,,"DE ACQUISITIONS LTD"
16122455,candidates,,"LEGACY ACQUISITIONS LTD"
14038798,candidates,,"M&A THERAPIES LTD"
12207761,candidates,,"SEM ACQUISITIONS LIMITED"
10428585,candidates,,"TA CORPORATE FINANCE LIMITED"
16567227,candidates,,"WESTON & WALL PROPERTY ACQUISITIONS LIMITED"
17221563,candidates,,"M & A MECHANICAL SERVICES (LINCS) LTD"
17237839,candidates,,"FARR ACQUISITIONS LTD."
15152627,candidates,,"MILLS CORPORATE ADVISORY LIMITED"
12214692,candidates,,"OBSIDIAN CAPITAL ADVISORY LIMITED"
16873798,candidates,,"M&A PROPERTY PARTNERS LIMITED"
17459196,candidates,,"MARIAN M&A DELIVERY LTD"
06186095,candidates,,"REAL ESTATE ACQUISITIONS LIMITED"
13855871,candidates,,"BS ACQUISITIONS LIMITED"
10799945,candidates,,"M & A INVESTMENTS (MCR) LIMITED"
16267471,candidates,,"GOODALL & GOODALL CORPORATE FINANCE ADVISORY LIMITED"
17099624,candidates,,"JMD ACQUISITIONS LIMITED"
04566385,candidates,,"M & A ENGINEERING LIMITED"
11362063,candidates,,"ANP ACQUISITIONS LIMITED"
16818700,candidates,,"BUCKINGHAMSHIRE ARGYLL ACQUISITIONS LTD"
11666040,candidates,,"CORE HIGHWAYS ACQUISITIONS LIMITED"
12450604,candidates,,"CORPORATE ADVISORY LIMITED"
OC339052,candidates,,"EQUITA CORPORATE FINANCE LLP"
09054133,candidates,,"FIVE CORPORATE FINANCE LIMITED"
13305368,candidates,,"LONDON CORPORATE FINANCE LIMITED"
04296841,candidates,,"MHA CORPORATE FINANCE LIMITED"
OC334953,candidates,,"ORPHEUS CORPORATE FINANCE LLP"
17078596,candidates,,"STRATUM CAPITAL ADVISORY LIMITED"
10147412,candidates,,"WHISTLER ACQUISITIONS LIMITED"
13889286,candidates,,"RD ACQUISITIONS LTD"
NI742976,candidates,,"COMPASS PROPERTY ACQUISITIONS LIMITED"
14958875,candidates,,"M&A  ENGINEERING SOLUTIONS LTD"
14485884,candidates,,"CHAPLIN ACQUISITIONS UK LIMITED"
15872648,candidates,,"M&A (LONDON) BUILDING LIMITED"
14465456,candidates,,"M&A HAULAGE LANCASHIRE LTD"
12168832,candidates,,"J M & A ROBSON LIMITED"
SC761548,candidates,,"M&A TRAFFIC MANAGEMENT SOLUTIONS LTD"
SC752365,candidates,,"NEW BROAD STREET BUSINESS SALES LTD"
10048307,candidates,,"ELEOS CAPITAL ADVISORS LTD."
14266889,candidates,,"OXYGEN M&A LTD"
16095667,candidates,,"M & A POWELL PROPERTIES LIMITED"
09780775,candidates,,"M & A PROPERTY LIMITED"
OC448259,candidates,,"M&A G LLP"
12888867,candidates,,"Q4 CAPITAL ADVISORS LTD"
09856329,candidates,,"RM2 CORPORATE FINANCE LIMITED"
15798378,candidates,,"M&A ENT LTD"
FC022589,candidates,,"INNISFREE M&A INCORPORATED"
FC023813,candidates,,"LAKE ISLE M&A INCORPORATED"
07532823,candidates,,"D & D ACQUISITIONS LTD"
03977597,candidates,,"EASTWOOD ANGLO CORPORATE FINANCE LIMITED"
16482244,candidates,,"HALL FINANCIAL ACQUISITIONS LTD"
16372718,candidates,,"ADIT CAPITAL ADVISERS LIMITED"
02932734,candidates,,"INITIUM CORPORATE FINANCE LIMITED"
11094226,candidates,,"JAMES COWPER KRESTON CORPORATE FINANCE LIMITED"
08497441,candidates,,"CHICAGO ACQUISITIONS LIMITED"
10909083,candidates,,"G&T ACQUISITIONS LIMITED"
05811374,candidates,,"JAKE ACQUISITIONS LIMITED"
16963606,candidates,,"KPI CORPORATE FINANCE LIMITED"
08337117,candidates,,"M & A BELL (ELECTRICALS) LIMITED"
09660208,candidates,,"M & A LAUNDRY SERVICES LIMITED"
12578328,candidates,,"REEVES INDEPENDENT (ACQUISITIONS) LIMITED"
16640408,candidates,,"SUMMIT BRIDGE M & A LTD"
09766556,candidates,,"TRANSACTION SERVICES GROUP LIMITED"
04639363,candidates,,"WESTLANDS ACQUISITIONS LIMITED"
13498948,candidates,,"CRAWFORD CAPITAL ADVISORS LIMITED"
13764871,candidates,,"KALE ACQUISITIONS LTD"
12592153,candidates,,"COMPASS BUSINESS BROKER LTD"
16220774,candidates,,"KEY ACQUISITIONS LTD"
15211777,candidates,,"M & A PROPERTIES NPT LTD"
12552083,candidates,,"M & A SERVICES BRISTOL LTD"
17257560,candidates,,"WILKS ACQUISITIONS LTD"
07151352,candidates,,"TANGENT BUSINESS ACQUISITIONS LIMITED"
NF003648,candidates,,"ATLAS ACQUISITIONS LIMITED"
NI732019,candidates,,"DYE M&A HOLDING LTD"
NI710573,candidates,,"M M ACQUISITIONS (IRE) LTD"
16770615,candidates,,"BOULT ACQUISITIONS LTD"
17067698,candidates,,"M&A TECHNOLOGY SOLUTIONS LIMITED"
NI692928,candidates,,"CORDOVAN ACQUISITIONS ONE LIMITED"
08947135,candidates,,"TIMELESS ACQUISITIONS LTD"
02114634,candidates,,"M&A PHARMACIES LTD"
11633447,candidates,,"M&A RENTAL PROPERTIES LIMITED"
03991357,candidates,,"M & A COMBINE LIMITED"
08880110,candidates,,"EVANS & ASSOCIATES PROPERTY ACQUISITIONS LTD"
06438179,candidates,,"G C ACQUISITIONS LIMITED"
10073252,candidates,,"MANOR HOUSE ACQUISITIONS LIMITED"
10342716,candidates,,"MANOR HOUSE COMMERCIAL ACQUISITIONS LIMITED"
05776157,candidates,,"RUBY ACQUISITIONS LIMITED"
17327294,candidates,,"XXCELER88 ACQUISITIONS LIMITED"
17096067,candidates,,"DDT ACQUISITIONS LIMITED"
17390608,candidates,,"JM ACQUISITIONS LTD"
12938635,candidates,,"M&A 786 LIMITED"
17024538,candidates,,"M&A ACCOUNTANTS AND SAFE SECURE TAX SPECIALISTS LTD"
16941314,candidates,,"M&A CAR SHOP LTD"
16983347,candidates,,"M&A OPTIMA CLEANING LTD"
16530072,candidates,,"M&A PROCTOR HOLDINGS LIMITED"
13120149,candidates,,"M&A PROPERTY SERVICES (NORTHANTS) LIMITED"
11807859,candidates,,"REAL ESTATE ACQUISITIONS & INVESTMENT LTD"
01589056,candidates,,"M & A FLETCHER LIMITED"
10348968,candidates,,"M & A STORES LIMITED"
15072614,candidates,,"M&A CONSTRUCTION AND BUILDING LTD"
08928910,candidates,,"STALLION ACQUISITIONS LIMITED"
09568246,candidates,,"HG CORPORATE FINANCE LIMITED"
11719465,candidates,,"ACRE ACQUISITIONS LTD"
16622532,candidates,,"ASCENT ACQUISITIONS LTD"
OC423226,candidates,,"CILERNA PROPERTY ACQUISITIONS LLP"
17049550,candidates,,"DLB ACQUISITIONS LIMITED"
12575886,candidates,,"EDEN ACQUISITIONS LIMITED"
11169018,candidates,,"FS ACQUISITIONS LIMITED"
12051654,candidates,,"FUSION GROWTH ACQUISITIONS LIMITED"
12051638,candidates,,"FUSION INCOME ACQUISITIONS LIMITED"
10438311,candidates,,"GAMBIT ACQUISITIONS LIMITED"
04767669,candidates,,"KCC ACQUISITIONS LIMITED"
13364240,candidates,,"LEO ZANE ACQUISITIONS LIMITED"
11751977,candidates,,"MRMG ACQUISITIONS LIMITED"
13018750,candidates,,"NORTHERN SOLAR ACQUISITIONS LIMITED"
11490164,candidates,,"OSBORNE ACQUISITIONS LTD"
11211004,candidates,,"TITAN CAPITAL ADVISERS LTD"
17336925,candidates,,"ABBEY HOUSE HOLDINGS & ACQUISITIONS LIMITED"
17266112,candidates,,"ARGYLE ACQUISITIONS LTD"
09646112,candidates,,"ASG CORPORATE ADVISORY LTD"
13782234,candidates,,"AVA ACQUISITIONS LTD"
09831005,candidates,,"BUZZ VENUS ACQUISITIONS LIMITED"
17125701,candidates,,"C & J PROPERTY ACQUISITIONS LTD"
06734135,candidates,,"CITIZEN CORPORATE FINANCE LIMITED"
10374417,candidates,,"CS ACQUISITIONS LIMITED"
17143597,candidates,,"DJ PECK ACQUISITIONS LTD"
16248805,candidates,,"DJM ACQUISITIONS LTD"
14545255,candidates,,"GEORGE SQUARE ACQUISITIONS LTD"
16740130,candidates,,"GSM ACQUISITIONS LTD"
06312503,candidates,,"M & A BOOKS LIMITED"
09228260,candidates,,"M & A DAY FARMING LTD"
16628884,candidates,,"M & A REFRIGERATIONS LTD"
03699714,candidates,,"MULTI PACKAGING SOLUTIONS ACQUISITIONS 1 LIMITED"
03685165,candidates,,"MULTI PACKAGING SOLUTIONS ACQUISITIONS 2 LIMITED"
12106290,candidates,,"PROPERTY SOLVERS ACQUISITIONS LIMITED"
11273938,candidates,,"PROVANTAGE CORPORATE FINANCE LIMITED"
09573587,candidates,,"SALINAS CORPORATE FINANCE LTD"
12483272,candidates,,"TEAM HEALTHCARE ACQUISITIONS LIMITED"
11685485,candidates,,"VISION ACQUISITIONS LTD"
12745316,candidates,,"ATLANTA M&A LTD"
17400330,candidates,,"M&A FAMILY CARE LTD"
15115982,candidates,,"M&A FITNESS LTD"
12715972,candidates,,"M & A CALF SYSTEMS LIMITED"
16738897,candidates,,"M&A NAILS SPA LTD"
17269487,candidates,,"BISON ACQUISITIONS LTD"
11590437,candidates,,"CRP ACQUISITIONS LIMITED"
10807547,candidates,,"PENROSE ACQUISITIONS LIMITED"
15629915,candidates,,"AZURE ACQUISITIONS LTD"
07376718,candidates,,"LCST ACQUISITIONS LIMITED"
14392793,candidates,,"M & A POULTRY FARM LTD"
11333328,candidates,,"M J ACQUISITIONS LTD"
15976944,candidates,,"M&A LALI PROPERTIES LTD"
11510057,candidates,,"M&A STYLES LTD"
07291042,candidates,,"M. & A. CARS (LEEDS) LIMITED"
14275269,candidates,,"TKC ACQUISITIONS LTD"
13385734,candidates,,"ARTISAN ACQUISITIONS LIMITED"
10397954,candidates,,"MINAKOS CAPITAL ADVISORS LTD"
08645689,candidates,,"MT BLANC CAPITAL ADVISORS LTD"
09295237,candidates,,"WELCO ACQUISITIONS LIMITED"
16078225,candidates,,"ABC TECHNOLOGIES ACQUISITIONS LIMITED"
OC446718,candidates,,"GENERAL CAPITAL ADVISORY PARTNERS (GCAP) LLP"
16565493,candidates,,"HS ACQUISITIONS LTD"
10233015,candidates,,"INTERSECTION M&A LTD."
17343636,candidates,,"M & A FISHER LIMITED"
17121121,candidates,,"M&A HANDYMAN LTD"
13408046,candidates,,"STRATHAVEN CORPORATE FINANCE LIMITED"
11458077,candidates,,"TIMCKE CORPORATE ADVISERS LIMITED"
SC530303,candidates,,"BEST BUSINESS SALES LTD"
SC673040,candidates,,"FL BUSINESS SALES LTD"
SC883443,candidates,,"M&A (PAISLEY) LIMITED"
SC872012,candidates,,"FINANCIAL ADVISER ACQUISITIONS LTD"
15837707,candidates,,"PSC ACQUISITIONS LTD"
15755401,candidates,,"ALLIED ACQUISITIONS LIMITED"
14899801,candidates,,"SILVERTIP CAPITAL ADVISORS LIMITED"
SC892434,candidates,,"BREADALBANE CORPORATE FINANCE LTD"
SC519300,candidates,,"CBL CORPORATE ADVISORY LIMITED"
SC578495,candidates,,"GLENFARG ACQUISITIONS LIMITED"
SL004442,candidates,,"A M & A BREWSTER"
14370968,candidates,,"M & A BARRETT LIMITED"
08332393,candidates,,"M & A BROKING SERVICES LIMITED"
16293465,candidates,,"M & A CAR SOURCING LIMITED"
17085820,candidates,,"OTIUM GLOBAL CAPITAL ADVISORS LTD"
15903434,candidates,,"VERTIQO CORPORATE FINANCE LIMITED"
16237972,candidates,,"OAK ACQUISITIONS LTD"
07283200,candidates,,"FN ACQUISITIONS LTD"
15950241,candidates,,"STRATEGIC ACQUISITIONS LIMITED"
13231258,candidates,,"OAKSIDE ACQUISITIONS LTD"
16413498,candidates,,"ADVANA CAPITAL ADVISORS LIMITED"
10899539,candidates,,"BHANU M & A LTD"
15302608,candidates,,"M & A HATCH END LIMITED"
04544346,candidates,,"M G CORPORATE FINANCE LTD"
12513784,candidates,,"MANOR ACQUISITIONS LTD"
17254614,candidates,,"NH CAPITAL ADVISORY LTD"
16606779,candidates,,"COPERNICUS AND WOLF ACQUISITIONS LTD"
17299293,candidates,,"CAPITAL ADVISORY FINANCE LTD"
17354090,candidates,,"HS ACQUISITIONS LONDON LTD"
12774940,candidates,,"AUSTIN ACQUISITIONS 1 LTD"
07615328,candidates,,"C.R ACQUISITIONS LIMITED"
08224384,candidates,,"COLE ESTATE ACQUISITIONS LIMITED"
10021839,candidates,,"KULLVING CAPITAL ADVISORS LIMITED"
17325627,candidates,,"NDJ ACQUISITIONS LIMITED"
15639492,candidates,,"SIMPLY ACQUISITIONS LIMITED"
15283956,candidates,,"M & A WALL HOLDINGS LIMITED"
NI625875,candidates,,"FOYLESIDE ACQUISITIONS LIMITED"
15646051,candidates,,"CELIA ACQUISITIONS LTD"
12566062,candidates,,"M & A MM LTD"
06490551,candidates,,"HOLYLAND INVESTING AND ACQUISITIONS LIMITED"
17362119,candidates,,"STERLING ACQUISITIONS GROUP LTD"
07038255,candidates,,"BULLION INVESTMENTS & ACQUISITIONS LIMITED"
13056536,candidates,,"BOWLAND ACQUISITIONS LIMITED"
16744333,candidates,,"DOMUS ACQUISITIONS LTD"
09215054,candidates,,"FABRIK ACQUISITIONS LTD"
15594395,candidates,,"J GORNALL ACQUISITIONS & SALES LTD"
15587735,candidates,,"JAMES ACQUISITIONS LIMITED"
04393460,candidates,,"M & A CONSTRUCTION (NORTH WEST) LIMITED"
11390479,candidates,,"M AND A FREEHOLD LTD"
10340305,candidates,,"M M ACQUISITIONS HOLDINGS LIMITED"
06145329,candidates,,"M M ACQUISITIONS LTD"
17304168,candidates,,"SGF ACQUISITIONS LTD"
12705877,candidates,,"M&A PROPERTY GROUP LIMITED"
16490718,candidates,,"M&A 1905 LTD"
06638061,candidates,,"PASHA ACQUISITIONS LIMITED"
10533056,candidates,,"AIP ACQUISITIONS III LIMITED"
12087644,candidates,,"AIP ACQUISITIONS VI LIMITED"
06917418,candidates,,"ASTIR CAPITAL ADVISORS LIMITED"
05414774,candidates,,"CF CORPORATE FINANCE LIMITED"
10194824,candidates,,"DAEDALUS ACQUISITIONS LIMITED"
OC320249,candidates,,"DOLOMITE CAPITAL ADVISORS LLP"
13712738,candidates,,"GENUINE CAPITAL ADVISORS LIMITED"
10839810,candidates,,"M&A DELIVERY LIMITED"
10695283,candidates,,"M&A INSULATION SERVICES LIMITED"
13918246,candidates,,"M&A PROPERTIES (READING) LTD"
OC401552,candidates,,"PENINSULA CAPITAL ADVISORS LLP"
OC387744,candidates,,"QUERCUS CORPORATE FINANCE LLP"
03242617,candidates,,"SOFTWARE ACQUISITIONS & LICENSING LIMITED"
09880877,candidates,,"SUNDANCE ACQUISITIONS LIMITED"
09888952,candidates,,"SUNDANCE ACQUISITIONS MIDCO 2 LIMITED"
09880838,candidates,,"SUNDANCE ACQUISITIONS MIDCO LIMITED"
09880809,candidates,,"SUNDANCE ACQUISITIONS TOPCO LIMITED"
05075807,candidates,,"THE CLUB COMPANY ACQUISITIONS (HOLDINGS) LIMITED"
05069793,candidates,,"THE CLUB COMPANY ACQUISITIONS LIMITED"
08941452,candidates,,"WM ACQUISITIONS AND DEVELOPMENTS LTD"
13969697,candidates,,"M & A WILLIAMS LTD"
10739384,candidates,,"ORTUS LEGAL M&A LTD"
13297421,candidates,,"PLANT ACQUISITIONS LTD"
07784429,candidates,,"CONSORT ACQUISITIONS LIMITED"
05379696,candidates,,"WATSON WYATT (UK) ACQUISITIONS 1 LIMITED"
17229587,candidates,,"M & A ENERGY SERVICES LIMITED"
OC458769,candidates,,"ATLAS HEALTH CAPITAL ADVISERS LLP"
10030004,candidates,,"IKARUS CAPITAL ADVISORY LIMITED"
14107829,candidates,,"M & A BAINBRIDGE LTD"
13043419,candidates,,"PARK CORPORATE FINANCE LIMITED"
11422866,candidates,,"WHA CORPORATE FINANCE LIMITED"
09119594,candidates,,"ACACIA POINT CAPITAL ADVISORS LIMITED"
04971947,candidates,,"MINAUR CORPORATE FINANCE LIMITED"
17320936,candidates,,"TPMG GROUP ACQUISITIONS LTD"
04687880,candidates,,"GUILDHALL CAPITAL ADVISERS LIMITED"
07488689,candidates,,"GUILDHALL CORPORATE ADVISERS LIMITED"
05192159,candidates,,"GUILDHALL CORPORATE FINANCE LIMITED"
16531519,candidates,,"M & A LOGISTICS SERVICES LTD"
08339082,candidates,,"M & A SYSTEMS LTD"
14103778,candidates,,"M&A MOT & REPAIR CENTRE LTD"
13311739,candidates,,"M&A TRAVEL SERVICES LIMITED"
07018246,candidates,,"T J ACQUISITIONS LIMITED"
17356448,candidates,,"JWT PRIVATE ACQUISITIONS LTD"
12809379,candidates,,"M&A PAINTERS AND DECORATORS LTD"
17229257,candidates,,"PA CONSULTING & ACQUISITIONS LIMITED"
15918249,candidates,,"CITY ELITE TRANSACTION SERVICES LTD"
16669922,candidates,,"M&A CARPENTRY & CONSTRUCTION LIMITED"
15335459,candidates,,"M&A CHAMBERS LTD"
17469867,candidates,,"AUREN CORPORATE FINANCE LIMITED"
08537753,candidates,,"FOUNTAIN ACQUISITIONS LTD"
09611747,candidates,,"M & A INTERIORS LTD"
17081543,candidates,,"M&A FISH BAR LTD"
SC283112,candidates,,"D M & A MACLEOD LIMITED"
17379637,candidates,,"NUOVO CAPITAL ADVISORY LIMITED"
SL008062,candidates,,"EASTERN ACQUISITIONS L.P."
17082306,candidates,,"DEAM ACQUISITIONS LTD"
11775987,candidates,,"MONOCHROME CORPORATE FINANCE LIMITED"
12737805,candidates,,"BLACK ACQUISITIONS LTD"
02374320,candidates,,"M & A DRYLINERS LIMITED"
08051246,candidates,,"M & A HEARN LIMITED"
09341379,candidates,,"MORETON ACQUISITIONS LIMITED"
13241382,candidates,,"NICK ECCLES ROADSIDE ACQUISITIONS LIMITED"
13432457,candidates,,"AJJ ACQUISITIONS LIMITED"
16127358,candidates,,"GORDON ACQUISITIONS LIMITED"
08550415,candidates,,"M&A IMAGES & FILM LIMITED"
11015568,candidates,,"MJM ACQUISITIONS LIMITED"
17405333,candidates,,"PBV ACQUISITIONS LTD"
16656842,candidates,,"K.S ACQUISITIONS LTD"
16328946,candidates,,"LARK CAPITAL ADVISORY LIMITED"
17149740,candidates,,"MOREHEN & CO ACQUISITIONS LTD"
17276242,candidates,,"NAURU CORPORATE ADVISORY LTD"
OC401465,candidates,,"PURE CORPORATE ADVISORY LLP"
15834683,candidates,,"POSEIDON ACQUISITIONS LTD"
16257951,candidates,,"SINNOTT ACQUISITIONS LTD"
05876128,candidates,,"BRIDGE CORPORATE FINANCE LIMITED"
03563815,candidates,,"C M AND A J PROPERTIES LIMITED"
07479199,candidates,,"ETIHAD ACQUISITIONS LIMITED"
11096154,candidates,,"RW JUPE ACQUISITIONS LIMITED"
15370247,candidates,,"CREO ACQUISITIONS LTD"
15744107,candidates,,"M&A RENTALS LTD"
14953115,candidates,,"PGW ACQUISITIONS LIMITED"
09584784,candidates,,"PPC ACQUISITIONS 2 MAILBOXES (UK) LIMITED"
08858509,candidates,,"AFC CORPORATE ADVISORS UK LTD"
16472852,candidates,,"BLUEJAY ACQUISITIONS LIMITED"
05949619,candidates,,"J.J. ACQUISITIONS LIMITED"
14939140,candidates,,"M & A HOLDINGS SOUTH LIMITED"
11847799,candidates,,"M & A INVESTMENT PROPERTY LIMITED"
15444936,candidates,,"MAJA ACQUISITIONS LTD"
10396511,candidates,,"NEW FOREST ACQUISITIONS LIMITED"
16980024,candidates,,"RP BUSINESS ACQUISITIONS LTD"
12190370,candidates,,"RSD TALENT ACQUISITIONS LIMITED"
07285761,candidates,,"M & A SHERWOOD LIMITED"
05694364,candidates,,"CAPITAL ADVISORY PARTNERS LIMITED"
10833367,candidates,,"MALVERN ACQUISITIONS LTD"
16727160,candidates,,"DJB ACQUISITIONS LTD"
10149257,candidates,,"CASTLEMAIN CORPORATE FINANCE LIMITED"
15148876,candidates,,"EJC ACQUISITIONS LTD"
12176659,candidates,,"M & A UK PROPERTIES LTD"
16002735,candidates,,"M&A MECHANICAL ENGINEERING LTD"
07204038,candidates,,"NIRICK CORPORATE FINANCE LIMITED"
17443026,candidates,,"POLARIS CAPITAL ADVISORY LIMITED"
15456220,candidates,,"VENTURA ACQUISITIONS LTD"
15175342,candidates,,"CMS ACQUISITIONS LTD"
15942212,candidates,,"CREATE ACQUISITIONS LTD"
15871382,candidates,,"DS ACQUISITIONS LTD"
14378259,candidates,,"ENZO ACQUISITIONS LIMITED"
16376040,candidates,,"GRAVITATE CORPORATE FINANCE LIMITED"
09794744,candidates,,"LAWFM ACQUISITIONS LTD"
16278662,candidates,,"LOGISTICS M&A GROUP LIMITED"
09071642,candidates,,"M & A BOLGER LIMITED"
12878639,candidates,,"M AND A PRODUCTS LTD"
17077819,candidates,,"M&A HAIR AND BEAUTY LTD"
17084673,candidates,,"M&A HAIR SHOP LTD"
17484895,candidates,,"M&A HOSPITALITY LTD"
15094295,candidates,,"M&A LTD"
15717676,candidates,,"M&A SIGNS AND PRINT LTD"
15994940,candidates,,"PROACTIVE CORPORATE FINANCE LTD"
08902313,candidates,,"STREAM ACQUISITIONS LIMITED"
OC448744,candidates,,"TL CORPORATE FINANCE (BARBER HARRISON & PLATT) LLP"
09751929,candidates,,"TRANSACT CORPORATE FINANCE LIMITED"
16798498,candidates,,"YORKSHIRE AI ACQUISITIONS LIMITED"
16921450,candidates,,"SALTER CAPITAL ADVISORS LTD"
OC363107,candidates,,"DACRE CAPITAL ADVISORS LLP"
13393074,candidates,,"M&A YORKSHIRE LIMITED"
17282988,candidates,,"SABRE ACQUISITIONS LTD"
08959629,candidates,,"A M ACQUISITIONS LIMITED"
FC035258,candidates,,"REFINITIV TRANSACTION SERVICES PTE. LTD."
16263543,candidates,,"SIMPLY PROPERTY ACQUISITIONS LIMITED"
17013634,candidates,,"IRONSTONE ACQUISITIONS LTD"
12480893,candidates,,"M&A TYRES LTD"
16135652,candidates,,"ACQUISITIONS & ALLIANCES LTD"
17425193,candidates,,"M&A COMMERCE LTD"
15940559,candidates,,"MAGNUS ACQUISITIONS LIMITED"
16436070,candidates,,"MANCINI BUSINESS TRANSFER AGENTS LTD"
17342098,candidates,,"APEX ASSET ACQUISITIONS LTD"
17490755,candidates,,"M&A REFRIGERATION & CONDITIONG LTD"
17328490,candidates,,"SB SIGNATURE ACQUISITIONS LTD"
03188404,candidates,,"ACQUISITIONS & ALLIANCES INTERNATIONAL LIMITED"
14264348,candidates,,"BERKELEY RESTRUCTURING AND CORPORATE FINANCE LIMITED"
17328234,candidates,,"FISHER ACQUISITIONS LTD"
15571629,candidates,,"INSIGHTFUL CORPORATE FINANCE LIMITED"
15762839,candidates,,"M&A SOLUTIONS LIMITED"
11943321,candidates,,"MALVERN HOUSE ACQUISITIONS LIMITED"
13756298,candidates,,"MCDOWALL ACQUISITIONS LTD"
07431145,candidates,,"PARMAR ACQUISITIONS LTD"
04481151,candidates,,"PBAF ACQUISITIONS LIMITED"
06048350,candidates,,"STRATFORD CORPORATE FINANCE LIMITED"
16179939,candidates,,"AP CAPITAL ADVISORY LIMITED"
17488318,candidates,,"DREAM ACQUISITIONS LTD"
12172713,candidates,,"M & A VEGETABLE LIMITED"
15871171,candidates,,"M&A TRADERS LTD"
07340530,candidates,,"ELEVATE CORPORATE FINANCE CONSULTING LIMITED"
06238324,candidates,,"FALCON ACQUISITIONS LIMITED"
16192382,candidates,,"GAIA ACQUISITIONS LIMITED"
15046458,candidates,,"J. STANFORD ACQUISITIONS LIMITED"
14820054,candidates,,"KENSINGTON BUSINESS SALES LIMITED"
15984734,candidates,,"M&A GLOBAL VENTURES LIMITED"
OC395186,candidates,,"RIVENDALE ACQUISITIONS LLP"
08240897,candidates,,"SOLENT ACQUISITIONS LIMITED"
17123204,candidates,,"STUDIO 12 PROPERTY ACQUISITIONS LTD"
17424134,candidates,,"TREADSTONE  ACQUISITIONS LIMITED"
13422218,candidates,,"M & A WATERHOUSE MOTOR ENGINEERS LTD"
13266200,candidates,,"K & H ACQUISITIONS LIMITED"
16097264,candidates,,"M & A LEWIS CO LTD"
17440630,candidates,,"MCL ACQUISITIONS LTD"
11296745,candidates,,"M & A LIFT INSTALLATIONS LIMITED"
17105115,candidates,,"LF ACQUISITIONS LTD"
04635192,candidates,,"BLENHEIM ACQUISITIONS & INVESTMENTS LTD"
10962463,candidates,,"CDS LABOUR (ACQUISITIONS 2024) LTD"
06913608,candidates,,"M & A (LINCOLN) LTD"
04577794,candidates,,"M & A FABRICATION LIMITED"
14364080,candidates,,"M&A TRUCK & PLANT LIMITED"
12481037,candidates,,"M&A BATHROOMS LIMITED"
09592100,candidates,,"MERCER & HOLE CORPORATE FINANCE LIMITED"
FC036071,candidates,,"ANCALA MIDSTREAM ACQUISITIONS LIMITED"
FC033816,candidates,,"BAILEY ACQUISITIONS LIMITED"
OE013347,candidates,,"EXCELCARE ACQUISITIONS LIMITED"
FC036302,candidates,,"S4 CAPITAL ACQUISITIONS 1 LIMITED"
FC036303,candidates,,"S4 CAPITAL ACQUISITIONS 2 LIMITED"
FC038452,candidates,,"ZINC HOTELS ACQUISITIONS 210 LIMITED"
16507352,candidates,,"HMC PROPERTY GROUP ACQUISITIONS LTD"
16037803,candidates,,"M&A REFURBISHMENTS LIMITED"
SC849507,candidates,,"M & A NETHERGATE LTD"
16565349,candidates,,"ELLIS ACQUISITIONS LTD"
07179457,candidates,,"HIDCOT ACQUISITIONS LTD"
13226754,candidates,,"J&S PROPERTY ACQUISITIONS LIMITED"
13586590,candidates,,"M&A CORP LTD"
11544946,candidates,,"FORTRESS CAPITAL ADVISORS LIMITED"
13305570,candidates,,"COOKE ACQUISITIONS LIMITED"
10213348,candidates,,"GII CAPITAL ADVISORS LIMITED"
08847539,candidates,,"M & A EVENTS LTD"
17075092,candidates,,"MAYFAIR CAPITAL ADVISERS LIMITED"
11776548,candidates,,"MISCHU ACQUISITIONS 1 LIMITED"
10028810,candidates,,"PRIVATE CAPITAL ADVISORS LIMITED"
15414508,candidates,,"STRATEGY & CAPITAL ADVISORY LTD"
15673242,candidates,,"WREXHAM ACQUISITIONS LIMITED"
07466844,candidates,,"HTW ACQUISITIONS 1 LTD"
15332357,candidates,,"MARSDEN ACQUISITIONS LTD"
12555789,candidates,,"AMS ACQUISITIONS 1 LTD"
12555991,candidates,,"AMS ACQUISITIONS 2 LTD"
09800858,candidates,,"M&A KITCHENS LIMITED"
17472235,candidates,,"M&A PIZZERIA LIMITED"
16060038,candidates,,"STUART DAVIS TRANSACTION SERVICES LTD"
16143121,candidates,,"TURNER ACQUISITIONS LIMITED"
09574898,candidates,,"M & A TOTAL LIMITED"
10073563,candidates,,"VORTEX ACQUISITIONS LIMITED"
12116113,candidates,,"INTERCEDE ACQUISITIONS LIMITED"
16999057,candidates,,"BILLINGTON PROPERTY ACQUISITIONS LIMITED"
16422249,candidates,,"M & A INVESTMENTS SOT LTD"
16192733,candidates,,"M&A AUTOS STOKE LTD"
12989799,candidates,,"M&A ENGINEERING AND CONSULTING LTD"
15550881,candidates,,"MS2C ACQUISITIONS LIMITED"
15888527,candidates,,"MG ACQUISITIONS AND DEVELOPMENT LTD"
08500588,candidates,,"PROPERTY ACQUISITIONS (SOT) LIMITED"
15773916,candidates,,"M & A TOMIC ELECTRICAL LIMITED"
14288429,candidates,,"M&A EDGCUMBE AND CO LTD"
16792662,candidates,,"HOUSE OF M&A LIMITED"
17436175,candidates,,"WILKINSON ACQUISITIONS LIMITED"
SC546119,candidates,,"M & A ROBINSON LIMITED"
14437934,candidates,,"M&A PROPERTY REFURB LTD"
14442279,candidates,,"CRISTIE SOFTWARE ACQUISITIONS LIMITED"
07079735,candidates,,"HAMILTONS ACQUISITIONS LIMITED"
13580799,candidates,,"MOONLIGHT ACQUISITIONS (L) LIMITED"
13496217,candidates,,"MOONLIGHT ACQUISITIONS LIMITED"
15977589,candidates,,"EVOLVE PROPERTY ACQUISITIONS LTD"
17156471,candidates,,"GK CAPITAL ADVISORY LIMITED"
15209572,candidates,,"PROSPERITY WEALTH ACQUISITIONS LIMITED"
16493769,candidates,,"AZURE CORPORATE FINANCE LIMITED"
07903067,candidates,,"CAMPBELL ACQUISITIONS LIMITED"
07466512,candidates,,"IMCD UK ACQUISITIONS LIMITED"
17130862,candidates,,"LITTLE WREN CORPORATE FINANCE LIMITED"
07058023,candidates,,"ELYSIUM CORPORATE FINANCE LIMITED"
16914433,candidates,,"M & A UNIVERSAL LTD"
06991207,candidates,,"WOODSIDE CORPORATE FINANCE LIMITED"
17118612,candidates,,"METRE CAPITAL ADVISORS (MIDLANDS) LIMITED"
11163000,candidates,,"J M & A D TRANSPORT LTD"
14319942,candidates,,"BUSINESS BROKER SERVICES LIMITED"
13419337,candidates,,"SWAIN PROPERTY ACQUISITIONS LIMITED"
14614479,candidates,,"KSD ACQUISITIONS LTD"
13302382,candidates,,"M&A INTERNATIONAL HOLDINGS LTD"
01318712,candidates,,"M. AND A. ROMANELLO LIMITED"
03290460,candidates,,"AGI CORPORATE FINANCE LIMITED"
16667257,candidates,,"ALCHEMY ACQUISITIONS LTD"
16909498,candidates,,"M & A BODYWORK LTD"
11492018,candidates,,"M AND A TRANSPORT SERVICE LIMITED"
16428554,candidates,,"M&A REMOVALS LIMITED"
14329948,candidates,,"M&A TAPE AND JOINTING LIMITED"
17231304,candidates,,"MONARCH CAPITAL ADVISORY LTD"
06605826,candidates,,"EIGHT ROADS CAPITAL ADVISORS (UK) LIMITED"
16854597,candidates,,"M & A SPORTS (TENNIS) LTD"
14700253,candidates,,"STONELANDS CAPITAL ADVISORS LTD"
06948199,candidates,,"DECO ACQUISITIONS LIMITED"
15366954,candidates,,"MARNWOOD ACQUISITIONS LTD"
13027839,candidates,,"V&B ACQUISITIONS LIMITED"
16999392,candidates,,"MC ACQUISITIONS LTD"
16588658,candidates,,"TIDEWELL CAPITAL ADVISORY LIMITED"
01720130,candidates,,"CORPORATE FINANCE LEASING LIMITED"
14887749,candidates,,"CHANDEGRA ACQUISITIONS LTD"
16460578,candidates,,"786 ACQUISITIONS LIMITED"
17233902,candidates,,"786 SOVEREIGN ACQUISITIONS LTD"
09357460,candidates,,"ASPECT ACQUISITIONS LIMITED"
02426466,candidates,,"M & A DOOCEY CIVIL ENGINEERING LIMITED"
01762031,candidates,,"M. & A. DOOCEY PLANT HIRE LIMITED"
04232562,candidates,,"GRIFFIN CORPORATE FINANCE LIMITED"
17280116,candidates,,"M&A MANOR LIMITED"
NI689835,candidates,,"CIPCASA ACQUISITIONS LIMITED"
09158311,candidates,,"M&A ASHWORTH LTD"
13717969,candidates,,"MORPH ACQUISITIONS LIMITED"
17026659,candidates,,"S.M AND A.M RENTALS LTD"
13072919,candidates,,"CARLUS ACQUISITIONS LIMITED"
17480048,candidates,,"DTB ACQUISITIONS LTD"
04267335,candidates,,"BURNS ACQUISITIONS LIMITED"
16942820,candidates,,"VANTAGE CAPITAL ADVISORY PARTNERS LIMITED"
05279065,candidates,,"LORNAMEAD ACQUISITIONS LIMITED"
10201414,candidates,,"M AND A IRONMONGERY LTD"
11722532,candidates,,"RECRUITMENT ACQUISITIONS GROUP LIMITED"
02422152,candidates,,"BUCKLAND CORPORATE FINANCE LIMITED"
11644667,candidates,,"GWP ACQUISITIONS LTD"
15162519,candidates,,"ORMSHAW ACQUISITIONS LTD"
04110708,candidates,,"BANKING & CORPORATE FINANCE CONSULTANTS LIMITED"
10656367,candidates,,"CRESTWOOD CAPITAL ADVISORS LIMITED"
11554306,candidates,,"IRIDIUM CORPORATE FINANCE LIMITED"
10873900,candidates,,"LONMAK CAPITAL ADVISORY LTD"
01076087,candidates,,"FESTINO (CORPORATE) FINANCE LIMITED"
05557220,candidates,,"M & A CARPENTRY (UK) LTD"
09521128,candidates,,"M & A FACILITIES LTD"
07036171,candidates,,"CHROMIUM ACQUISITIONS LIMITED"
12798969,candidates,,"OXULAR ACQUISITIONS LIMITED"
FC039082,candidates,,"LIGHTHOUSE CAPITAL ADVISORY SERVICES LTD"
07495745,candidates,,"BH ACQUISITIONS LIMITED"
10886973,candidates,,"M & A PROPERTIES (WEST YORKSHIRE) LTD"
17303951,candidates,,"M&A SHEFF LIMITED"
11776876,candidates,,"M&A TRAVEL LTD"
10042746,candidates,,"SAND CAPITAL ADVISORY LIMITED"
15144009,candidates,,"M & A SERVICE PROPERTY MAINTENANCE NORTH EAST LTD"
05208606,candidates,,"AQUAINVEST ACQUISITIONS LIMITED"
16659501,candidates,,"GSS ACQUISITIONS LTD"
12143979,candidates,,"LANDYWOOD LAND AND ACQUISITIONS LTD"
17199312,candidates,,"M&A KITCHEN & JOINERY LTD"
16748672,candidates,,"MAC ACQUISITIONS LIMITED"
15938972,candidates,,"URBAN PROPERTY ACQUISITIONS LTD"
10425960,candidates,,"M & A HATFIELD LIMITED"
17344674,candidates,,"M&A FBA LTD"
14780235,candidates,,"PROPERTIES BY M&A LTD"
12820620,candidates,,"RS ACQUISITIONS LTD"
03081117,candidates,,"S.P. ACQUISITIONS LIMITED"
16902633,candidates,,"M&A DAL LTD"
14488447,candidates,,"BRAMA CAPITAL ADVISORS LTD"
OC350118,candidates,,"NEW RIVER CORPORATE FINANCE LLP"
06518991,candidates,,"R M & A CONSULTING LIMITED"
02317261,candidates,,"M & A HYGIENE LIMITED"
14989510,candidates,,"ASPIRE ACQUISITIONS LTD"
OC449372,candidates,,"DOW SCHOFIELD WATTS CORPORATE ADVISORY LLP"
07917143,candidates,,"DOW SCHOFIELD WATTS CORPORATE FINANCE (LEEDS) LIMITED"
OC423839,candidates,,"DOW SCHOFIELD WATTS CORPORATE FINANCE (LEISURE) LLP"
11433655,candidates,,"DOW SCHOFIELD WATTS CORPORATE FINANCE (LONDON) LIMITED"
07535311,candidates,,"DOW SCHOFIELD WATTS CORPORATE FINANCE LIMITED"
OC460753,candidates,,"DOW SCHOFIELD WATTS TRANSACTION SERVICES (SOLENT) LLP"
OC340027,candidates,,"DOW SCHOFIELD WATTS TRANSACTION SERVICES LLP"
08922540,candidates,,"GREENWHITESTAR ACQUISITIONS LIMITED"
09362486,candidates,,"INTELLIGENT BUSINESS SALES LIMITED"
08905849,candidates,,"JF CORPORATE ADVISORY LIMITED"
15810530,candidates,,"M&A CLIFFE LIMITED"
13970246,candidates,,"M&A RENDERING SUPPLIES LIMITED"
17337764,candidates,,"NORTHPOINT ACQUISITIONS LTD"
12062162,candidates,,"RIDGEBACK CAPITAL ADVISORS LTD"
07499251,candidates,,"ALLIANCE  ACQUISITIONS LTD"
OC422001,candidates,,"DOW SCHOFIELD WATTS TRANSACTION SERVICES (LONDON) LLP"
16960311,candidates,,"KG ACQUISITIONS LTD"
13031950,candidates,,"BELL TECHNOLOGY M&A, FUNDRAISING AND FINANCIAL GLOBAL ADVISORY LTD"
13231558,candidates,,"EASTMOUNT ACQUISITIONS 02 LTD"
13661166,candidates,,"INTERIM CORPORATE FINANCE LIMITED"
06717589,candidates,,"LIFETIME CORPORATE FINANCE LTD"
08521879,candidates,,"M & A ENERGY CONSULTING LTD"
12709622,candidates,,"M&A WEALTH LTD"
15012898,candidates,,"REGENCY ASCENSION ACQUISITIONS LIMITED"
12702000,candidates,,"VALUED ACQUISITIONS SOURCING LTD"
16454571,candidates,,"M & A CARS 1 LTD"
17393660,candidates,,"M & A CONSTRUCTION (WM) LTD"
12142075,candidates,,"JOWSS ACQUISITIONS LTD."
07227753,candidates,,"M&A AIR CONDITIONING LIMITED"
16954339,candidates,,"SIMCO ACQUISITIONS LIMITED"
10614690,candidates,,"CHASE CAPITAL LAND ACQUISITIONS LIMITED"
08703935,candidates,,"HENDERSON ACQUISITIONS LIMITED"
15266385,candidates,,"LEMCO ACQUISITIONS LIMITED"
11590456,candidates,,"ROBUST DEVELOPMENTS & ACQUISITIONS LTD"
15895813,candidates,,"LABHU ACQUISITIONS LIMITED"
11930397,candidates,,"M&A ACCOUNTING LTD"
16504081,candidates,,"M & A DIRECT LTD"
13510806,candidates,,"M & A RANU PROPERTIES LTD"
05195709,candidates,,"MONTANA CORPORATE FINANCE LIMITED"
15289360,candidates,,"YARRANDALE MERGERS & ACQUISITIONS LTD"
SC866694,candidates,,"TREETOPS PROPERTY ACQUISITIONS LIMITED"
09218089,candidates,,"UK ACQUISITIONS NO. 6 LIMITED"
05463118,candidates,,"WESCOT ACQUISITIONS LIMITED"
13348237,candidates,,"GLENFERN ACQUISITIONS LTD"
16843754,candidates,,"AMADEUS ACQUISITIONS LTD"
14478947,candidates,,"M&A BUILDING SERVICES LTD"
15438283,candidates,,"M&A CLEAN LTD"
07510353,candidates,,"PROPERTY AND LAND ACQUISITIONS LTD"
15917025,candidates,,"PETERBOROUGH CAPITAL ADVISORY LTD"
16873744,candidates,,"SH CAPITAL ADVISORY LIMITED"
09341840,candidates,,"STRADBROOK ACQUISITIONS (HOLDINGS) LIMITED"
06276103,candidates,,"STRADBROOK ACQUISITIONS LIMITED"
OC450149,candidates,,"WYVERN CORPORATE FINANCE LLP"
10886248,candidates,,"M & A COOPER LIMITED"
13205589,candidates,,"LARX CORPORATE FINANCE PARTNERS LTD"
04543062,candidates,,"TMC CORPORATE FINANCE LIMITED"
14586716,candidates,,"M&A MOTORS SPECIALIST LTD"
07811648,candidates,,"CLEARVIEW CORPORATE ADVISORY LTD"
08102483,candidates,,"LANCASHIRE ACQUISITIONS LTD"
15534659,candidates,,"M & A CATERING NW LTD"
16651612,candidates,,"M&A LIVING LTD"
16929122,candidates,,"NOVARRA CORPORATE FINANCE LTD"
16600022,candidates,,"RODGERS ACQUISITIONS LTD"
16537015,candidates,,"NEXORA ACQUISITIONS LTD"
13972024,candidates,,"AGENTIS CAPITAL ADVISORS UK LIMITED"
16887090,candidates,,"ASCENDIS CORPORATE ADVISORY LIMITED"
08025932,candidates,,"ATLAS CORPORATE FINANCE LIMITED"
16818715,candidates,,"CLOVERLEAF ACQUISITIONS LIMITED"
07134224,candidates,,"M & A PROPERTY DREAMS LTD"
12359339,candidates,,"M & A SUBESINGHE LIMITED"
13857498,candidates,,"MARKTLINK NORTH UK M&A LTD"
OC315510,candidates,,"COOMBES CORPORATE FINANCE LLP"
13195521,candidates,,"FONTAINE ACQUISITIONS LTD"
09333925,candidates,,"GULLWING CAPITAL ADVISERS LTD"
12546634,candidates,,"BARTLETT LAND ACQUISITIONS LIMITED"
14849531,candidates,,"GOLDEN CASCADE CAPITAL ADVISORS LIMITED"
17402160,candidates,,"M&A CLEANING SOLUTIONS LTD"
05973270,candidates,,"OAKLEY COURT ACQUISITIONS UNLIMITED"
17461998,candidates,,"LPMG ACQUISITIONS LIMITED"
06953172,candidates,,"M & A COMMERCIAL SERVICES LIMITED"
15912810,candidates,,"HEDLEY SPENCER ACQUISITIONS LTD"
04430785,candidates,,"LBC CORPORATE FINANCE LIMITED"
11472090,candidates,,"M & A ACQUISITIONS LIMITED"
06661641,candidates,,"M & A BEER HOLDINGS LIMITED"
17414769,candidates,,"M&A COLLECTIVE HOLDINGS LIMITED"
17417011,candidates,,"M&A COLLECTIVE LETTINGS & MANAGEMENT LIMITED"
15810301,candidates,,"M&A PROPERTY COLLECTIVE LTD"
09918088,candidates,,"HANLON CORPORATE FINANCE LIMITED"
12200490,candidates,,"M & A J PITCHER LTD"
17430615,candidates,,"APTEUS CORPORATE FINANCE LIMITED"
15245548,candidates,,"M&A CONSTRUCTION WITNEY LIMITED"
09391958,candidates,,"M&A UK CONSULTANCY LIMITED"
11269939,candidates,,"BIRCHGROVE (EWELL) ACQUISITIONS LIMITED"
12772488,candidates,,"BIRCHGROVE (GODALMING) ACQUISITIONS LIMITED"
16813581,candidates,,"COOPER CAPITAL ADVISORY LIMITED"
17208486,candidates,,"KARIM CAPITAL ADVISORY LTD"
09676745,candidates,,"MACDERMID PERFORMANCE ACQUISITIONS LTD"
13389513,candidates,,"NAMAQUA CAPITAL ADVISORS LIMITED"
11556606,candidates,,"REDUX CAPITAL ADVISERS LIMITED"
15914790,candidates,,"SDB CAPITAL ADVISORS LTD"
17418970,candidates,,"ACCRUE (ACQUISITIONS 1) LIMITED"
16686264,candidates,,"PEGASUS ACQUISITIONS LTD"
08019777,candidates,,"BUSINESS SALES (WEST MIDLANDS) LIMITED"
15945528,candidates,,"CE ACQUISITIONS LIMITED"
05017956,candidates,,"GARRATTS CORPORATE FINANCE LIMITED"
06037191,candidates,,"M & A WINDOW CLEANING LIMITED"
00024795,candidates,,"MARSTON'S ACQUISITIONS LIMITED"
15068362,candidates,,"THORNEBRIDGE ACQUISITIONS AND LETTINGS LTD"
11691694,candidates,,"UPPAL ACQUISITIONS PROPERTY LTD"
05255254,candidates,,"ASH CORPORATE FINANCE (ALTNAGELVIN) LIMITED"
04797913,candidates,,"ASH CORPORATE FINANCE (CANTERBURY) LTD"
04715079,candidates,,"ASH CORPORATE FINANCE (HAMPSTEAD) LIMITED"
04292308,candidates,,"ASH CORPORATE FINANCE (MAIDSTONE) LIMITED"
05878269,candidates,,"ASH CORPORATE FINANCE (SUFFOLK) LIMITED"
03010959,candidates,,"ASH CORPORATE FINANCE LIMITED"
OC308754,candidates,,"OTUS CORPORATE FINANCE LLP"
13747855,candidates,,"FREEHOLD ACQUISITIONS LTD"
10246473,candidates,,"M&A COFFEE LIMITED"
15744658,candidates,,"S & T ACQUISITIONS LTD"
10820169,candidates,,"LINDEN CORPORATE FINANCE LIMITED"
02182042,candidates,,"M & A COACHWORKS LIMITED"
06438742,candidates,,"M&A COACHWORKS HOLDINGS LIMITED"
14730748,candidates,,"M&A HEATING AND PLUMBING LTD"
16575474,candidates,,"M&A INNOVATIONS LTD"
02733663,candidates,,"M & A SERVICES LIMITED"
01969519,candidates,,"M. & A. PACKAGING SERVICES LIMITED"
17252433,candidates,,"ASHFORD MERGERS LTD"
10519437,candidates,,"DDC ACQUISITIONS LIMITED"
01418203,candidates,,"M. & A. BROWN (ENGRAVERS) LIMITED"
07425313,candidates,,"ALTAIR ACQUISITIONS LIMITED"
14367769,candidates,,"PGB ACQUISITIONS LTD"
12897711,candidates,,"M&A ACCESS LIMITED"
14818568,candidates,,"M&A AVIATION LIMITED"
15914826,candidates,,"AMDAR CAPITAL ADVISORS LIMITED"
14895049,candidates,,"M & A PROPERTIES SOUTH EAST LTD"
06531651,candidates,,"FURNITURE ACQUISITIONS LTD"
13566151,candidates,,"HODGSON ACQUISITIONS LTD"
16248310,candidates,,"J W PROPERTY ACQUISITIONS LIMITED"
15682469,candidates,,"JLB M&A PRACTICE LTD"
11643261,candidates,,"LRG PROPERTY ACQUISITIONS LTD"
09705340,candidates,,"M&A INVESTMENTS (YORK) LIMITED"
04838846,candidates,,"M. & A. WRIGHT CONSTRUCTION LTD."
16150338,candidates,,"SHARPEN CORPORATE FINANCE LTD"
