name,website,firm_type_label,parent,hq,hq_region,offices,coverage,regions_covered,cf_professionals,cf_professionals_basis,ebitda_min_m,ebitda_max_m,deal_ev_min_m,deal_ev_max_m,deal_size_basis,deal_size_note,covers_sme,services,sectors,sector_note,contact_email,contact_phone,team_url,contact_url,linkedin_url,description,pitchbook_deals,company_number,company_status,sources,completeness,id
3Peaks Corporate Finance,https://3peakscf.com,Sector specialist,,Wilmslow,North West,Wilmslow,national,London; South East; South West; East of England; East Midlands; West Midlands; Yorkshire and the Humber; North West; North East; Scotland; Wales; Northern Ireland,3,team_page,2.0,20.0,10,100,deals,Credentials include sell-sides at £43.5m and £45m EV and fundraisings of £5m-£35m; '£1bn+ EV advised',True,sell_side; buy_side; fundraising,Financial Services; Technology & Software,"Financial services: asset & wealth management, financial planning, fintech/technology platforms",enquiries@3peakscf.com,+44 (0) 1625 682 864,https://3peakscf.com/team,,https://www.linkedin.com/company/3peakscf/,"Founder-owned Cheshire corporate finance boutique (ex-DC Advisory/Deloitte/Standard Life founders) providing M&A, fundraising and strategic advice to wealth managers, asset managers and fintech platforms.",,OC454719,Active,https://3peakscf.com/about; https://3peakscf.com/team; https://3peakscf.com/credentials,100,3peakscf-com
4 Oceans Capital,https://4oceanscapital.com,Independent boutique,,,,,national,London; South East; South West; East of England; East Midlands; West Midlands; Yorkshire and the Humber; North West; North East; Scotland; Wales; Northern Ireland,,,0.4,4.0,2,20,estimate,Sweet spot is established businesses with revenues of £2m to £20m,True,sell_side; buy_side; fundraising; debt_advisory,Generalist,,hello@4oceanscapital.com,,,https://4oceanscapital.com,,"UK growth and transaction adviser (4 Oceans Capital Ltd, Aylesbury-registered) working with founders and management of £2m-£20m revenue businesses on growth strategy, fundraising, acquisitions and exits; cites £2.5bn+ of client transactions.",,,,https://4oceanscapital.com; https://find-and-update.company-information.service.gov.uk/company/07987024,70,4oceanscapital-com
A.P.M.A. (Jeremy Kitchin Practice M&A),https://apma.co.uk,Sector specialist,,Newark,East Midlands,Newark,national,London; South East; South West; East of England; East Midlands; West Midlands; Yorkshire and the Humber; North West; North East; Scotland; Wales; Northern Ireland,,,0.01,0.2,0.05,1,deals,"Accountancy practice and fee-block sales, e.g. 'Annual gross fees c.£530,000', 'GRF c.£50k'",False,sell_side; buy_side; valuations,Professional Services,"Specialist M&A broker for accountancy practices since 1973; lists past sales (e.g. Don Fisher & Co sold to ESDG, Hood & Co sold to BW Medical Accountants)",lucinda@apma.co.uk,01623 883300,,https://apma.co.uk/contact-apma/,,"Accountancy-practice M&A broker (Jeremy Kitchin Practice M & A Ltd, Companies House 04021604, Newark) selling and merging accountancy practices and fee blocks nationwide, with a long public list of completed sales.",,04021604,Active,https://apma.co.uk/; https://apma.co.uk/past-sales/; https://apma.co.uk/why-choose-us/; https://find-and-update.company-information.service.gov.uk/company/04021604,90,apma-co-uk
A4G,https://www.a4g-llp.co.uk,Accountancy firm CF team,,Wrotham Heath,South East,Wrotham Heath,regional,South East; London,,,0.1,2.0,0.5,10,estimate,,True,sell_side; buy_side; mbo; valuations; due_diligence,Construction & Property; Dental & Veterinary; Professional Services,"Accountancy firm's SME M&A service with stated focus on construction, architecture, property and veterinary practices (firm also specialises in vets and dentists); covers third-party sales, MBOs, EOTs and buy-side acquisitions",enquiries@a4g-llp.co.uk,01474 853856,https://www.a4g-llp.co.uk/about/who-we-are,https://www.a4g-llp.co.uk/contact,https://www.linkedin.com/company/a4g-llp,"Kent chartered accountants (Kent, London and South East) with an SME M&A advisory service covering exit readiness, valuation, buyer sourcing and negotiation, MBO/EOT exits and acquisition searches for owner-managed businesses.",,03824057,Active,https://www.a4g-llp.co.uk/services/sell-merge-or-buy-a-business-ma-advisers-for-smes; https://www.a4g-llp.co.uk/contact,90,a4g-llp-co-uk
AAB,https://aab.uk,Accountancy firm CF team,,Aberdeen,Scotland,Aberdeen; Edinburgh; Glasgow; Dundee; Inverness; Belfast; London; Manchester,national,London; South East; South West; East of England; East Midlands; West Midlands; Yorkshire and the Humber; North West; North East; Scotland; Wales; Northern Ireland,,,0.2,10.0,1,50,estimate,,True,sell_side; buy_side; mbo; fundraising; debt_advisory; due_diligence; valuations,Generalist,,,,https://aab.uk/services/corporate-finance/,,https://www.linkedin.com/company/aab-accountants,"Fast-growing Scotland-headquartered advisory group (incl. French Duncan and PKF-FPM) with a corporate finance team covering M&A, due diligence, valuations and funding.",,,,https://aab.uk/; https://aab.uk/services/corporate-finance/,90,aab-uk
Abacus Day Nursery Sales,https://www.abacusdaynurserysales.com,Business broker,The Business Transfer Group,Bury,North West,Bury; Leeds; London,national,London; South East; South West; East of England; East Midlands; West Midlands; Yorkshire and the Humber; North West; North East; Scotland; Wales; Northern Ireland,4,team_page,0.06,2.0,0.3,10,estimate,,True,sell_side; buy_side; valuations,Education,"Day nursery / childcare businesses only, from single-site settings to multi-site chains.",,0333 370 0000,https://www.abacusdaynurserysales.com/about/,https://www.abacusdaynurserysales.com/contact/,,"Specialist UK broker for buying and selling day nurseries (15+ years in childcare), part of The Business Transfer Group; offices in Bury, Leeds and London; arranged and advised on nursery sales reported in Business Sale Report.",,,,https://www.abacusdaynurserysales.com; https://www.abacusdaynurserysales.com/about/; https://www.abacusdaynurserysales.com/contact/,100,abacusdaynurserysales-com
AC Management Associates (ACMA),https://acma.co.uk,Independent boutique,,London,London,London,international,London,1,team_page,0.4,10.0,2,50,estimate,,True,sell_side; buy_side; fundraising; valuations,Automotive; Education; Technology & Software,"Automotive services, education and venture/growth fundraising",becatling@acma.co.uk,,,https://acma.co.uk,,"London M&A and fundraising boutique led by Benjamin Catling (ex Cairneagle Associates, Sciowa Corporate Finance), offering end-to-end deal execution and debt/equity raising, with automotive and education sector experience.",,03898646,Active,https://acma.co.uk,100,acma-co-uk
AcAp Advisory,https://www.acap-advisory.com,Sector specialist,,London,London,London,international,London,,,1.0,40.0,5,200,estimate,,True,sell_side; buy_side; fundraising; debt_advisory,Energy & Renewables; Construction & Property,"Power, utilities, renewables, real estate and infrastructure assets",info@acap-advisory.com,+44 (0)20 7642 3183,https://www.acap-advisory.com/team,https://www.acap-advisory.com/contact,,"London independent financial advisory (with Rome and Dubai offices) originating and executing deals and financings for energy, renewables, real estate and infrastructure assets.",,09879811,Active,https://www.acap-advisory.com/; https://www.acap-advisory.com/team; https://www.acap-advisory.com/contact,90,acap-advisory-com
Accountants For Sale,https://accountantsforsale.co.uk,Business broker,,,,,national,London; South East; South West; East of England; East Midlands; West Midlands; Yorkshire and the Humber; North West; North East; Scotland; Wales; Northern Ireland,,,0.01,0.6,0.05,3,estimate,,True,sell_side; buy_side,Professional Services,Accountancy practices,,,,,,"Specialist broker helping accountants sell or buy accountancy businesses, including acquisitions and mergers for growing firms.",,,,https://accountantsforsale.co.uk/; https://www.freeindex.co.uk/profile(accountants-for-sale)_835831.htm,60,accountantsforsale-co-uk
Acquire Business Sales,https://acquirebusinesssales.co.uk,Business broker,,Bolton,North West,Bolton,national,London; South East; South West; East of England; East Midlands; West Midlands; Yorkshire and the Humber; North West; North East; Scotland; Wales; Northern Ireland,,,0.1,3.0,0.5,15,estimate,"companies in the £500,000 to £50m turnover range",True,sell_side; valuations,Generalist,,enquiries@acquirebusinesssales.co.uk,01204 541963,,https://acquirebusinesssales.co.uk/contact-us/,,Bolton-based business broker handling whole and partial sales of privately owned UK companies with £0.5m-£50m turnover.,,07895785,Active,https://acquirebusinesssales.co.uk/; https://acquirebusinesssales.co.uk/about-us/,90,acquirebusinesssales-co-uk
Acuity Advisors,https://www.acuity.co.uk,Sector specialist,,London,London,London,national,London; South East; South West; East of England; East Midlands; West Midlands; Yorkshire and the Humber; North West; North East; Scotland; Wales; Northern Ireland,,,1.0,30.0,5,150,estimate,,True,sell_side; buy_side; fundraising,Technology & Software; Telecoms,"Software, digital services, digital infrastructure/telecoms, deep tech, industrial tech, managed services",hello@acuity.co.uk,+44 (0)20 7123 4889,https://www.acuity.co.uk/team/,https://www.acuity.co.uk/contact/,https://www.linkedin.com/company/acuityadvisors,"Tech M&A and fundraising adviser to mid-market technology businesses (software, digital services, digital infrastructure, deep and industrial tech, MSPs).",,06494937,Active,https://www.acuity.co.uk/; https://www.acuity.co.uk/about/story/,90,acuity-co-uk
Adam J Walker & Associates,https://www.adamjwalker.co.uk,Sector specialist,,Rickmansworth,East of England,Rickmansworth,national,London; South East; South West; East of England; East Midlands; West Midlands; Yorkshire and the Humber; North West; North East; Scotland; Wales; Northern Ireland,9,stated,0.1,20.0,0.5,100,stated,"selling letting agencies with a value of between £500,000 and £100 million",True,sell_side; valuations,Construction & Property,"Specialist broker for letting agencies and mixed sales-and-lettings estate agencies; also mortgage brokers, block management, commercial agencies and auctioneers. Acts only for sellers, no sale no fee; 700+ businesses sold",adam@adamjwalker.co.uk,01923 904784,https://www.adamjwalker.co.uk/meet-the-team/,https://www.adamjwalker.co.uk/contact-us/,https://www.linkedin.com/company/adam-j-walker-associates-ltd,"Hertfordshire-based specialist broker that sells UK letting and estate agency businesses for their owners, claiming 700+ sales worth over £1bn in 32 years, led by Adam J Walker with an 8-strong team.",,07055153,Active,https://www.adamjwalker.co.uk/; https://www.adamjwalker.co.uk/meet-the-team/; https://www.adamjwalker.co.uk/contact/,100,adamjwalker-co-uk
Adam Street Advisers,https://www.adamstreet.com,Independent boutique,,London,London,London; Cardiff; Swansea; Bristol; Birmingham; Leeds,national,London; South East; South West; East of England; East Midlands; West Midlands; Yorkshire and the Humber; North West; North East; Scotland; Wales; Northern Ireland,11,team_page,,20.0,,100,stated,selling businesses with a typical value of up to £100 million; raising debt or equity between £2 million to £500 million,True,sell_side; buy_side; fundraising; debt_advisory; mbo; restructuring,Healthcare; Education; Business Services,Generalist but regarded as leading adviser in UK healthcare and education,,+44 (0)20 7846 2194,https://www.adamstreet.com/our-people/,https://www.adamstreet.com/contact-us/,https://uk.linkedin.com/company/adamstreetadvisers,"Soho-based corporate finance boutique advising on business sales (typically up to £100m), capital raising, MBOs/MBIs and acquisitions, strong in healthcare and education.",,09579715,Active,https://www.adamstreet.com/; https://www.adamstreet.com/our-people/; https://www.adamstreet.com/contact-us/; https://www.adamstreet.com/about-us/,100,adamstreet-com
Addisons,https://www.addisons.co.uk,Sector specialist,,London,London,London,national,London; South East; South West; East of England; East Midlands; West Midlands; Yorkshire and the Humber; North West; North East; Scotland; Wales; Northern Ireland,,,0.02,1.0,0.1,5,estimate,,True,sell_side; buy_side; valuations,Construction & Property; Professional Services,"Sales of letting and estate agencies, property management, block/estate management companies and surveyors.",,020 8958 4375,,https://www.addisons.co.uk/contact-us/,,London business transfer broker (35+ years) specialising in selling letting and estate agencies and property management companies.,,,,https://www.addisons.co.uk/; https://www.addisons.co.uk/about-us/,90,addisons-co-uk
Adepto Acquisition,https://adeptoacquisitions.co.uk,Independent boutique,,Altrincham,North West,Altrincham,national,London; South East; South West; East of England; East Midlands; West Midlands; Yorkshire and the Humber; North West; North East; Scotland; Wales; Northern Ireland,,,0.2,3.0,1,15,estimate,"""If you are a small to Lower midmarket SME, then you are on the right place. Your turnover will be up to £50m turnover and or profits up to £5m""",True,sell_side; buy_side; valuations,Generalist,Nearly all sectors except pure retail and leisure,mike.power@adeptoacquisitions.co.uk,0161 941 2000,,https://adeptoacquisitions.co.uk,,"Altrincham (Hale) M&A adviser founded by Mike Power (30+ years, hundreds of transactions) selling and buying SME and lower mid-market businesses, taking a small number of deals each year.",,08368602,Active,https://adeptoacquisitions.co.uk,90,adeptoacquisitions-co-uk
Advertising M&A,https://advertisingmanda.com,Sector specialist,,London,London,London,international,London; South East; South West; East of England; East Midlands; West Midlands; Yorkshire and the Humber; North West; North East; Scotland; Wales; Northern Ireland,,,0.2,6.0,1,30,estimate,,True,sell_side; buy_side; fundraising,Media & Marketing; Technology & Software,"Marketing, advertising, creative and digital agencies only; group also trades as Creative M&A and Digital M&A; consultants are ex-agency C-suite.",chris.still@advertisingmanda.com,+44 7776 185814,https://advertisingmanda.com/leadership/,https://advertisingmanda.com/connect/,,"London-headquartered international M&A consultancy founded in 2001 for agencies in marketing services, creative and digital, acting for vendors, acquirers and investors (e.g. Jellyfish's acquisition of Reamp, ShoreView's investment in Go Local).",,,,https://advertisingmanda.com/; https://advertisingmanda.com/case-studies/; https://creativemanda.com/contact/,90,advertisingmanda-com
Affinia,https://www.affinia.co.uk,Accountancy firm CF team,Affinia (Sovereign Capital-backed group),London,London,London; Colchester; Chelmsford; Ipswich; Harlow; Orpington; Sidcup; Sutton; Halstead; Cambridge,regional,London; East of England; South East; East Midlands; West Midlands,,,0.2,4.0,1,20,estimate,,True,sell_side; buy_side; mbo; valuations; due_diligence,Generalist,,,,,https://www.affinia.co.uk/get-in-touch/east-anglia/colchester/,,"Challenger accountancy group formed in 2024 from seven London/Essex/Kent firms (LB Group, RE Group, Clarkson Hyde and others) with a corporate finance service (Affinia Corporate Finance Ltd); among the most active East of England deal advisers in Experian Q1 2026.",,,,https://www.accountancyage.com/2024/12/03/seven-regional-firms-merge-to-form-affinia; https://www.accountancytoday.co.uk/2025/12/19/affinia-expands-into-cambridge-with-two-local-accountancy-firms/; https://www.insidermedia.com/news/north-westsouth-eastyorkshire/ma-activity-opens-year-at-steady-and-disciplined-pace-in-east-of-england-experian-market-iq; https://find-and-update.company-information.service.gov.uk/search/companies?q=affinia+corporate+finance; https://www.affinia.co.uk/; https://www.insidermedia.com/event/central-and-east-of-england-dealmakers-awards-2026/shortlist; https://www.experian.co.uk/content/dam/marketing/uki/uk/en/pdf/MA-Full-year-report-2025-V3.pdf; https://www.accountingweb.co.uk/practice/practice-strategy/how-affinia-built-a-ps100m-firm-in-three-years,90,affinia-co-uk
AG&G,https://agg.uk.com,Business broker,,London,London,London,national,London; South East; South West; East of England; East Midlands; West Midlands; Yorkshire and the Humber; North West; North East; Scotland; Wales; Northern Ireland,7,team_page,0.06,4.0,0.3,20,estimate,,True,sell_side; buy_side; valuations,Leisure & Hospitality,"Licensed leisure property specialists: sale of pubs, bars and restaurants (freehold and leasehold), plus M&A / strategic advice for operators.",info@agg.uk.com,020 7836 7826,https://agg.uk.com/about/team,https://agg.uk.com/contact,,"London chartered surveyors specialising in pubs, bars and restaurants: agency sales of freehold and leasehold licensed businesses, valuation and M&A / strategic advice.",,04004212,Active,https://agg.uk.com/; https://agg.uk.com/about/team; https://agg.uk.com/contact,100,agg-uk-com
AGC Partners,https://www.agcpartners.com,Investment bank / broker,,Boston,International,London,international,London,,,8.0,160.0,40,800,stated,deal sizes from $50M to $1B+,False,sell_side; buy_side; fundraising,Technology & Software,"AI and SaaS M&A and growth equity; 23 partners, 560+ transactions globally.",,+44 207 036 3950,https://www.agcpartners.com/team,https://www.agcpartners.com/contact,https://www.linkedin.com/company/agc-partners/,"US technology investment bank (America's Growth Capital) with a London office (America's Growth Capital Europe LLP) advising AI and SaaS companies on M&A and growth equity, typically $50m+ deals.",,,,https://www.agcpartners.com; https://www.agcpartners.com/contact,90,agcpartners-com
Agnitio Capital,https://agnitiocapital.com,Sector specialist,,London,London,London,international,London,3,team_page,0.8,40.0,4,200,deals,"Disclosed deal values on its transactions page run from ""for $4 million"" and ""up to €5.85 million"" through ""$35 million"", ""up to $60 million"" and ""€109.8 million"" to ""up to $214.5 million"" (USD/EUR as published; many undisclosed)",True,sell_side; buy_side; fundraising,Technology & Software; Media & Marketing,Emerging tech and digital entertainment (gaming) companies.,info@agnitiocapital.com,+44 (0) 20 7993 8513,https://agnitiocapital.com/team,https://agnitiocapital.com/contact,https://www.linkedin.com/company/agnitiocapital/,London (Great Portland Street) 'accelerator bank' giving growth and M&A advice to emerging technology and digital entertainment companies; partners are former tech founders.,,04922176,Active,https://agnitiocapital.com/; https://agnitiocapital.com/team; https://agnitiocapital.com/contact,100,agnitiocapital-com
AJ Chambers,https://aj-chambers.com,Sector specialist,,Southend-on-Sea,East of England,Southend-on-Sea; London,national,London; South East; South West; East of England; East Midlands; West Midlands; Yorkshire and the Humber; North West; North East; Scotland; Wales; Northern Ireland,2,estimate,0.04,2.0,0.2,10,estimate,,True,sell_side; buy_side; valuations,Professional Services,Law firms and accountancy practices (M&A arm of a professional-services recruiter),hello@aj-chambers.com,01702 410 415,https://aj-chambers.com/meet-the-experts,https://aj-chambers.com/contact-us,https://linkedin.com/company/aj-chambers-ltd,"Accounting and legal recruitment firm with an M&A consultancy that advises on the sale, merger and succession of accountancy and law practices.",,,,https://aj-chambers.com/; https://www.legalfutures.co.uk/associate-news/selling-or-merging-your-legal-practice/print/,100,aj-chambers-com
AJF Commercial Business Sales,https://www.ajfcommercial.co.uk,Business broker,,Bolton,North West,Bolton,regional,North West; Yorkshire and the Humber,,,0.0,0.1,0.02,0.5,estimate,,False,sell_side; valuations,Generalist,,enquiries@ajfcommercial.co.uk,01204 325101,,https://www.ajfcommercial.co.uk/contact/,https://www.linkedin.com/company/ajf-commercial-business-sales/,"Family-run business broker in Horwich, Bolton (est. 2017) selling businesses across Greater Manchester, Lancashire, Cheshire, Merseyside, Cumbria and Yorkshire.",,10568812,Active,https://www.ajfcommercial.co.uk/; https://www.ajfcommercial.co.uk/about/,90,ajfcommercial-co-uk
AkenoMTBN,https://www.akenomtbn.co.uk,Sector specialist,Akeno,,,,national,London; South East; South West; East of England; East Midlands; West Midlands; Yorkshire and the Humber; North West; North East; Scotland; Wales; Northern Ireland,,,0.2,6.0,1,30,estimate,,True,sell_side; valuations,Automotive,"Sale and purchase of car dealerships, bodyshops, petrol stations, leasing, auctions and automotive parts businesses.",martin@mtbn.co.uk,07802 296363,,,https://www.linkedin.com/company/akenomtbn,"Motor trade M&A specialist (MTBN, founded 1989) advising vendors on the sale of car dealerships and automotive businesses UK-wide; joined Akeno and trades as AkenoMTBN from October 2025. HQ not confirmed.",,,,https://www.mtbn.co.uk/; https://www.akenomtbn.co.uk/; https://akenomtbn.co.uk/,70,akenomtbn-co-uk
Akereos Capital,https://akereos.com,Sector specialist,,London,London,London,international,London; South East; South West; East of England; East Midlands; West Midlands; Yorkshire and the Humber; North West; North East; Scotland; Wales; Northern Ireland,,,4.0,,20,,estimate,Over €bn+ transaction volume across debt and equity since 2019 (renewables),False,sell_side; buy_side; debt_advisory; fundraising,Energy & Renewables,"Renewables and energy transition: developers, IPPs, infrastructure funds; M&A, debt advisory, intermediate capital, PPAs",,,,https://akereos.com/contact-us/,https://www.linkedin.com/company/akereoscapital/,"London-headquartered investment banking boutique founded in 2016 specialising in renewables and energy transition M&A, debt advisory and capital raising; ranked in Experian UK adviser tables.",,10348986,Active,https://akereos.com/about/; https://www.experian.co.uk/content/dam/marketing/uki/uk/en/pdf/MA-Full-year-report-2025-V3.pdf,90,akereos-com
Alan J Picken,https://alanjpicken.co.uk,Business broker,,Ilkley,Yorkshire and the Humber,Ilkley,regional,Yorkshire and the Humber; North West,,,0.0,0.1,0.02,0.5,estimate,,False,sell_side,Consumer & Retail; Leisure & Hospitality; Food & Beverage; Education,"Small retail, cafes, takeaways, salons, day nurseries and other owner-run businesses.",,01943 609451,,https://alanjpicken.co.uk/contact/,,"Family-run Yorkshire business transfer agent founded in 1976, based in Ilkley.",,,,https://alanjpicken.co.uk/; https://www.alanjpicken.co.uk/about-us/,90,alanjpicken-co-uk
Alantra,https://www.alantra.com,Investment bank / broker,,Madrid,International,London,international,London; South East; South West; East of England; East Midlands; West Midlands; Yorkshire and the Humber; North West; North East; Scotland; Wales; Northern Ireland,,,4.0,100.0,20,500,estimate,,False,sell_side; buy_side; debt_advisory; restructuring,Generalist,,,,https://www.alantra.com/team/,https://www.alantra.com/shareholders/contact-us-2/,,"International mid-market investment bank with a London corporate finance, debt advisory and restructuring team.",,,,https://www.alantra.com/,90,alantra-com
Alaris Corporate Finance,https://www.alariscf.co.uk,Independent boutique,,London,London,London,national,London; South East; South West; East of England; East Midlands; West Midlands; Yorkshire and the Humber; North West; North East; Scotland; Wales; Northern Ireland,4,estimate,0.4,6.0,2,30,estimate,"sale of UK SMEs to PLCs, multinational groups, private equity and HNW investors",True,sell_side; buy_side; mbo,Media & Marketing; Technology & Software; Business Services; Generalist,,nstone@alariscf.co.uk,,https://www.alariscf.co.uk,,https://www.linkedin.com/company/21594966,"Independently owned, partner-led corporate finance adviser (registered in London, est. 2003) on sell-side, buy-side and MBO transactions for UK SMEs, with media/publishing/digital experience.",,04908023,Active,https://www.alariscf.co.uk/; https://www.alariscf.co.uk/copy-of-business-services; https://find-and-update.company-information.service.gov.uk/advanced-search/get-results?companyNameIncludes=corporate+finance&registeredOfficeAddress=London&status=active,100,alariscf-co-uk
Albert Goodman,https://www.albertgoodman.co.uk,Accountancy firm CF team,,Taunton,South West,Taunton; Bridgwater; Chard; Weymouth; Yeovil; Wells,regional,South West,,,0.2,3.0,1,15,estimate,,True,sell_side; buy_side; mbo; fundraising; debt_advisory; due_diligence; valuations,Generalist,,,,,,https://www.linkedin.com/company/albert-goodman/,"Somerset and Dorset accountancy firm with a corporate finance team advising South West owner-managed businesses on sales, acquisitions, MBOs and valuations.",,OC353677,Active,https://www.albertgoodman.co.uk/,80,albertgoodman-co-uk
AlbR Capital,https://albrcapital.com,Investment bank / broker,,London,London,London,national,London; South East; South West; East of England; East Midlands; West Midlands; Yorkshire and the Humber; North West; North East; Scotland; Wales; Northern Ireland,,,1.0,20.0,5,100,estimate,,True,ecm; fundraising; buy_side; sell_side,Generalist,"Small-cap AIM, Aquis and LSE Main Market companies; also private growth capital",info@albrcapital.com,+44 (0)20 7469 0930,,https://albrcapital.com/contact/,https://www.linkedin.com/company/albr-capital-limited/,"London corporate broker and adviser formed by combining the capital markets businesses of Peterhouse Capital and Novum Securities (effective October 2025); provides corporate finance/advisory, broking and private growth capital to small-cap companies. Supersedes the Peterhouse Capital record.",,05879560,Active,https://albrcapital.com; https://albrcapital.com/about/; https://albrcapital.com/contact/,90,albrcapital-com
Aldridge Care Homes,https://aldridgecarehomes.co.uk,Sector specialist,,Chatham,South East,Chatham,national,London; South East; South West; East of England; East Midlands; West Midlands; Yorkshire and the Humber; North West; North East; Scotland; Wales; Northern Ireland,,,0.1,2.0,0.5,10,estimate,,True,sell_side; valuations,Care,"Residential, nursing, learning disability and children's homes as going concerns.",michael@aldridgecarehomes.co.uk,01634 791758,,https://aldridgecarehomes.co.uk/contact-us/,,"Nationwide care home business transfer agent (est. 2013, Chatham, Kent) selling residential and nursing homes as going concerns; lists previously sold homes.",,09091955,Active,https://aldridgecarehomes.co.uk/; https://www.buyacarehome.com/featured-business-transfer-agents,90,aldridgecarehomes-co-uk
Alexa Capital,https://www.alexa-capital.com,Sector specialist,,London,London,London,international,London,13,team_page,2.0,100.0,10,500,estimate,,True,sell_side; buy_side; fundraising; restructuring,Energy & Renewables; Transport & Logistics,"Energy technology, energy infrastructure, climate tech and e-mobility",info@alexa-capital.com,+442039317652,https://www.alexa-capital.com/about/,https://www.alexa-capital.com/contact/,https://www.linkedin.com/company/alexa-capital-llp/,"Piccadilly-based corporate finance and M&A adviser focused on energy transition, energy infrastructure and e-mobility businesses.",,10759666,Active,https://www.alexa-capital.com/; https://www.alexa-capital.com/about/; https://www.alexa-capital.com/contact/,100,alexa-capital-com
Alexander & Co,https://alexander.co.uk,Accountancy firm CF team,,Manchester,North West,Manchester,regional,North West,,,0.1,2.0,0.5,10,estimate,,True,sell_side; buy_side; fundraising; valuations,Generalist,,,0161 832 4841,https://alexander.co.uk/about-alexander-co/our-people/,https://alexander.co.uk/contact/,https://www.linkedin.com/company/alexander-%26-co-chartered-accountants,"Manchester chartered accountants and tax advisers with corporate finance specialists advising on company acquisitions, disposals and deal structuring; publishes recent deals.",,OC340289,Active,https://alexander.co.uk/business-accountancy-services/corporate-finance/; https://alexander.co.uk/,90,alexander-co-uk
Alexander Mackie Associates,https://alexandermackie.co.uk,Sector specialist,,Sevenoaks,South East,Sevenoaks,national,London; South East; South West; East of England; East Midlands; West Midlands; Yorkshire and the Humber; North West; North East; Scotland; Wales; Northern Ireland,,,0.1,1.0,0.5,5,deals,e.g. group of two garden centres in Scotland at £3.9m,True,sell_side; buy_side; valuations; debt_advisory,Consumer & Retail; Agriculture,Garden centres and nurseries only (30+ years).,info@alexandermackie.co.uk,01732 522222,,https://alexandermackie.co.uk/contact-us,,"Specialist adviser selling and valuing garden centres and plant nurseries across the UK, based in Wrotham, Kent.",,,,https://alexandermackie.co.uk/; https://alexandermackie.co.uk/contact-us,90,alexandermackie-co-uk
Alfred Henry Corporate Finance,https://alfredhenry.com,Investment bank / broker,,London,London,London,national,London; South East; South West; East of England; East Midlands; West Midlands; Yorkshire and the Humber; North West; North East; Scotland; Wales; Northern Ireland,5,team_page,0.4,12.0,2,60,deals,"IPO transactions listed with market cap at admission from £1.66m (Global Connectivity, NEX 2019) to £62.8m (Hydrogen Utopia, LSE 2023)",True,ecm; fundraising; valuations; sell_side,Generalist,"Corporate adviser for Aquis Stock Exchange and LSE listings (incl. reverse takeovers, Takeover Code); also independent valuations and end-to-end delivery of Employee Ownership Trust (EOT) sales",enquiries@alfredhenry.com,+44 (0) 20 8064 4056,https://alfredhenry.com/,https://alfredhenry.com/,,"London corporate advisory boutique (since 1996) acting as corporate adviser on small-cap IPOs on the Aquis Stock Exchange and LSE, e.g. Hydrogen Utopia, RentGuarantor, Technology Minerals; also runs EOT sale transactions with independent valuations.",,03214944,Active,https://alfredhenry.com/; https://alfredhenry.com/transactions/; https://alfredhenry.com/eot/; https://find-and-update.company-information.service.gov.uk/company/03214944,100,alfredhenry-com
Alinea,https://www.alineacf.co.uk,Independent boutique,Pandion Partners,Birmingham,West Midlands,Birmingham; Telford,regional,West Midlands; Wales; East Midlands,3,team_page,0.4,6.0,2,30,estimate,"""Company sales, buy-outs and acquisitions for UK mid-market owners""",True,sell_side; buy_side; mbo; valuations; debt_advisory,Generalist; Technology & Software; Industrials & Manufacturing; Business Services; Food & Beverage; Financial Services,"Sector pages: technology, industrials, wealth, business services, food & beverage; also employee ownership via an operating partner.",slloydbottom@alineacf.co.uk,,https://www.alineacf.co.uk/our-team,https://www.alineacf.co.uk/contact-us,http://www.linkedin.com/company/alinea-corporate-finance,"Birmingham and Telford corporate finance boutique (Alinea Advisory Ltd, partners Simon Lloydbottom and Oliver Wadlow), exclusive UK member of the Pandion Partners network, advising mid-market and SME owners on company sales, buy-outs and acquisitions; advised the MBO team at North Wales haulier NPC Commercials.",,11639332,Active,https://www.alineacf.co.uk; https://www.alineacf.co.uk/our-team; https://www.alineacf.co.uk/contact-us; https://www.wales247.co.uk/north-wales-haulage-firm-npc-commercials-changes-hands,100,alineacf-co-uk
Allenby Capital,https://www.allenbycapital.com,Investment bank / broker,,London,London,London,national,London; South East; South West; East of England; East Midlands; West Midlands; Yorkshire and the Humber; North West; North East; Scotland; Wales; Northern Ireland,,,1.0,20.0,5,100,estimate,,True,sell_side; buy_side; fundraising; ecm,Generalist,,info@allenbycapital.com,+44 (0) 20 3328 5656,https://www.allenbycapital.com/our-team/,https://www.allenbycapital.com/contact/,,"London-based corporate finance and broking firm acting as nominated adviser and broker to AIM and AQSE small caps, advising on fundraisings, IPOs and M&A.",,06706681,Active,https://www.allenbycapital.com/; https://www.allenbycapital.com/contact/,90,allenbycapital-com
Alliotts,https://www.alliotts.com,Accountancy firm CF team,,London,London,London; Guildford,local,London; South East,,,0.1,2.0,0.5,10,estimate,,True,sell_side; buy_side; mbo; fundraising; debt_advisory; due_diligence; valuations,Generalist,,london@alliotts.com,+44 (0)20 7240 9971,https://www.alliotts.com/expertise/business/corporate-finance/,https://www.alliotts.com/contact/london/,https://www.linkedin.com/company/alliotts/,"London and Guildford accountancy firm whose multi-disciplinary team provides corporate finance advisory, acquisition support and fundraising for ambitious SMEs.",,OC430772,Active,https://www.alliotts.com/; https://www.alliotts.com/expertise/business/corporate-finance/,90,alliotts-com
Alpha Advisory,https://www.alpha-advisory.co.uk,Sector specialist,,London,London,London,international,London,2,team_page,4.0,100.0,20,500,estimate,,False,sell_side,Technology & Software; Media & Marketing; Telecoms,"TMT; retained board adviser on exit strategy, complementary to a sell-side bank",joel@alpha-advisory.co.uk,+447801914581,https://www.alpha-advisory.co.uk,https://www.alpha-advisory.co.uk,,"London TMT exit adviser launched 2021 by Joel Greenwood (ex Raymond James London head, Deloitte UK TMT M&A) with partner Alexander Luycx (ex DC Advisory), acting as retained board adviser on premium exits.",,,,https://alpha-advisory.co.uk,100,alpha-advisory-co-uk
Alpha Helix,https://www.alphahelix.com,Sector specialist,,London,London,London,international,London,4,team_page,1.0,20.0,5,100,estimate,,True,sell_side; buy_side; fundraising,Healthcare,"UK and European healthcare SMEs: clinics, diagnostic imaging, NHS insourcing, MSK",info@alphahelix.com,0208 022 5428,https://www.alphahelix.com/about,https://www.alphahelix.com/contact,https://www.linkedin.com/company/alpha-helix-corporate-finance/,Mayfair healthcare M&A and strategy adviser to founders and operators of UK and European healthcare businesses.,,09888509,Active,https://www.alphahelix.com/; https://www.alphahelix.com/about; https://firmbase.co/resources/industry-lists/boutique-m-and-a-companies-in-the-uk-london,100,alphahelix-com
Altenburg Advisory,https://www.altenburgadvisory.com,Debt adviser,,London,London,London,national,London; South East; South West; East of England; East Midlands; West Midlands; Yorkshire and the Humber; North West; North East; Scotland; Wales; Northern Ireland,8,team_page,1,20,,,estimate,businesses seeking between £5m and £100m+ of debt,True,debt_advisory,Generalist,,info@altenburgadvisory.com,0203 488 0916,https://www.altenburgadvisory.com/team/,https://www.altenburgadvisory.com/contact/,,"London-based specialist debt adviser (founded 2019) to owner-managed and PE-owned UK businesses raising £5m-£100m+ across leveraged finance, ABL, real estate and specialty finance; £831m of facilities arranged and 84 acquisitions funded.",,,,https://www.altenburgadvisory.com/; https://www.altenburgadvisory.com/team/,100,altenburgadvisory-com
Altius Group (Altius Corporate Finance),https://altiusgroup.co.uk,Business broker,,Preston,North West,Preston,national,London; South East; South West; East of England; East Midlands; West Midlands; Yorkshire and the Humber; North West; North East; Scotland; Wales; Northern Ireland,,,0.2,4.0,1,20,estimate,Altius Corporate Finance 'primarily partner with businesses exceeding turnovers of £5 million+'; group also runs smaller business sales,True,sell_side; buy_side; valuations,Healthcare; Care; Education; Engineering; Industrials & Manufacturing; Technology & Software; Transport & Logistics; Construction & Property; Energy & Renewables; Distribution & Wholesale; Professional Services; Generalist,"Sector desks incl. childcare/education, homecare, healthcare, fire & security; group brands include Redwoods Dowling Kerr, Bruce & Co, Kings Business, Kings Corporate",,01772 775770,,https://altiusgroup.co.uk/contact-us/,https://www.linkedin.com/company/altius-group,Preston-headquartered business sales and M&A group (owner of Redwoods Dowling Kerr and other brokerage brands) whose Altius Corporate Finance team handles larger sell-side and buy-side mandates; ranked in Experian's top 10 most active UK M&A advisers.,,,,https://altiusgroup.co.uk/; https://altiusgroup.co.uk/services/altius-corporate-finance/; https://www.lep.co.uk/business/preston-based-altius-group-ranked-in-top-10-most-active-ma-advisers-of-2025-5620255; https://altiusgroup.co.uk/about/; https://www.experian.co.uk/content/dam/marketing/uki/uk/en/pdf/MA-Full-year-report-2025-V3.pdf,90,altiusgroup-co-uk
Alvarez & Marsal Corporate Finance,https://www.alvarezandmarsal.com,Investment bank / broker,Alvarez & Marsal,New York,International,London; Leeds; Cardiff,national,London; South East; South West; East of England; East Midlands; West Midlands; Yorkshire and the Humber; North West; North East; Scotland; Wales; Northern Ireland,,,4.0,100.0,20,500,estimate,,False,sell_side; buy_side; fundraising; debt_advisory; restructuring; due_diligence; mbo,Technology & Software; Healthcare; Business Services; Generalist,"Leeds team highlights technology, tech-enabled services and healthcare",,,,,,"Global advisory firm whose UK corporate finance practice advises founder-owners, management teams, PE sponsors and corporates on M&A, fundraising and partial exits; opened a Leeds CF team in April 2024 (led by Duncan Morpeth, ex-Grant Thornton) covering Yorkshire and the North East.",,,,https://www.consultancy.uk/news/37017/am-rolls-out-corporate-finance-offering-in-yorkshire; https://www.experian.co.uk/content/dam/marketing/uki/uk/en/pdf/MA-Full-year-report-2025-V3.pdf; https://www.insidermedia.com/event/central-and-east-of-england-dealmakers-awards-2026/shortlist; https://www.insidermedia.com/event/midlands-dealmakers-awards-2026/shortlist,80,alvarezandmarsal-com
Amica Corporate Finance,https://www.amicacf.co.uk,Debt adviser,,Witney,South East,Witney,national,London; South East; South West; East of England; East Midlands; West Midlands; Yorkshire and the Humber; North West; North East; Scotland; Wales; Northern Ireland,2,team_page,1.0,10.0,5,50,estimate,"Case studies are debt raises of £3m, £5m and £15m for acquisitive insurance, accountancy and wealth firms",True,debt_advisory; fundraising; sell_side; mbo,Financial Services; Professional Services,"Case studies in insurance broking, accountancy and wealth management buy-and-build; acquisition, MBO, MBI and EOT debt",james.cotton@amicacf.co.uk,07758 515186,https://www.amicacf.co.uk/,https://www.amicacf.co.uk/,https://www.linkedin.com/company/amica-corporate-finance/,"Small corporate finance adviser (James Cotton, Joshua Jolowicz) sourcing debt across the capital structure for acquisitions, MBOs, MBIs and EOTs, plus equity raising and business sale/M&A services.",,15921884,Active,https://www.amicacf.co.uk/; https://find-and-update.company-information.service.gov.uk/company/15921884,100,amicacf-co-uk
AMP Capital Advisory,https://www.ampcapitaladvisory.com,Sector specialist,,London,London,London,international,London,2,team_page,10.0,200.0,50,1000,estimate,"Founders 'advised on, raised, and structured in excess of $300bn of transactions' in prior bank/law-firm careers; no firm deals published. Range is an estimate.",False,sell_side; buy_side; fundraising; debt_advisory; ecm; restructuring,Energy & Renewables,"Roots in energy and natural resources (upstream/downstream M&A, reserve-based lending, high yield, equity raises for NOCs, majors and independents); also sovereign restructurings and emerging-market capital markets",contact@ampcapitaladvisory.com,,https://www.ampcapitaladvisory.com/about,https://www.ampcapitaladvisory.com/contact,,"Senior-led London advisory boutique founded by three ex-investment bank/law firm executives, advising on M&A, capital markets and financing, with roots in energy and natural resources.",,13575999,Active,https://www.ampcapitaladvisory.com/; https://www.ampcapitaladvisory.com/about; https://find-and-update.company-information.service.gov.uk/company/13575999,100,ampcapitaladvisory-com
Ampersand Legal,https://ampersandlegal.co.uk,Sector specialist,,,,,national,London; South East; South West; East of England; East Midlands; West Midlands; Yorkshire and the Humber; North West; North East; Scotland; Wales; Northern Ireland,1,team_page,0.1,4.0,0.5,20,estimate,,True,sell_side; buy_side,Professional Services,Law firm mergers and acquisitions,,,https://ampersandlegal.co.uk/our-people/,https://ampersandlegal.co.uk/contact/,,Law firm merger and acquisition consultancy led by Andrew Roberts (30+ years in the legal market; founder of the Association of Law Firm Merger Advisers).,,,,https://ampersandlegal.co.uk/; https://ampersandlegal.co.uk/our-people/; https://www.solicitorsjournal.com/sjarticle/advisers-join-forces-with-one-stop-ma-shop,80,ampersandlegal-co-uk
Anderson Barrowcliff,https://www.anderson-barrowcliff.co.uk,Accountancy firm CF team,,Stockton-on-Tees,North East,Stockton-on-Tees,regional,North East; Yorkshire and the Humber,,,0.1,3.0,0.5,15,estimate,,True,sell_side; buy_side; mbo; fundraising; valuations,Generalist,,,,https://www.anderson-barrowcliff.co.uk/about-us/our-team,,https://www.linkedin.com/company/anderson-barrowcliff,"Teesside chartered accountancy firm with a corporate finance team advising owner-managed businesses on sales, acquisitions, MBOs and funding; ranked in Experian MarketIQ North East adviser tables (website blocks automated access, details not verified).",,,,https://www.experian.co.uk/content/dam/marketing/uki/uk/en/pdf/MA-Full-year-report-2025-V3.pdf; https://www.anderson-barrowcliff.co.uk/,90,anderson-barrowcliff-co-uk
Anderson Moore,https://www.andersonmoore.co.uk,Business broker,,Andover,South East,Andover,national,London; South East; South West; East of England; East Midlands; West Midlands; Yorkshire and the Humber; North West; North East; Scotland; Wales; Northern Ireland,,,0.02,0.6,0.1,3,estimate,,True,sell_side; valuations,Generalist; Industrials & Manufacturing; Engineering,"Listings in manufacturing & engineering, professional/service, eCommerce, catering and retail.",,01264 891035,,https://www.andersonmoore.co.uk/contact,,"Hampshire (Andover) business broker providing valuations, preparation and marketing for business sales, including off-market sales of manufacturing and engineering companies.",,,,https://www.andersonmoore.co.uk/; https://www.andersonmoore.co.uk/location,90,andersonmoore-co-uk
Anesi Advisors,https://anesiadvisors.com,Independent boutique,,London,London,London,national,London; South East; South West; East of England; East Midlands; West Midlands; Yorkshire and the Humber; North West; North East; Scotland; Wales; Northern Ireland,8,estimate,2.0,50.0,10,250,estimate,Third-party summary: founder-led businesses valued at £10m-£250m,True,sell_side; fundraising,Generalist,,,,,,,"London M&A boutique founded in 2023 advising SME and lower mid-market founder-led businesses on exits, growth equity and strategic transactions.",,15302769,Active,https://firmbase.co/resources/industry-lists/boutique-m-and-a-companies-in-the-uk-london,90,anesiadvisors-com
Anglesea Corporate Finance,https://angleseacf.ie,Independent boutique,,Dublin,International,Belfast; London,international,Northern Ireland,,,1.0,20.0,5,100,estimate,,True,sell_side; buy_side; mbo; debt_advisory; fundraising; restructuring,Generalist,,info@angleseacf.ie,+35315526070,,https://angleseacf.ie/contact,,"Boutique founded in 2021 by ex-Davy director Nicholas O'Gorman, offices in Dublin, Belfast and London; M&A, company sales, MBOs and capital structuring.",,,,https://angleseacf.ie; https://angleseacf.ie/about,90,angleseacf-ie
Ardea Partners,https://www.ardeapartners.com,Investment bank / broker,,New York,International,London,international,London,,,100.0,,500,,estimate,,False,sell_side; buy_side; fundraising,Financial Services; Generalist,Deep concentration in financial services,contactus@ardeapartners.com,+12124302300,https://www.ardeapartners.com/team,https://www.ardeapartners.com,,"Independent strategic advisory firm founded by ex-Goldman Sachs bankers, with a London office advising large corporates on M&A and capital raising; ranked in Experian's UK adviser tables.",,OC413815,Active,https://www.ardeapartners.com/about; https://www.experian.co.uk/content/dam/marketing/uki/uk/en/pdf/MA-Full-year-report-2025-V3.pdf,90,ardeapartners-com
Argyll Partners,https://www.argyllpartners.co.uk,Sector specialist,,London,London,London,national,London; South East; South West; East of England; East Midlands; West Midlands; Yorkshire and the Humber; North West; North East; Scotland; Wales; Northern Ireland,4,estimate,1.0,20.0,5,100,estimate,,True,sell_side; buy_side; fundraising; debt_advisory; mbo; restructuring,Consumer & Retail; Energy & Renewables; Environmental Services,Retail and consumer brands; energy & environmental services,enquiries@argyllpartners.co.uk,+44 (0)7747 622869,https://www.argyllpartners.co.uk/team,https://www.argyllpartners.co.uk/contact-us,,"London independent corporate finance firm (2004) advising retail/consumer and energy & environmental services businesses on sales, fundraisings, MBOs and acquisitions (e.g. Sweaty Betty, Hush, Nkuku).",,OC331603,Active,https://www.argyllpartners.co.uk/; https://www.argyllpartners.co.uk/team; https://www.argyllpartners.co.uk/contact-us; https://www.argyllpartners.co.uk/consumer-credentials,100,argyllpartners-co-uk
Arian Capital Partners,https://ariancapitalpartners.com,Independent boutique,,London,London,London,national,London; South East; South West; East of England; East Midlands; West Midlands; Yorkshire and the Humber; North West; North East; Scotland; Wales; Northern Ireland,2,team_page,,,,,stated,private companies raising £2m - £10m of growth capital,,fundraising; ecm; buy_side,Technology & Software; Business Services; Consumer & Retail; Leisure & Hospitality,"Series A growth capital raises; technology, business services, consumer/retail/leisure and online marketplaces",info@ariancapitalpartners.com,+44 (0)20 3195 6500,https://ariancapitalpartners.com/team/,https://ariancapitalpartners.com/contact/,,"London corporate finance adviser (appointed representative of Hawkwood Capital LLP) led by ex Morgan Stanley/Collins Stewart ECM banker Romil Kanani, raising £2m-£10m growth capital (typically Series A) for private companies pursuing organic or M&A growth.",,,,https://ariancapitalpartners.com; https://ariancapitalpartners.com/team/; https://ariancapitalpartners.com/contact/,90,ariancapitalpartners-com
Arkios,https://www.arkios.co.uk,Independent boutique,,London,London,London,international,London; South East; East of England,6,team_page,2.0,60.0,10,300,stated,specialises in deals ranging from £10 to £300m across all industry sectors,True,sell_side; buy_side; fundraising; debt_advisory,Generalist,,info@arkios.co.uk,,https://www.arkios.co.uk/our-team,https://www.arkios.co.uk/contact-us,https://www.linkedin.com/company/arkios_2,"Mayfair-based corporate finance boutique founded in 2001 advising entrepreneurs, management teams and investors on capital raising, sales and acquisitions, with offices in Europe and the Middle East.",,,,https://www.arkios.co.uk/; https://www.arkios.co.uk/our-team,100,arkios-co-uk
Arma Partners,https://www.armapartners.com,Sector specialist,,London,London,London,international,London; South East; South West; East of England; East Midlands; West Midlands; Yorkshire and the Humber; North West; North East; Scotland; Wales; Northern Ireland,,,20.0,1000.0,100,5000,estimate,,False,sell_side; buy_side; fundraising,Technology & Software; Telecoms; Media & Marketing,"Digital economy: software, communications/digital infrastructure, internet",contact@armapartners.com,+44 (0) 20 7290 8100,https://www.armapartners.com/team/,https://www.armapartners.com/contact/,,"Independent corporate finance adviser to companies and investors in the global digital economy (software, digital infrastructure, internet); large-cap and founder-led deals.",,OC307424,Active,https://www.armapartners.com/; https://www.armapartners.com/contact,90,armapartners-com
Armstrong Watson,https://www.armstrongwatson.co.uk,Accountancy firm CF team,,Carlisle,North West,Carlisle; Leeds; Newcastle; Kendal; Penrith; Darlington; Skipton; Harrogate; Dumfries; Glasgow; Manchester,regional,North West; North East; Yorkshire and the Humber; Scotland,,,0.2,4.0,1,20,estimate,,True,sell_side; buy_side; mbo; fundraising; debt_advisory; due_diligence; valuations,Professional Services; Industrials & Manufacturing; Automotive; Leisure & Hospitality; Construction & Property; Healthcare; Agriculture,,help@armstrongwatson.co.uk,0808 144 5575,https://www.armstrongwatson.co.uk/services/advisory-services/corporate-finance,https://www.armstrongwatson.co.uk/contact-armstrong-watson,https://www.linkedin.com/company/armstrong-watson,"Northern England and Scotland accountancy firm with a corporate finance team advising on business sales, acquisitions, MBOs, private equity and valuations.",,OC415608,Active,https://www.armstrongwatson.co.uk/; https://www.armstrongwatson.co.uk/services/advisory-services/corporate-finance,90,armstrongwatson-co-uk
Arnold Hill & Co,https://www.arnoldhill.co.uk,Accountancy firm CF team,,London,London,London,regional,London; South East,,,0.2,4.0,1,20,estimate,"principals have worked on more than 170 deals, largely with entrepreneurial businesses",True,sell_side; buy_side; fundraising; valuations; restructuring; debt_advisory,Technology & Software; Media & Marketing; Telecoms; Financial Services; Engineering,,info@arnoldhill.co.uk,020 7306 9100,https://www.arnoldhill.co.uk/our-team,https://www.arnoldhill.co.uk/contact-us,https://www.linkedin.com/company/arnold-hill-%26-co-llp,"London chartered accountants with a corporate finance team offering M&A advisory, disposals, acquisitions, fundraising and refinancing, particularly for TMT, insurance and engineering businesses.",,OC359508,Active,https://www.arnoldhill.co.uk/corporate-finance-services; https://www.arnoldhill.co.uk/,90,arnoldhill-co-uk
Arrowpoint Advisory,https://www.arrowpointadvisory.com,Investment bank / broker,Rothschild & Co,London,London,London; Manchester,national,London; South East; South West; East of England; East Midlands; West Midlands; Yorkshire and the Humber; North West; North East; Scotland; Wales; Northern Ireland,,,4.0,60.0,20,300,estimate,'The leading specialist adviser to UK mid-market transactions'; 17 Managing Directors; over 900 completed transactions in 25+ years,False,sell_side; buy_side; mbo; debt_advisory; restructuring,Business Services; Consumer & Retail; Leisure & Hospitality; Energy & Renewables; Healthcare; Industrials & Manufacturing; Technology & Software; Telecoms; Media & Marketing,,contactus@arrowpointadvisory.com,+44 20 7484 4700,https://www.arrowpointadvisory.com/our-team/,https://www.arrowpointadvisory.com/contact-us/,https://www.linkedin.com/company/arrowpoint-advisory,"Rothschild & Co's dedicated UK mid-market M&A team (London and Manchester), advising founders, management teams and investors on sell-side and buy-side M&A, debt advisory, special situations and management advisory.",,,,https://www.arrowpointadvisory.com; https://www.arrowpointadvisory.com/our-team/; https://www.arrowpointadvisory.com/contact-us/,90,arrowpointadvisory-com
Ascendant Corporate Finance,https://ascendant.co.uk,Sector specialist,,London,London,London,national,London; South East; South West; East of England; East Midlands; West Midlands; Yorkshire and the Humber; North West; North East; Scotland; Wales; Northern Ireland,,,1.0,10.0,5,50,stated,"""We can demonstrate a successful track record of selling businesses with values between £5m and £50m and are actively looking for companies and investors who wish to sell businesses valued in this range.""",True,sell_side; fundraising; mbo,Technology & Software; Financial Services; Healthcare,Technology-driven companies; also financial services and healthcare,info@ascendant.co.uk,+44 (0)20 7993 8700,,https://ascendant.co.uk,,"London corporate finance adviser (Ascendant Limited) helping technology-led growth companies raise finance, sell businesses and do MBOs/MBIs; team has advised tech companies for 20+ years.",,04979767,Active,https://ascendant.co.uk,90,ascendant-co-uk
ASG Commercial,https://www.asgcommercial.co.uk,Business broker,,Inverness,Scotland,Inverness,regional,Scotland,,,0.02,0.6,0.1,3,estimate,,True,sell_side; valuations,Leisure & Hospitality,"Highlands commercial agent marketing guest houses, B&Bs, hotels and other hospitality businesses.",,01463 714757,,,,"Inverness-based commercial property and business agent marketing Highland hospitality businesses such as guest houses (e.g. Atholdene Guest House, Inverness; Dunallan House, Grantown-on-Spey).",,SC680776,Active,https://www.asgcommercial.co.uk/; https://www.daltonsbusiness.com/agent/asg-commercial/; https://www.rightmove.co.uk/properties/175043240,90,asgcommercial-co-uk
Ashcombe Advisers,https://www.ashcombeadvisers.com,Independent boutique,,London,London,London,international,London,11,team_page,1.0,50.0,5,250,deals,"""£7bn+ value of 60+ deals completed over last 5 years""; ""£5M – £2BN Smallest and largest deals over the last 3 years""",True,sell_side; buy_side; fundraising; debt_advisory; mbo; restructuring,Financial Services; Consumer & Retail; Technology & Software; Business Services,,info@ashcombeadvisers.com,+44 20 7529 5800,https://www.ashcombeadvisers.com/team,https://www.ashcombeadvisers.com/contact,,"Mayfair corporate finance firm (set up 2010) advising entrepreneurs, mid-market corporates and investors on M&A, capital raising and restructurings, focused on financial services, consumer, tech and business services.",,OC358031,Active,https://www.ashcombeadvisers.com/; https://www.ashcombeadvisers.com/team; https://www.ashcombeadvisers.com/about,100,ashcombeadvisers-com
Ashworth Moulds,https://www.ashworthmoulds.co.uk,Accountancy firm CF team,,Burnley,North West,Burnley,local,North West,,,0.1,1.0,0.5,5,estimate,,True,sell_side; buy_side; fundraising,Generalist,,accountants@ashworthmoulds.co.uk,+4401282432171,https://www.ashworthmoulds.co.uk/team,https://www.ashworthmoulds.co.uk/contact,https://www.linkedin.com/company/ashworth-moulds/,Burnley chartered accountants offering corporate finance services including buying and selling businesses and raising finance for East Lancashire owner-managers.,,,,https://www.ashworthmoulds.co.uk/services/corporate-finance,90,ashworthmoulds-co-uk
ASM,https://www.asmaccountants.com,Accountancy firm CF team,,Newry,Northern Ireland,Newry; Belfast; Dungannon; Magherafelt,regional,Northern Ireland,,,0.2,4.0,1,20,estimate,,True,sell_side; buy_side; mbo; fundraising; debt_advisory; due_diligence; valuations,Generalist,,,+44 28 3026 9933,https://www.asmaccountants.com/service/corporate-finance/,https://www.asmaccountants.com/contact-us/,https://www.linkedin.com/company/2397419,"Northern Ireland (and border) accountancy firm whose ASM Corporate Finance team advises on business sales, acquisitions, MBOs and fundraising.",,,,https://www.asmaccountants.com/; https://www.asmaccountants.com/service/corporate-finance/,90,asmaccountants-com
Assay Corporate Finance,https://www.assaycf.com,Independent boutique,,Birmingham,West Midlands,Birmingham,national,London; South East; South West; East of England; East Midlands; West Midlands; Yorkshire and the Humber; North West; North East; Scotland; Wales; Northern Ireland,2,team_page,1.0,10.0,5,50,estimate,,True,sell_side; buy_side; mbo; fundraising,Healthcare; Industrials & Manufacturing; Business Services; Consumer & Retail; Leisure & Hospitality,,ctaylor@assaycf.com,,https://www.assaycf.com/our-team/,https://www.assaycf.com/contact/,https://www.linkedin.com/company/regentassay/,"Birmingham mid-market M&A adviser (Regent Assay / Assay Corporate Finance) advising owner-managed and PE-backed companies on buy-and-build, disposals, MBOs and growth funding.",,04038367,Active,https://www.assaycf.com/; https://www.assaycf.com/our-team/,100,assaycf-com
Assynt Corporate Finance,https://www.assyntcf.co.uk,Accountancy firm CF team,,Stevenage,East of England,Stevenage,local,East of England; South East; London,1,team_page,0.2,2.0,1,10,stated,"Criteria: businesses which have a turnover of at least £1,000,000 and or profits of at least £250,000",True,sell_side; mbo; valuations,Generalist,Strong focus on Employee Ownership Trust (EOT) exits as well as trade sales and MBOs,info@assyntcf.co.uk,07860 898452,,https://www.assyntcf.co.uk/contact/,,"Stevenage-based advisory chartered accountancy practice (Andrew Watkin) and CFN member, preparing owner-managed businesses for sale and advising on trade sales, MBOs and EOTs.",,08414792,Active,https://www.assyntcf.co.uk/; https://www.assyntcf.co.uk/contact/; https://www.thecfn.org.uk/about-us/,100,assyntcf-co-uk
Atlanta Mergers & Acquisitions,https://www.atlantama.com,Sector specialist,,Hinckley,East Midlands,Hinckley,international,London; South East; South West; East of England; East Midlands; West Midlands; Yorkshire and the Humber; North West; North East; Scotland; Wales; Northern Ireland,1,estimate,0.2,4.0,1,20,estimate,,True,sell_side; buy_side,Technology & Software,IT industry only: exit strategy for IT SMEs and acquisition search for international IT groups,,+44 1455 292197,,https://www.atlantama.com,,"Leicestershire-based (Atlanta M&A Ltd, registered Barton in the Beans) IT-sector M&A adviser run by Rod Barlow, helping owners of small and mid-sized IT businesses prepare for and achieve a sale, and finding targets for international IT acquirers.",,,,https://www.atlantama.com/; https://find-and-update.company-information.service.gov.uk/search/companies?q=m%26a+advisory,100,atlantama-com
Atomic Consultancy,https://atomicconsultancy.com,Business broker,,Nottingham,East Midlands,Nottingham,national,London; South East; South West; East of England; East Midlands; West Midlands; Yorkshire and the Humber; North West; North East; Scotland; Wales; Northern Ireland,3,team_page,0.02,2.0,0.1,10,estimate,,True,sell_side; buy_side; valuations,Construction & Property; Professional Services,Estate agency and lettings agency (incl. lettings book) acquisitions and disposals; ESTAS acquisition services supplier of the year 2023-2025.,info@atomicconsultancy.com,01623 674 758,https://atomicconsultancy.com/team/,https://atomicconsultancy.com/contact/,https://www.linkedin.com/company/atomic-consultancy,"Nottingham-based specialist in buying and selling estate and lettings agencies across the UK, founded by Lucy Noonan (200+ acquisitions completed); offers valuations, sale process management and an exit-readiness programme.",,13668736,Active,https://atomicconsultancy.com; https://propertyindustryeye.com/lettings-portfolios-become-hot-property-in-estate-agency-acquisition-race/; https://atomicconsultancy.com/team/,100,atomicconsultancy-com
Attain Corporate Finance,https://attaincf.co.uk,Independent boutique,,Chelmsford,East of England,Chelmsford,regional,East of England; London,4,team_page,0.2,4.0,1,20,estimate,,True,sell_side; buy_side; valuations,Generalist,,mark.brooks@attaincf.co.uk,01245824700,https://attaincf.co.uk,https://attaincf.co.uk,https://www.linkedin.com/company/attain-corporate-finance-llp,"Chelmsford corporate finance LLP led by Mark Brooks advising owners on selling, buying and valuing businesses.",,OC459184,Active,https://attaincf.co.uk/; https://find-and-update.company-information.service.gov.uk/advanced-search/get-results?companyNameIncludes=corporate+finance&registeredOfficeAddress=London&status=active,100,attaincf-co-uk
Augusta & Co,https://augustaco.com,Sector specialist,,London,London,London,international,London; South East; South West; East of England; East Midlands; West Midlands; Yorkshire and the Humber; North West; North East; Scotland; Wales; Northern Ireland,,,4.0,100.0,20,500,deals,92 transactions to an aggregate value in excess of €10.4 billion,False,sell_side; buy_side; fundraising; debt_advisory,Energy & Renewables,,info@augustaco.com,+44 20 7776 0800,https://augustaco.com/advisory-team/,https://augustaco.com/contact/,https://www.linkedin.com/company/augusta-&-co/,London-based specialist financial advisory and investment house for the European renewable energy sector; 92 transactions worth over €10.4bn.,,04399945,Active,https://augustaco.com/,90,augustaco-com
Auxilium Advisory,https://www.auxilium-advisory.com,Independent boutique,,,,,national,London; South East; South West; East of England; East Midlands; West Midlands; Yorkshire and the Humber; North West; North East; Scotland; Wales; Northern Ireland,2,team_page,0.2,10.0,1,50,stated,service delivery for transactions in the £1m to £50m range,True,buy_side; fundraising; debt_advisory,Generalist,"Buy-side only: acquisition search for family offices, PE, corporates, overseas buyers and individuals (engineering, manufacturing, care, telecoms, HVAC, logistics)",,07802 716996,https://www.auxilium-advisory.com/meet-the-team,https://www.auxilium-advisory.com/contact-us,https://www.linkedin.com/company/auxilium-advisory,"Buy-side M&A adviser trading since 2008 that finds on- and off-market UK acquisition targets, arranges funding and manages deals to completion for private individuals, family offices, corporates and PE; sister brand of executive search firm Cork Griffiths.",,06714851,Active,https://www.auxilium-advisory.com; https://find-and-update.company-information.service.gov.uk/company/06714851; https://www.auxilium-advisory.com/meet-the-team; https://www.auxilium-advisory.com/contact-us,80,auxilium-advisory-com
Avero Advisory,https://www.averoadvisory.com,Sector specialist,,London,London,London,national,London; South East; South West; East of England; East Midlands; West Midlands; Yorkshire and the Humber; North West; North East; Scotland; Wales; Northern Ireland,3,team_page,2.0,30.0,10,150,estimate,,True,sell_side; buy_side; mbo; fundraising,Technology & Software,Technology businesses and their private equity investors,hello@averoadvisory.com,,https://www.averoadvisory.com/team,https://www.averoadvisory.com/contact-us,http://www.linkedin.com/company/avero-advisory,"Technology M&A adviser launched in January 2026 by Robert Young (ex Alantra/Catalyst Corporate Finance technology MD, KPMG CF) advising tech founders and PE investors on sales, MBOs, carve-outs and capital raises; first announced deal: sell-side adviser on the sale of SharpCloud to Lumivero (Jan 2026).",,16733308,Active,https://www.averoadvisory.com; https://www.averoadvisory.com/team; https://www.averoadvisory.com/contact-us; https://averoadvisory.com/news,100,averoadvisory-com
Avondale,https://avondale.co.uk,Business broker,,London,London,London,national,London; South East; South West; East of England; East Midlands; West Midlands; Yorkshire and the Humber; North West; North East; Scotland; Wales; Northern Ireland,7,team_page,0.4,20.0,2,100,stated,£2M – £100M+ transaction values,True,sell_side; buy_side; fundraising,Generalist,,av@avondale.co.uk,+44(0)20 7788 8250,https://avondale.co.uk/our-team/,https://avondale.co.uk/contact-avondale/,https://www.linkedin.com/company/avondale-corporate,"London-based business sale adviser established 30+ years with 500+ completed transactions, selling owner-managed businesses (including EOT sales) with transaction values £2m-£100m+.",,06938460,Active,https://avondale.co.uk/; https://avondale.co.uk/our-team/,100,avondale-co-uk
AW Capital,https://aw-capital.co.uk,Independent boutique,,Manchester,North West,Manchester,regional,North West,,,0.2,3.0,1,15,estimate,,True,sell_side; buy_side; fundraising; debt_advisory,Generalist,,info@aw-capital.co.uk,0333 772 6165,,https://aw-capital.co.uk/contact/,,"Manchester (King Street) specialist corporate finance advisory boutique covering debt advisory, M&A (buying and selling businesses) and equity fundraising; debt/commercial finance is a large part of its work.",,,,https://aw-capital.co.uk/,90,aw-capital-co-uk
Axis Partnership,https://www.axispartnership.co.uk,Business broker,,Bury St Edmunds,East of England,Bury St Edmunds,national,London; South East; South West; East of England; East Midlands; West Midlands; Yorkshire and the Humber; North West; North East; Scotland; Wales; Northern Ireland,2,team_page,0.1,2.0,0.5,10,estimate,,True,sell_side; valuations,Care; Healthcare,"Domiciliary care, nursing agencies, supported living, care homes",info@axisuk.co.uk,01284 716000,https://www.axispartnership.co.uk/meet-the-team/,https://www.axispartnership.co.uk/contact/,https://linkedin.com/company/axis-partnership,"Business sales specialist established 25+ years, focused on care businesses: domiciliary care, nursing agencies, supported living, complex care and care homes.",,05764337,Active,https://www.axispartnership.co.uk/; https://homecare.co.uk/supplier.cfm/id/65432189574; https://www.axispartnership.co.uk/meet-the-team/,100,axispartnership-co-uk
Axxeltrova,https://axxeltrova.com,Sector specialist,,London,London,London,international,London,6,team_page,,,,,deals,"TMT and digital infrastructure financings, e.g. Gigaloch rural fibre debt financing, SkyFive Series A",,fundraising; debt_advisory; due_diligence; buy_side,Technology & Software; Telecoms,"Tech/TMT and digital infrastructure (fibre, data centres)",info@axxeltrova.com,+44 (0)20 7993 4035,https://axxeltrova.com/people/,https://axxeltrova.com/contact-us/,,"FCA-regulated London tech investment bank founded 2009, advising TMT and digital-infrastructure companies on growth equity, debt and buy-side due diligence; transactions page lists named deals.",,10016621,Active,https://axxeltrova.com/about-us/; https://axxeltrova.com/transactions/; https://axxeltrova.com/people/; https://axxeltrova.com/contact-us/,90,axxeltrova-com
Azets,https://www.azets.com/en-uk,Accountancy firm CF team,,London,London,London; Birmingham; Glasgow; Edinburgh; Aberdeen; Dundee; Inverness; Leeds; York; Manchester; Liverpool; Cardiff; Swansea; Cambridge; Norwich; Ipswich; Colchester; Tunbridge Wells; Basingstoke; Bristol; Nottingham; Derby; Wakefield; Newcastle,national,London; South East; South West; East of England; East Midlands; West Midlands; Yorkshire and the Humber; North West; North East; Scotland; Wales; Northern Ireland,,,0.2,10.0,1,50,estimate,,True,sell_side; buy_side; mbo; fundraising; debt_advisory; due_diligence; valuations,Generalist,,info@azets.co.uk,,https://www.azets.com/en-uk/about-us/our-people,https://www.azets.com/en-uk/contact-us,https://www.linkedin.com/company/azets,"Large private-equity-backed accountancy group (incl. former Baldwins, Wilkins Kennedy, Campbell Dallas, Ensors, Garbutt + Elliott) with one of the UK's most active SME/mid-market corporate finance teams.",,,,https://www.azets.com/en-uk; https://www.azets.com/en-uk/services/corporate-finance,90,azets-com
Bacchus Capital,https://bacchuscapital.co.uk,Sector specialist,,London,London,London,international,London,,,10.0,,50,,estimate,Natural resources M&A and capital markets; IPO of Yellow Cake plc,False,sell_side; buy_side; fundraising; ecm; restructuring,Energy & Renewables; Industrials & Manufacturing,Mining and natural resources,contact@bacchuscapital.co.uk,+44 (0)20 3848 1640,https://bacchuscapital.co.uk/our-team,https://bacchuscapital.co.uk/contact,https://www.linkedin.com/company/bacchus-capital-advisers/,"London independent investment and merchant bank (Bacchus Capital Advisers Ltd) advising natural-resources companies on M&A, takeover defence and capital raising; won 2018 Mines & Money Deal of the Year for the Yellow Cake IPO. Large-cap, not SME.",,,,https://bacchuscapital.co.uk/; https://bacchuscapital.co.uk/bacchus-capital-advisers; https://bacchuscapital.co.uk/our-team; https://find-and-update.company-information.service.gov.uk/company/10309238,90,bacchuscapital-co-uk
Bains Watts,https://bainswatts.co.uk,Business broker,,London,London,London,national,London; South East; South West; East of England; East Midlands; West Midlands; Yorkshire and the Humber; North West; North East; Scotland; Wales; Northern Ireland,1,estimate,0.01,0.4,0.05,2,estimate,,False,sell_side; buy_side; valuations,Professional Services,Accountancy practices and fee blocks,peter@bainswatts.co.uk,0800 774 7281,,https://bainswatts.co.uk/contact/,,"Specialist UK accountancy practice broker for retiring accountants and growing firms: sale of practices, fee blocks and valuations.",,,,https://bainswatts.co.uk/,100,bainswatts-co-uk
Baird,https://www.rwbaird.com,Investment bank / broker,,Milwaukee,International,London,international,London; South East; South West; East of England; East Midlands; West Midlands; Yorkshire and the Humber; North West; North East; Scotland; Wales; Northern Ireland,,,10.0,200.0,50,1000,estimate,,False,sell_side; buy_side; debt_advisory,Generalist,,info@rwbaird.com,,https://www.rwbaird.com/bairddifference/,https://www.rwbaird.com/who-we-are/contact-us/,,US employee-owned investment bank with a London M&A team advising on European mid-market transactions.,,,,https://www.rwbaird.com/,90,rwbaird-com
Ballard Evans,https://www.ballardevans.com,Independent boutique,,Manchester,North West,Manchester,regional,North West,,,0.4,6.0,2,30,estimate,,True,sell_side; buy_side; mbo; fundraising,Generalist,,enquiries@ballardevans.com,+44 (0)161 826 1063,,https://www.ballardevans.com/contact/,,"Ballard Evans Corporate Finance Limited, a small Manchester-based corporate finance advisory firm (incorporated 2009); website gives little detail beyond contact information.",,06945835,Active,https://www.ballardevans.com/; https://find-and-update.company-information.service.gov.uk/,90,ballardevans-com
Ballards,https://ballardsllp.com,Accountancy firm CF team,,Droitwich,West Midlands,Droitwich; Worcester; Birmingham; London,regional,West Midlands,4,team_page,0.2,3.0,1,15,estimate,CF partner has 'advised on 47 transactions with a combined value of more than £205m',True,sell_side; buy_side; mbo; fundraising; due_diligence; valuations,Generalist,,,0121 796 4321,https://ballardsllp.com/corporate-finance,https://ballardsllp.com/contact,https://www.linkedin.com/company/ballards,"Worcestershire/Birmingham accountancy firm (AGN member) with a corporate finance team offering lead advisory on disposals, acquisitions and succession, fundraising and financial due diligence for owner-managed businesses.",,OC302548,Active,https://ballardsllp.com/corporate-finance; https://ballardsllp.com/contact; https://agn.org/find_members/?region=EU&country=United_Kingdom,100,ballardsllp-com
Bamburgh Capital,https://bamburghcapital.com,Independent boutique,,Manchester,North West,Manchester; Newcastle upon Tyne; London,national,London; South East; South West; East of England; East Midlands; West Midlands; Yorkshire and the Humber; North West; North East; Scotland; Wales; Northern Ireland,8,team_page,1.0,10.0,5,50,estimate,,True,sell_side; buy_side; fundraising; mbo,Generalist; Healthcare; Life Sciences; Technology & Software; Financial Services,"Generalist; testimonials include life sciences, healthcare, consumer and financial services clients; private and quoted companies.",,+44 (0)161 240 7550,https://bamburghcapital.com/meet-the-team/,https://bamburghcapital.com/get-in-touch/,https://www.linkedin.com/company/bamburgh-capital/,"Independent, owner-managed, FCA-authorised corporate finance advisory firm (Manchester, Newcastle, London) advising private and quoted companies on sales, acquisitions and fundraising; shortlisted in Insider Scotland Dealmakers deal tables.",,07155076,Active,https://bamburghcapital.com; https://bamburghcapital.com/meet-the-team/; https://bamburghcapital.com/get-in-touch/; https://bamburghcapital.com/our-experience/; https://www.insidermedia.com/event/scotland-dealmakers-awards-2025/shortlist,100,bamburghcapital-com
Barford Owen Davies,https://bod.wales,Independent boutique,,Cardiff,Wales,Cardiff; Llandudno Junction,regional,Wales,,,0.1,1.0,0.5,5,estimate,,True,mbo; fundraising; due_diligence,Generalist,,info@barfordowendavies.co.uk,,https://bod.wales/our-team/,https://bod.wales/contact-us/,https://www.linkedin.com/company/barford-owen-davies,"Welsh finance consultancy (BOD, founded 2017 by ex-PwC Carrie Barford and Emma Owen Davies) providing outsourced finance, forecasting and transaction-readiness support to owner-managed businesses; acted as lead adviser on several Development Bank of Wales-funded management buyouts (e.g. Tru-Plas, Insight HRC).",,10477924,Active,https://bod.wales; https://bod.wales/our-team/; https://bod.wales/contact-us/; https://developmentbank.wales/news-and-events/pembrokeshire-home-improvements-company-completes-management-buy-out; https://developmentbank.wales/news-and-events/newport-based-insight-hrc-looks-new-future-after-management-buy-out,90,bod-wales
Barnes Roffe,https://barnesroffe.com,Accountancy firm CF team,,Uxbridge,London,Uxbridge; London; Dartford,local,London; South East,,,0.1,2.0,0.5,10,estimate,,True,sell_side; buy_side; mbo; fundraising; debt_advisory; due_diligence; valuations,Generalist,,,+44 (0)1895 256423,https://barnesroffe.com/services/corporate-finance/,https://barnesroffe.com/contact-us/,https://www.linkedin.com/company/barnes-roffe,"West and East London accountancy firm offering corporate finance to owner-managed businesses: sales, acquisitions, valuations and funding.",,,,https://barnesroffe.com/; https://barnesroffe.com/services/corporate-finance/,90,barnesroffe-com
Barrons Corporate Finance,https://barrons-cf.com,Independent boutique,,Leigh-on-Sea,East of England,Leigh-on-Sea,regional,East of England; London; South East,2,team_page,0.2,2.0,1,10,estimate,,True,sell_side; buy_side; mbo; valuations; due_diligence; fundraising,Generalist,,helpme@barrons-cf.com,01702 481910,https://barrons-cf.com/meet-the-team/,https://barrons-cf.com/contact/,https://www.linkedin.com/company/barrons-corporate-finance/,"Essex-based (Leigh-on-Sea), chartered-accountant-led SME corporate finance boutique (David Fletcher, Gary Raven) advising owner-managed businesses on disposals, acquisitions, MBOs/MBIs, EOTs, valuations and transaction services; 2026 deals include the sale of General Engineering (Treatments) Ltd to Broadway Group and of Grape Passions to Peter Graham Wines.",,10681007,Active,https://barrons-cf.com; https://barrons-cf.com/meet-the-team/; https://barrons-cf.com/contact/; https://find-and-update.company-information.service.gov.uk/company/10681007; https://barrons-cf.com/news/; https://barrons-cf.com/barrons-and-birketts-advise-on-get-ltd-sale-to-broadway-group/; https://barrons-cf.com/stretegic-sale_of_grape_passions/,100,barrons-cf-com
Barry Crux & Company,https://www.barrycrux.co.uk,Business broker,,York,Yorkshire and the Humber,York; Hull,regional,Yorkshire and the Humber; North East; North West,,,0.02,1.0,0.1,5,estimate,,True,sell_side; buy_side; valuations,Leisure & Hospitality,"Licensed and leisure property specialists: sales of pubs, hotels and B&Bs, caravan parks and holiday accommodation, restaurants and cafes.",admin@barrycrux.co.uk,01904 659990,https://www.barrycrux.co.uk/about/,https://www.barrycrux.co.uk/contact/,https://uk.linkedin.com/company/barry-crux-&-company-limited,"York and Hull chartered surveyors and leisure property agents (est. 1989) selling pubs, hotels, caravan parks and other licensed and leisure businesses across Yorkshire and the North of England.",,,,https://www.barrycrux.co.uk/,90,barrycrux-co-uk
Bates Weston,https://www.batesweston.co.uk,Accountancy firm CF team,,Derby,East Midlands,Derby,local,East Midlands,,,0.2,10.0,1,50,stated,typical deal values range from £1m to £50m,True,sell_side; buy_side; mbo; valuations; due_diligence,Generalist,,enquiries@batesweston.co.uk,01332 365855,https://www.batesweston.co.uk/about-us/team/,https://www.batesweston.co.uk/contact-us/,https://www.linkedin.com/company/bates-weston,"Derby chartered accountants with a Bates Weston Corporate Finance team advising East Midlands owner-managers on preparing for and executing business sales, acquisitions and MBOs.",,OC361828,Active,https://www.batesweston.co.uk/; https://www.batesweston.co.uk/services/selling-or-buying-a-business/selling-your-business/,90,batesweston-co-uk
BDO,https://www.bdo.co.uk,Accountancy firm CF team,BDO International,London,London,London; Birmingham; Bristol; Cambridge; Edinburgh; Glasgow; Guildford; Leeds; Manchester; Nottingham; Reading; Southampton; Gatwick; Norwich; Ipswich; Liverpool; Cardiff; Newcastle,national,London; South East; South West; East of England; East Midlands; West Midlands; Yorkshire and the Humber; North West; North East; Scotland; Wales; Northern Ireland,,,2.0,50.0,10,250,estimate,,True,sell_side; buy_side; mbo; fundraising; debt_advisory; due_diligence; valuations; ecm; restructuring,Business Services; Technology & Software; Healthcare; Life Sciences; Consumer & Retail; Industrials & Manufacturing; Energy & Renewables; Financial Services; Construction & Property; Transport & Logistics; Media & Marketing,,,+44 (0)20 7486 5888,https://www.bdo.co.uk/en-gb/our-people,https://www.bdo.co.uk/en-gb/contact,https://www.linkedin.com/company/bdo-uk-llp/,Largest UK accountancy firm outside the Big Four; its corporate finance practice is consistently among the most active UK mid-market M&A advisers by deal volume.,,,,https://www.bdo.co.uk/en-gb/home,90,bdo-co-uk
BDO Northern Ireland,https://www.bdoni.com,Accountancy firm CF team,BDO International,Belfast,Northern Ireland,Belfast,regional,Northern Ireland,,,0.2,10.0,1,50,estimate,,True,sell_side; buy_side; mbo; fundraising; debt_advisory; due_diligence; valuations,Generalist,,,,https://www.bdoni.com/en-gb/our-people,https://www.bdoni.com/en-gb/contact,https://www.linkedin.com/company/11144348/,"Independent Northern Ireland member firm of BDO International with a corporate finance team advising local businesses on M&A, MBOs and funding.",,,,https://www.bdoni.com/en-gb/home,90,bdoni-com
Beaumont Cornish,https://www.beaumontcornish.com,Investment bank / broker,,London,London,London,national,London; South East; South West; East of England; East Midlands; West Midlands; Yorkshire and the Humber; North West; North East; Scotland; Wales; Northern Ireland,,,1.0,20.0,5,100,estimate,,True,sell_side; buy_side; fundraising; ecm,Generalist,,corpfin@b-cornish.co.uk,020 7628 3396,https://www.beaumontcornish.com/team,https://www.beaumontcornish.com/contact-us,,"London corporate finance house and AIM/AQSE nominated adviser advising smaller quoted and private companies on listings, fundraisings and transactions.",,03311393,Active,https://www.beaumontcornish.com/,90,beaumontcornish-com
Beavis Morgan,https://www.beavismorgan.com,Accountancy firm CF team,,London,London,London,local,London,,,0.2,3.0,1,15,estimate,,True,sell_side; buy_side; mbo; fundraising; due_diligence; valuations,Generalist,,info@beavismorgan.com,,https://www.beavismorgan.com/about-us/our-people/,https://www.beavismorgan.com/contact-us/,https://uk.linkedin.com/company/beavis-morgan-llp,"London accountancy firm (Farringdon and Finchley) with a corporate finance team handling disposals, acquisitions, MBOs/MBIs, fundraising, transaction services and valuations for owner-managed businesses.",,07293436,Active,https://www.beavismorgan.com/corporate-finance/; https://www.beavismorgan.com/contact-us/,90,beavismorgan-com
Beer Mergers,https://beermerger.com,Independent boutique,,Westerham,South East,Westerham,national,London; South East; South West; East of England; East Midlands; West Midlands; Yorkshire and the Humber; North West; North East; Scotland; Wales; Northern Ireland,,,0.1,1.0,0.5,5,estimate,"small business sector, where the deal size generally falls below the size of the transaction normally serviced by the mainstream corporate advisors",True,sell_side; buy_side,Generalist,,mjh@beermerger.com,01959 565191,,https://beermerger.com/contact-us,,Kent-based boutique business sales adviser (25+ years) selling and buying small owner-managed and family businesses below mainstream CF deal sizes; ICAEW CF Faculty member.,,,,https://beermerger.com/; https://beermerger.com/about; https://beermerger.com/contact-us; https://www.icaew.com/technical/corporate-finance/corporate-finance-faculty/member-firms/beer-mergers,90,beermerger-com
Begbies Traynor Group (BTG),https://www.begbies-traynorgroup.com,Accountancy firm CF team,,Manchester,North West,Manchester; London; Birmingham; Leeds; Bristol; Glasgow; Newcastle,national,London; South East; South West; East of England; East Midlands; West Midlands; Yorkshire and the Humber; North West; North East; Scotland; Wales; Northern Ireland,,,0.2,6.0,1,30,estimate,,True,sell_side; buy_side; fundraising; debt_advisory; valuations; restructuring,Generalist,,,,https://www.begbies-traynorgroup.com/our-people,https://www.begbies-traynorgroup.com/contact,https://www.linkedin.com/company/begbies-traynor-group/,"Listed business recovery and advisory group whose BTG Advisory/corporate finance arm advises on business sales, acquisitions, funding and distressed M&A.",,05120043,Active,https://www.begbies-traynorgroup.com/; https://www.btguk.com/,90,begbies-traynorgroup-com
Beltrae Partners,https://www.beltrae.com,Independent boutique,,Belfast,Northern Ireland,Belfast,regional,Northern Ireland,4,estimate,0.2,3.0,1,15,stated,Current deal sizes £1M to £15M; specialists in family business exits,True,sell_side; buy_side; mbo; fundraising,Generalist,,ian.kerr@beltrae.com,,,https://www.beltrae.com,,"All-island independent corporate finance adviser and private equity investor (Belfast and Dublin), founded 2003; 370+ M&A deals, specialising in family business exits.",,NI045273,Active,https://www.beltrae.com; https://www.beltrae.com/about,100,beltrae-com
Benchmark International,https://www.benchmarkintl.com,Business broker,,Tampa,International,Manchester; Oxford,international,London; South East; South West; East of England; East Midlands; West Midlands; Yorkshire and the Humber; North West; North East; Scotland; Wales; Northern Ireland,,,1.0,20.0,5,100,estimate,,True,sell_side; buy_side; mbo; valuations,Generalist,,,,https://www.benchmarkintl.com/about/global-team/,https://www.benchmarkintl.com/about/offices/,https://www.linkedin.com/company/benchmark-international,"Global sell-side M&A firm (HQ Tampa) with UK offices in Manchester and Oxford, running retainer-based sale processes for owner-managed middle-market and lower mid-market companies.",,,,https://www.benchmarkintl.com/; https://www.benchmarkintl.com/about/offices/,90,benchmarkintl-com
Bennett Brooks,https://www.bennettbrooks.co.uk,Accountancy firm CF team,,Northwich,North West,Northwich; Altrincham; Chester; Macclesfield; Leek; Llandudno,regional,North West; Wales; West Midlands,,,0.1,2.0,0.5,10,estimate,,True,sell_side; buy_side; mbo; valuations,Generalist,,hello@bennettbrooks.co.uk,01606 721300,https://www.bennettbrooks.co.uk/about/leadership-team/,https://www.bennettbrooks.co.uk/contact/,https://www.linkedin.com/company/bennett-brooks-and-company-ltd,"Cheshire chartered accountants offering corporate finance for owner-managed businesses: business sales and acquisitions, MBOs/MBIs and valuations.",,04103867,Active,https://www.bennettbrooks.co.uk/our-services/corporate-finance/; https://www.bennettbrooks.co.uk/,90,bennettbrooks-co-uk
Berenberg,https://www.berenberg.de/en/,Investment bank / broker,,Hamburg,International,London,international,London; South East; South West; East of England; East Midlands; West Midlands; Yorkshire and the Humber; North West; North East; Scotland; Wales; Northern Ireland,,,20.0,600.0,100,3000,estimate,,False,ecm; sell_side; buy_side,Generalist,,,,https://www.berenberg.de/en/services-and-areas/asset-management/,https://www.berenberg.de/en/contact-forms/cancel-contract/,,German private bank with a large London equity capital markets and corporate broking team serving UK quoted mid and large caps.,,,,https://www.berenberg.de/en/,90,berenberg-de
Berkshire Global Advisors,https://berkshireglobal.com,Sector specialist,,New York,International,London,international,London,,,,,,,,,,sell_side; buy_side; fundraising,Financial Services,"Asset management, wealth management and fintech M&A.",,+44 20 7828 2828,https://berkshireglobal.com/team/,,,"Specialist investment bank for the asset and wealth management industry, with a London office (11 Haymarket) advising managers and wealth firms on sales, acquisitions and capital raising.",,03615526,Active,https://berkshireglobal.com,80,berkshireglobal-com
Bettesworths,https://www.bettesworths.co.uk,Business broker,,Torquay,South West,Torquay,regional,South West,,,0.02,0.6,0.1,3,estimate,,True,sell_side; valuations,Leisure & Hospitality,"Business transfer of pubs and bars, hotels and guesthouses, catering and holiday accommodation businesses in Devon and the South West.",enquiries@bettesworths.co.uk,01803 212021,,https://bettesworths.co.uk/contact/,https://www.linkedin.com/company/3145860,"Family-run Torbay chartered surveyors and property agents (est. 1943) with a licensed and leisure department selling pubs, hotels, guesthouses and other owner-managed businesses across the South West.",,03614819,Active,https://www.bettesworths.co.uk/; https://www.torbayweekly.co.uk/news/cheers-agents-seal-deals-on-three-pubs-7424362,90,bettesworths-co-uk
Bevan Buckland,https://bevanbuckland.co.uk,Accountancy firm CF team,,Swansea,Wales,Swansea; Carmarthen; Cowbridge; Haverfordwest; Pembroke,regional,Wales,,,0.1,1.0,0.5,5,estimate,,True,sell_side; mbo; valuations,Generalist,,mail@bevanbuckland.co.uk,01792 410100,https://bevanbuckland.co.uk/about-us/our-team/,https://bevanbuckland.co.uk/contact/,https://www.linkedin.com/company/bevanbuckland,"South and West Wales chartered accountants offering corporate finance and business-exit advice (trade sales, MBOs, succession) for owner-managed businesses.",,16309480,Active,https://bevanbuckland.co.uk/services/business-exiting/; https://bevanbuckland.co.uk/about-us/our-team/,90,bevanbuckland-co-uk
BHP,https://bhp.co.uk,Accountancy firm CF team,Sumer Group,Sheffield,Yorkshire and the Humber,Sheffield; Leeds; Chesterfield; Cleckheaton; York,regional,Yorkshire and the Humber; East Midlands,6,team_page,0.4,10.0,2,50,estimate,Translink network: cross-border deals from £10M to £250M,True,sell_side; buy_side; mbo; fundraising; due_diligence; valuations,Generalist,,info@bhp.co.uk,0333 123 7171,https://bhp.co.uk/service/corporate-finance/,https://bhp.co.uk/contact-the-bhp-team/,https://www.linkedin.com/company/bhpaccountants,"Sheffield-headquartered Yorkshire accountancy firm (part of Sumer Group) whose corporate finance team trades as Translink Corporate Finance, advising owner-managers on sales, acquisitions, MBOs and due diligence.",,,,https://bhp.co.uk/service/corporate-finance/; https://bhp.co.uk/office/sheffield/corporate-finance/; https://bhp.co.uk/contact-the-bhp-team/; https://bhp.co.uk/,100,bhp-co-uk
Bishop Fleming,https://www.bishopfleming.co.uk,Accountancy firm CF team,,Exeter,South West,Bristol; Worcester; Birmingham; Bath; Cheltenham; Exeter; Plymouth; Torquay; Truro,regional,South West; West Midlands,,,0.4,6.0,2,30,deals,recent deals include £18.2m care home funding and a £13.5m MBO,True,sell_side; buy_side; mbo; fundraising; debt_advisory; due_diligence; valuations,Automotive; Charity & Public Sector; Education; Energy & Renewables; Financial Services; Food & Beverage; Healthcare; Leisure & Hospitality; Industrials & Manufacturing; Professional Services; Construction & Property; Technology & Software; Transport & Logistics,,mfraser@bishopfleming.co.uk,0117 910 0280,https://www.bishopfleming.co.uk/services/corporate-finance,https://www.bishopfleming.co.uk/contact,https://www.linkedin.com/company/bishop-fleming/,"South West and Midlands accountancy firm whose corporate finance team handles M&A, business sales, MBOs, due diligence and valuations (recent deals include a £13.5m MBO).",,07869428,Active,https://www.bishopfleming.co.uk/; https://www.bishopfleming.co.uk/services/corporate-finance,90,bishopfleming-co-uk
Bishopsgate Corporate Finance,https://www.bishopsgatecf.co.uk,Independent boutique,,Stamford,East Midlands,Stamford; Milton Keynes; London,national,London; South East; South West; East of England; East Midlands; West Midlands; Yorkshire and the Humber; North West; North East; Scotland; Wales; Northern Ireland,15,team_page,1.0,6.0,5,30,stated,enterprise values ranging from £5 million to over £30 million,True,sell_side; buy_side; mbo; fundraising,Engineering; Business Services; Professional Services; Consumer & Retail; Healthcare; Industrials & Manufacturing; Technology & Software,Aerospace/defence among focus sectors; also EOT sales,info@bishopsgatecf.co.uk,+44 1780 756 544,https://www.bishopsgatecf.co.uk/the-team/,https://www.bishopsgatecf.co.uk/contact-us/,https://uk.linkedin.com/company/bishopsgate-corporate-finance-limited,"Independent M&A boutique founded 1996, based in Stamford (Lincolnshire) with Milton Keynes and London offices; 250+ deals for owner-managed businesses covering exits, PE deals, MBOs and acquisitions.",,01339383,Active,https://www.bishopsgatecf.co.uk/; https://www.bishopsgatecf.co.uk/the-team/,100,bishopsgatecf-co-uk
bk plus,https://bkplus.co.uk,Accountancy firm CF team,,Walsall,West Midlands,Walsall; Birmingham; Cheltenham; Glasgow; Dundee,regional,West Midlands; East Midlands; South West; Scotland; North East,,,0.1,2.0,0.5,10,estimate,,True,sell_side; buy_side; valuations; fundraising; due_diligence,Generalist; Healthcare; Professional Services; Business Services,"Scottish deal advisory led from Glasgow by corporate finance partner Calvin Bond (healthcare, professional and business services experience, sector agnostic).",hello@bkplus.co.uk,,https://bkplus.co.uk/about/our-team/,https://bkplus.co.uk/about/offices/,,"Midlands accountancy group (registered office Aldridge, Walsall, multiple local offices) with a corporate finance offering for SME owners; appears in Experian MarketIQ adviser rankings by deal volume.",,09701168,Active,https://bkplus.co.uk/; https://www.experian.co.uk/content/dam/marketing/uki/uk/en/pdf/MA-Full-year-report-2025-V3.pdf; https://www.scottishfinancialnews.com/articles/bk-plus-strengthens-glasgow-team-with-new-corporate-finance-partner; https://www.scottishfinancialnews.com/articles/bk-plus-enters-scottish-market-with-double-accountancy-firm-acquisition; https://find-and-update.company-information.service.gov.uk/company/09701168; https://www.experian.co.uk/content/dam/marketing/uki/uk/en/pdf/MarketIQ-Report-FY-2024.pdf,90,bkplus-co-uk
BKL,https://bkl.co.uk,Accountancy firm CF team,,London,London,London,regional,London; South East,,,0.2,5.0,1,25,estimate,,True,sell_side; buy_side; mbo; fundraising; debt_advisory; due_diligence; valuations,Financial Services; Media & Marketing; Charity & Public Sector; Professional Services; Construction & Property; Technology & Software,,,+4402089229222,https://bkl.co.uk/services/advisory-services/corporate-finance/,https://bkl.co.uk/contact/,https://www.linkedin.com/company/berg-kaprow-lewis-llp,London accountancy and tax firm with a corporate finance team advising owner-managed and entrepreneurial businesses on transactions and funding.,,,,https://bkl.co.uk/; https://bkl.co.uk/services/advisory-services/corporate-finance/,90,bkl-co-uk
Blackdown Partners,https://blackdown.com,Investment bank / broker,,London,London,London,national,London; South East; South West; East of England; East Midlands; West Midlands; Yorkshire and the Humber; North West; North East; Scotland; Wales; Northern Ireland,,,2.0,100.0,10,500,deals,Published deals from a £7m stake purchase and £7.7m placing to joint lead adviser on a £4.9bn merger,True,sell_side; buy_side; ecm; fundraising,Generalist,"Mainly listed-company work: takeovers, delistings, placings, stake purchases",hello@blackdown.com,,,https://blackdown.com/contact,,"FCA-authorised London corporate finance and strategic consulting firm advising boards and major shareholders of listed and private companies on M&A, takeovers, delistings and fundraisings (e.g. QUIZ plc delisting, Shaftesbury/Capco merger).",,11942968,Active,https://blackdown.com,90,blackdown-com
Blacks Brokers,https://www.blacksbrokers.com,Business broker,,Bury,North West,Bury,national,London; South East; South West; East of England; East Midlands; West Midlands; Yorkshire and the Humber; North West; North East; Scotland; Wales; Northern Ireland,4,team_page,0.01,0.6,0.05,3,estimate,,True,sell_side; valuations,Generalist; Consumer & Retail; Healthcare; Industrials & Manufacturing,,,0333 370 0000,https://www.blacksbrokers.com/about/,https://www.blacksbrokers.com/contact/,,"National business transfer agent headquartered in Bury, Greater Manchester, selling owner-managed businesses across sectors (hospitality, retail, healthcare, professional services, manufacturing); claims thousands of completed sales and publishes a sold list.",,06648404,Active,https://www.blacksbrokers.com/; https://www.blacksbrokers.com/contact/; https://www.blacksbrokers.com/about/,100,blacksbrokers-com
Blacksquare Advisory,https://blacksquareadvisory.com,Independent boutique,,Manchester,North West,Manchester,national,North West; London,3,team_page,2.0,320.0,10,1600,stated,Our M&A deal experience has covered the value spectrum from £10m through to £1.6bn with a total deal value to date of more than £10bn,True,sell_side; buy_side; fundraising; ecm,Generalist; Technology & Software; Business Services,,info@blacksquareadvisory.com,,https://blacksquareadvisory.com/team/,https://blacksquareadvisory.com/contact/,https://www.linkedin.com/company/blacksquareadvisory/,"Partner-led Manchester corporate finance boutique (Manchester Business Park) whose partners come from investment banking; advises corporates, PE and owner-managed businesses on M&A, capital raising and strategic matters.",,11696816,Active,https://blacksquareadvisory.com/; https://blacksquareadvisory.com/team/; https://blacksquareadvisory.com/deals/,100,blacksquareadvisory-com
Blackwood Capital Group,https://www.blackwoodcapital.com,Sector specialist,,London,London,London,international,London; South East; South West; East of England; East Midlands; West Midlands; Yorkshire and the Humber; North West; North East; Scotland; Wales; Northern Ireland,,,1.0,30.0,5,150,estimate,,True,sell_side; buy_side; valuations; fundraising,Recruitment & Staffing; Business Services; Technology & Software,"Human capital services (recruitment, staffing, executive search) and tech-enabled business services",info@blackwoodcapital.com,+44 20 3096 6910,https://www.blackwoodcapital.com/team,https://www.blackwoodcapital.com/contact,https://www.linkedin.com/company/blackwood-capital-group/,"FCA-registered corporate finance and M&A adviser (est. 2002) specialising in cross-border deals in tech-enabled business services and human capital/recruitment services; London HQ, Frankfurt office.",,,,https://www.blackwoodcapital.com/; https://uk.apsco.org/find-partners/blackwood-capital-group,90,blackwoodcapital-com
Blick Rothenberg,https://www.blickrothenberg.com,Accountancy firm CF team,Azets,London,London,London,regional,London,,,0.4,10.0,2,50,estimate,,True,sell_side; buy_side; due_diligence; valuations,Generalist,,,,,,https://www.linkedin.com/company/blick-rothenberg/,"London audit, tax and advisory firm (part of the Azets group) serving international and owner-managed businesses, including transaction and corporate finance support.",,10238654,Active,https://www.blickrothenberg.com/,80,blickrothenberg-com
Bluebox Corporate Finance,https://www.blueboxcfg.com,Independent boutique,,London,London,London,national,London; South East; South West; East of England; East Midlands; West Midlands; Yorkshire and the Humber; North West; North East; Scotland; Wales; Northern Ireland,,,1.0,30.0,5,150,stated,Expertise in companies valued between £5m and £150m; Velocity fixed-price service for privately held companies with revenues up to £100 million,True,sell_side; buy_side; fundraising; valuations,Generalist,,info@blueboxcfg.com,020 3924 5150,https://www.blueboxcfg.com/about-us/bluebox-team/,https://blueboxvelocity.com/,,"London corporate finance firm founded in 2012 by Paul Herman and James Caan, selling businesses and raising finance for companies valued c.£5m-£150m; also runs Bluebox Velocity, a fixed-price corporate finance service for owner-managers.",,07927253,Active,https://blueboxvelocity.com/; https://www.escapethecity.org/organisation/bluebox-corporate-finance,90,blueboxcfg-com
BMH Corporate Finance,https://bmhcf.co.uk,Independent boutique,,Halifax,Yorkshire and the Humber,Halifax,local,Yorkshire and the Humber,2,team_page,0.1,2.0,0.5,10,estimate,,True,sell_side; buy_side; valuations,Generalist,,info@bmhcf.co.uk,,https://bmhcf.co.uk/team,https://bmhcf.co.uk/contact-for-corporate-finance,https://www.linkedin.com/company/bmh-corporate-finance,"Small Halifax-based corporate finance practice of two chartered accountants (Roy Moorby FCA, Michael Forrester ACA) supporting owners buying and selling businesses, including valuations and negotiation.",,16501534,Active,https://bmhcf.co.uk/; https://bmhcf.co.uk/team,100,bmhcf-co-uk
Bosham Capital Advisors,https://www.boshamcapitaladvisors.com,Independent boutique,,,,,national,London; South East; South West; East of England; East Midlands; West Midlands; Yorkshire and the Humber; North West; North East; Scotland; Wales; Northern Ireland,4,team_page,0.4,6.0,2,30,estimate,,True,sell_side; fundraising,Generalist; Media & Marketing; Consumer & Retail,"Post-revenue companies; M&A especially for family-owned businesses, Series A/B growth capital and media-for-equity",info@boshamcapitaladvisors.com,,https://www.boshamcapitaladvisors.com,https://www.boshamcapitaladvisors.com,https://www.linkedin.com/company/bosham-capital-advisors,"Boutique corporate finance house (BCA) founded by ex-equity-research director Adrian Faure and entrepreneur Edward Boddington advising family-owned and founder businesses on exits, succession, growth capital and media-for-equity deals (client testimonial: WatchHouse).",,,,https://www.boshamcapitaladvisors.com,80,boshamcapitaladvisors-com
Bowsprit Partners,https://www.bowspritpartners.com,Investment bank / broker,,London,London,London,international,London,,,2.0,40.0,10,200,estimate,,True,fundraising; ecm; sell_side; buy_side,Generalist,"ECM, DCM and M&A advice with a focus on European cross-border transactions; FCA-authorised since 2005.",,,,https://www.bowspritpartners.com,,"London-based corporate advisory and fundraising boutique for growing companies, covering capital markets fundraising and cross-border M&A.",,05126460,Active,https://www.bowspritpartners.com; https://www.consultancy.uk/news/45176/bowsprit-partners-signs-ma-focused-partnership-with-oliverio-partners,90,bowspritpartners-com
Boxington Corporate Finance,https://boxington.com,Sector specialist,,London,London,London,national,London; South East; South West; East of England; East Midlands; West Midlands; Yorkshire and the Humber; North West; North East; Scotland; Wales; Northern Ireland,2,team_page,2.0,40.0,10,200,stated,businesses in the human capital and recruitment sector with value of £10m to £200m,True,sell_side,Recruitment & Staffing; Business Services; Construction & Property,"Recruitment, human capital and B2B services incl. built environment",,,https://boxington.com/team/,https://boxington.com/contact/,,Independent sell-side-only M&A adviser to shareholders of human capital/recruitment and B2B services (incl. built environment) businesses.,,07346147,Active,https://boxington.com/; https://recruiter.co.uk/directory/boxington-corporate-finance; https://boxington.com/team/,100,boxington-com
Brabners Deal Advisory,https://www.brabners.com,Law firm CF arm,Brabners,Manchester,North West,Manchester; Liverpool; Leeds; Preston,regional,North West; Yorkshire and the Humber,,,0.4,6.0,2,30,estimate,"""complex, multi-million-pound corporate transactions""",True,sell_side; buy_side; mbo; fundraising; debt_advisory,Generalist; Healthcare; Industrials & Manufacturing,Recent deals include Chester Medical's acquisition of Power Health Products and the sale of engineering group CPM to Langer + Laumann.,hello@brabners.com,0333 004 4488,https://www.brabners.com/people?services=Deal%20Advisory,https://www.brabners.com/contact,https://www.linkedin.com/company/brabners,"Deal advisory arm of North West law firm Brabners: a team of specialist accountants (led by Paula McGrath) acting as lead M&A adviser on MBOs/MBIs, acquisitions, disposals and fundraising for owner-managed businesses.",,,,https://www.brabners.com/services/deal-advisory; https://www.business-live.co.uk/enterprise/engineering-group-cpm-bought-german-34069568,90,brabners-com
Breeze Corporate Finance,https://www.breezecf.co.uk,Independent boutique,,Nottingham,East Midlands,Nottingham,national,London; South East; South West; East of England; East Midlands; West Midlands; Yorkshire and the Humber; North West; North East; Scotland; Wales; Northern Ireland,14,team_page,0.4,6.0,2,30,estimate,low to mid-market sized assignments,True,sell_side; buy_side; mbo; due_diligence,Business Services; Construction & Property; Consumer & Retail; Financial Services; Professional Services; Transport & Logistics; Healthcare; Industrials & Manufacturing; Engineering; Technology & Software; Media & Marketing; Telecoms,,contact@breezecf.co.uk,+44 (0) 115 721 0200,https://www.breezecf.co.uk/meet-the-team/,https://www.breezecf.co.uk/contact/,https://www.linkedin.com/company/breezecf,"Nottingham corporate finance boutique focused on entrepreneurs and owner-managers in the lower to mid-market, with M&A, transaction support and sale-readiness ('Breeze Readiness') services.",,11484543,Active,https://www.breezecf.co.uk/; https://www.breezecf.co.uk/meet-the-team/,100,breezecf-co-uk
Bright Harbour Advisory,https://brightharbour.co,Independent boutique,,London,London,London,national,London; South East; South West; East of England; East Midlands; West Midlands; Yorkshire and the Humber; North West; North East; Scotland; Wales; Northern Ireland,,,1.0,15.0,5,75,stated,lead adviser on transactions valued between £5m and £75m,True,sell_side; buy_side; fundraising,Generalist,,info@brightharbour.co,07795 800306,,,,"FCA-regulated London boutique (ABG Corporate Finance LLP, trading since 2013) led by Eleanor Wilkinson, acting as lead adviser on lower mid-market sales and investments.",,,,https://brightharbour.co/; https://firmbase.co/resources/industry-lists/boutique-m-and-a-companies-in-the-uk-london,90,brightharbour-co
Bristol Business Brokers,https://www.bristolbusinessbrokers.co.uk,Business broker,,Bristol,South West,Bristol,regional,South West; Wales,,,0.04,1.0,0.2,5,estimate,Our clients are predominately Bristol based and generally have a turnover of £200k – £10million,True,sell_side; valuations,Generalist; Engineering; Professional Services; Care; Consumer & Retail,"Sells owner-managed SMEs in the South West: engineering, accountancy practices, e-commerce, care homes, franchises.",enquiries@bristolbusinessbrokers.co.uk,,https://www.bristolbusinessbrokers.co.uk/meet-the-team/,https://www.bristolbusinessbrokers.co.uk/contact-us/,,"Bristol (Aztec West) business broker selling owner-managed SMEs across the South West; publishes completed sales (e.g. precision engineering, workwear/embroidery firms, accountancy practice, care home).",,11558349,Active,https://www.bristolbusinessbrokers.co.uk/; https://www.bristolbusinessbrokers.co.uk/contact-us/; https://www.bristolbusinessbrokers.co.uk/us/,90,bristolbusinessbrokers-co-uk
Brodersen & Co,https://brodersenco.com,Sector specialist,,Haslemere,South East,Haslemere,international,London; South East; South West; East of England; East Midlands; West Midlands; Yorkshire and the Humber; North West; North East; Scotland; Wales; Northern Ireland,2,team_page,1.0,20.0,5,100,estimate,,True,sell_side; buy_side,Food & Beverage,"Independent M&A and strategy adviser to the international drinks and beverage sector (also adjacent food, retail, restaurants); larger projects run through an alliance with Spayne Lindsay & Co.",,+44 (0)1428 727374,https://brodersenco.com/about-us,https://brodersenco.com/contact,https://www.linkedin.com/company/brodersen-&-co-ltd/,"Surrey-based boutique (founded 2003 by ex-Diageo/Seagram M&A executive Jens Brodersen) advising multinationals, family companies and investors on drinks-sector divestitures, acquisitions and joint ventures, often cross-border; advised Warner's on its tie-up with La Martiniquaise-Bardinet.",,04800143,Active,https://brodersenco.com; https://brodersenco.com/about-us; https://brodersenco.com/contact; https://scottishbusinessnews.net/warners-and-la-martiniquaise-bardinet-join-forces/,100,brodersenco-com
Brown Butler,https://www.brownbutler.com,Accountancy firm CF team,,Leeds,Yorkshire and the Humber,Leeds,regional,Yorkshire and the Humber,,,0.1,2.0,0.5,10,estimate,,True,sell_side; buy_side; mbo; fundraising,Generalist,,hello@brownbutler.com,0113 246 1234,https://www.brownbutler.com/about-us/key-people/,https://www.brownbutler.com/contact-us/,https://www.linkedin.com/company/brown-butler-chartered-accountants,"Leeds chartered accountants with a corporate finance team advising owner-managers and management teams on sales, acquisitions, MBO/MBI/BIMBO/VIMBO transactions and refinancing.",,10916906,Active,https://www.brownbutler.com/services/corporate-finance/; https://www.brownbutler.com/,90,brownbutler-com
Bryanston Capital,https://bryanstoncapital.com,Independent boutique,,London,London,London,national,London; South East; South West; East of England; East Midlands; West Midlands; Yorkshire and the Humber; North West; North East; Scotland; Wales; Northern Ireland,,,2.0,30.0,10,150,stated,typical deal values ranging between £10m to £150m,True,sell_side; buy_side; mbo; fundraising,Generalist,,info@bryanstoncapital.com,020 3621 3335,,https://bryanstoncapital.com/contact-us/,https://www.linkedin.com/company/bryanston-capital,"Independent London corporate finance boutique founded in 2005 advising entrepreneurs, family businesses and PE houses on full and partial sales, acquisitions, MBOs/MBIs and capital raising in the UK mid-market.",,,,https://bryanstoncapital.com; https://bryanstoncapital.com/about-us; https://find-and-update.company-information.service.gov.uk/company/05433087,90,bryanstoncapital-com
Burgess Hodgson,https://burgesshodgson.co.uk,Accountancy firm CF team,,Canterbury,South East,Canterbury,local,South East,,,0.1,2.0,0.5,10,estimate,,True,sell_side; buy_side; mbo; fundraising; due_diligence,Generalist,,info@burgesshodgson.co.uk,,https://burgesshodgson.co.uk/who-we-are/,https://burgesshodgson.co.uk/contact/,https://www.linkedin.com/company/burgess-hodgson,"Kent chartered accountants offering corporate finance and transaction advisory: share and business disposals, raising finance, due diligence, MBOs and completion accounts for owner-managed businesses.",,16263705,Active,https://burgesshodgson.co.uk/what-we-do/advisory/corporate-finance/; https://burgesshodgson.co.uk/; https://burgesshodgson.co.uk/contact/,90,burgesshodgson-co-uk
Burgis & Bullock,https://www.burgisbullock.com,Accountancy firm CF team,,Nuneaton,West Midlands,Nuneaton; Leamington Spa,regional,West Midlands; East Midlands,,,0.2,4.0,1,20,estimate,,True,sell_side; buy_side; mbo; fundraising; debt_advisory; due_diligence,Generalist,,,0345 177 5500,https://www.burgisbullock.com/about-us/,https://www.burgisbullock.com/contact-us/,,"Warwickshire chartered accountants with a corporate finance team handling business sales, acquisition search, MBOs and debt/equity fundraising for Midlands owner-managed businesses.",,,,https://www.burgisbullock.com/services/corporate-finance/,90,burgisbullock-com
Business Partnership,https://www.business-partnership.com,Business broker,,,,Leeds; Manchester; Oxford; Birmingham; Bristol; Guildford; Edinburgh; Glasgow; Inverness,national,London; South East; South West; East of England; East Midlands; West Midlands; Yorkshire and the Humber; North West; North East; Scotland; Wales; Northern Ireland,,,0.06,2.0,0.3,10,estimate,,True,sell_side; buy_side; valuations,Food & Beverage; Leisure & Hospitality; Consumer & Retail; Business Services; Technology & Software; Media & Marketing; Distribution & Wholesale,,enquiries@business-partnership.com,01606 535024,https://www.business-partnership.com/about-us/meet-the-team/,https://www.business-partnership.com/contact/,https://www.linkedin.com/company/business-partnership-uk,"UK-wide business brokerage network with 45+ years' history and nine regional offices, buying, selling and valuing owner-managed businesses across services, hospitality, retail, tech/media and distribution.",,04459291,Active,https://www.business-partnership.com/; https://www.business-partnership.com/offices/,80,business-partnership-com
Buzzacott,https://www.buzzacott.co.uk,Accountancy firm CF team,,London,London,London,regional,London; South East,,,2.0,20.0,10,100,stated,businesses typically valued between £10m and £100m,True,sell_side; buy_side; mbo; fundraising; debt_advisory; due_diligence; valuations,Generalist,,enquiries@buzzacott.co.uk,+44 (0)20 7556 1200,https://www.buzzacott.co.uk/corporate-finance,https://www.buzzacott.co.uk/contact-us,http://linkedin.com/company/buzzacott,"London accountancy firm whose corporate finance team advises businesses typically valued between £10m and £100m on sales, acquisitions and fundraising.",,,,https://www.buzzacott.co.uk/; https://www.buzzacott.co.uk/corporate-finance,90,buzzacott-co-uk
Cadre Advisory,https://www.cadreadvisory.co.uk,Accountancy firm CF team,,Penarth,Wales,Penarth,regional,Wales,1,team_page,0.2,3.0,1,15,estimate,"known for supporting businesses looking for funding of between £1M and £10M (funding raised, not EV)",True,sell_side; buy_side; mbo; valuations; debt_advisory,Generalist,"Accounting, commercial (trade) finance, corporate finance and wealth management practice; corporate finance team led by director Tom O'Brien.",enquiries@cadreadvisory.co.uk,029 2010 4111,https://www.cadreadvisory.co.uk/about,https://www.cadreadvisory.co.uk/contact,https://www.linkedin.com/company/cadreadvisory/,"Penarth (Cardiff) advisory firm combining accounting, commercial finance and a corporate finance team that advises Welsh owner-managed businesses on sales, MBOs, acquisitions and valuations; contributor to Insider Wales dealmaker roundtables.",,,,https://www.cadreadvisory.co.uk/services/corporate-finance; https://www.cadreadvisory.co.uk/contact; https://www.insidermedia.com/news/wales/boring-is-the-new-sexy-now-dealmakers-exchange-views-on-the-corporate-finance-market; https://www.cadreadvisory.co.uk/about; https://www.cadreadvisory.co.uk/services/corporate-finance/funding,100,cadreadvisory-co-uk
Cairn Financial Advisers,https://www.cairnfin.com,Investment bank / broker,,London,London,London,national,London; South East; South West; East of England; East Midlands; West Midlands; Yorkshire and the Humber; North West; North East; Scotland; Wales; Northern Ireland,,,1.0,20.0,5,100,estimate,,True,sell_side; buy_side; fundraising; ecm,Generalist,,,,https://www.cairnfin.com/senior-team,https://www.cairnfin.com/contact-us,,"London corporate finance boutique and AIM nominated adviser advising small-cap quoted and private companies on IPOs, fundraisings and M&A.",,OC351689,Active,https://www.cairnfin.com/,90,cairnfin-com
Caldey Corporate Finance,https://caldeycorporatefinance.co.uk,Independent boutique,,,,,national,London; South East; South West; East of England; East Midlands; West Midlands; Yorkshire and the Humber; North West; North East; Scotland; Wales; Northern Ireland,2,team_page,0.4,6.0,2,30,estimate,,True,sell_side; buy_side; mbo; fundraising,Generalist,,,07711 473 237,https://caldeycorporatefinance.co.uk/the-team/,https://caldeycorporatefinance.co.uk/get-in-touch/,https://www.linkedin.com/company/caldey-corporate-finance/,"Boutique founded in 2020 by Adrian Dray (30 years in corporate finance incl. KPMG and an independent practice he co-founded) advising entrepreneurs on sales, buyouts, acquisitions and fundraising; publishes a long list of sale case studies.",,12892010,Active,https://caldeycorporatefinance.co.uk; https://caldeycorporatefinance.co.uk/the-team/; https://caldeycorporatefinance.co.uk/our-work/; https://find-and-update.company-information.service.gov.uk/company/12892010,80,caldeycorporatefinance-co-uk
Cambon Partners,https://www.cambonpartners.com,Sector specialist,,Paris,International,London,international,London; South East; South West; East of England; East Midlands; West Midlands; Yorkshire and the Humber; North West; North East; Scotland; Wales; Northern Ireland,,,2.0,60.0,10,300,estimate,,True,sell_side; buy_side; fundraising,Technology & Software; Media & Marketing; Business Services,"M&A boutique for growth companies in tech, digital and services",info@cambonpartners.com,+44 203 790 7697,,https://www.cambonpartners.com/,,"Paris-headquartered M&A boutique for growth companies (tech, digital, tech-enabled services) with offices in London, New York/San Francisco and Beijing.",,,,https://cambonpartners.com/; https://www.cambonpartners.com/fr,90,cambonpartners-com
Camlee Group,https://camleegroup.com,Independent boutique,Dow Schofield Watts (strategic investor),Sale,North West,Sale; Borehamwood,national,London; South East; South West; East of England; East Midlands; West Midlands; Yorkshire and the Humber; North West; North East; Scotland; Wales; Northern Ireland,5,team_page,0.2,4.0,1,20,estimate,,True,sell_side; buy_side; fundraising,Business Services; Construction & Property; Food & Beverage; Consumer & Retail; Healthcare; Industrials & Manufacturing; Technology & Software,"Six focus sectors: business support services, construction, food & consumer goods, healthcare, industrials, TMT",info@camleegroup.com,0161 870 1555,https://camleegroup.com/the-team/,https://camleegroup.com/contact-us/,https://www.linkedin.com/company/2653239,"Greater Manchester (Sale) corporate finance boutique established 2003, focused on selling SMEs in six sectors to trade acquirers; works on a small portfolio of mandates; Dow Schofield Watts took a strategic stake.",,08090914,Active,https://camleegroup.com/; https://camleegroup.com/the-team/; https://www.thebusinessdesk.com/northwest/news/2055278-warrington-advisory-firm-invests-in-corporate-finance-boutique,100,camleegroup-com
Canaccord Genuity,https://www.canaccordgenuity.com,Investment bank / broker,,Vancouver,International,London,international,London; South East; South West; East of England; East Midlands; West Midlands; Yorkshire and the Humber; North West; North East; Scotland; Wales; Northern Ireland,,,10.0,200.0,50,1000,estimate,,False,sell_side; buy_side; fundraising; ecm; debt_advisory,Generalist,,info@cgf.com,,https://www.canaccordgenuity.com/investor-relations/investor-resources/executives/,,,Global mid-market investment bank with a large London capital markets and M&A team serving UK growth and mid-cap companies.,,,,https://www.canaccordgenuity.com/,90,canaccordgenuity-com
Candour Corporate Finance,https://candourcf.com,Independent boutique,,London,London,London,national,London; South East; South West; East of England; East Midlands; West Midlands; Yorkshire and the Humber; North West; North East; Scotland; Wales; Northern Ireland,1,team_page,0.2,4.0,1,20,estimate,"SME equity sales, acquisitions and fund-raising",True,sell_side; buy_side; fundraising,Generalist,,nickb@candourcf.com,0208 365 4648,https://candourcf.com/about/,https://candourcf.com/contact/,,"Wimbledon-based boutique launched in 2016 handling SME share sales, buy-side target searches and fundraisings for private companies.",,10492955,Active,https://candourcf.com/; https://candourcf.com/about/; https://candourcf.com/contact/,100,candourcf-com
CapEQ,https://capeq.com,Independent boutique,,London,London,London,national,London; South East; South West; East of England; East Midlands; West Midlands; Yorkshire and the Humber; North West; North East; Scotland; Wales; Northern Ireland,5,team_page,1.0,20.0,5,100,stated,focused on deals with an enterprise value of £5m–£100m,True,sell_side; buy_side; due_diligence,Technology & Software; Healthcare; Business Services; Industrials & Manufacturing; Professional Services,,info@capeq.com,+44 (0)20 8004 4422,https://capeq.com/meet-the-team,https://capeq.com/contact-us,https://www.linkedin.com/company/capequity,"Partner-led, B Corp-certified London M&A boutique (founded 2020) advising founder-led UK and European businesses on sales and acquisitions.",,,,https://capeq.com/; https://capeq.com/meet-the-team,100,capeq-com
Capital & Trust,https://capitalandtrust.com,Sector specialist,,London,London,London,international,London; South East; South West; East of England; East Midlands; West Midlands; Yorkshire and the Humber; North West; North East; Scotland; Wales; Northern Ireland,,,0.05,60.0,0.25,300,stated,"Our deal sizes range from £250,000 to £300 million",True,sell_side; buy_side; valuations,Financial Services; Professional Services,"M&A for wealth management, insurance broking, accountancy, TICC and legal services firms; offices also in Dubai and Germany",enquiries@capitalandtrust.com,+44 (0)20 7043 4300,https://capitalandtrust.com/our-team,https://capitalandtrust.com/contact,https://www.linkedin.com/company/capital-and-trust,"London (Leadenhall Street) M&A broker/adviser specialising in buying and selling wealth management, insurance, accountancy, TICC and legal services businesses, with Dubai and German teams.",,16662070,Active,https://capitalandtrust.com; https://capitalandtrust.com/our-team; https://capitalandtrust.com/contact; https://www.capitalandtrust.com/,90,capitalandtrust-com
Capital A,https://www.capitala.co,Sector specialist,,London,London,London,international,London; South East; South West; East of England; East Midlands; West Midlands; Yorkshire and the Humber; North West; North East; Scotland; Wales; Northern Ireland,,,0.4,6.0,2,30,estimate,2024: closed over £50M in transactions,True,sell_side; buy_side,Media & Marketing; Consumer & Retail,"Marketing/creative agencies, media, e-commerce",hello@capitala.co,,https://www.capitala.co/team/,https://www.capitala.co/contact/,,"M&A adviser for creative agencies, media and e-commerce businesses, helping them grow, buy and sell.",,13533869,Active,https://www.capitala.co/,90,capitala-co
Capital Exits,https://www.capitalexits.co.uk,Business broker,,Fareham,South East,Fareham,regional,South East; South West; London,,,0.1,2.0,0.5,10,estimate,,True,sell_side; buy_side; valuations; fundraising,Generalist,Testimonials from engineering and technology sellers,,+44 (0)1329 556 109,,https://www.capitalexits.co.uk/contact.html,,"Small Hampshire boutique business broker (Capital Exits International Ltd) that takes on a limited number of company sale mandates, offering valuations, sale processes and acquisition searches with a network of corporate lawyers and accountants.",,10500129,Active,https://www.capitalexits.co.uk; https://find-and-update.company-information.service.gov.uk/search/companies?q=capital+exits,90,capitalexits-co-uk
Carbon Corporate Finance,https://carboncf.com,Independent boutique,,Manchester,North West,Manchester,national,North West,,,0.4,10.0,2,50,estimate,"Sells owner-managed companies, e.g. Classic Football Shirts (stake sold to The Chernin Group, 2024)",True,sell_side; fundraising,Consumer & Retail; Food & Beverage; Automotive; Construction & Property; Education,"Recent deals include Classic Football Shirts, Teemill, Go Superfoods, Primal, ASE Automotive Solutions, Sixtystores, Severn Partnership",contact@carboncf.com,0161 806 0438,https://carboncf.com/the-team/,https://carboncf.com/contact/,https://www.linkedin.com/company/carbon-corporate-finance/,"Manchester partner-led corporate finance boutique ('we sell companies for entrepreneurs') with a recent-deals page of owner-managed company sales and investments, e.g. Classic Football Shirts to The Chernin Group.",,11954914,Active,https://carboncf.com/; https://carboncf.com/recent-deals/; https://carboncf.com/classic-football-shirts/,90,carboncf-com
Carlsquare UK,https://carlsquare.com/carlsquare-in-the-united-kingdom/,Sector specialist,Carlsquare,London,London,London,international,London,,,2.0,50.0,10,250,estimate,,True,sell_side; buy_side; fundraising; debt_advisory; ecm,Technology & Software; Business Services; Consumer & Retail; Healthcare; Industrials & Manufacturing; Energy & Renewables,Tech-focused; Globalscope member,london@carlsquare.com,+447785531165,https://carlsquare.com/team/,https://carlsquare.com/contact/,https://www.linkedin.com/company/carlsquare/,"London office of German-headquartered tech-focused corporate finance firm Carlsquare, advising on cross-border M&A, growth equity, debt advisory and IPOs.",,10122093,Active,https://carlsquare.com/carlsquare-in-the-united-kingdom/; https://carlsquare.com/,90,carlsquare-com-carlsquare-in-the-united-kingdom
Carpenter Box,https://www.carpenterbox.com,Accountancy firm CF team,Sumer Group,Worthing,South East,Worthing; Brighton; Chichester; Crawley; Lewes; Portsmouth; Southampton; London,regional,South East; London,3,team_page,0.2,4.0,1,20,estimate,,True,sell_side; buy_side; mbo; fundraising; due_diligence; valuations,Generalist,,info@carpenterbox.com,01903 234094,https://www.carpenterbox.com/services/corporate-finance/,https://www.carpenterbox.com/contact-us/,https://www.linkedin.com/company/carpenter-box,"Sussex-based chartered accountants with a corporate finance team advising South Coast owner-managed businesses on sales, acquisitions, MBOs and funding.",,02360917,Active,https://www.carpenterbox.com/services/corporate-finance/; https://www.carpenterbox.com/,100,carpenterbox-com
Castle Corporate Finance,https://www.castlecf.com,Independent boutique,,London,London,London,national,London; South East; South West; East of England; East Midlands; West Midlands; Yorkshire and the Humber; North West; North East; Scotland; Wales; Northern Ireland,8,estimate,0.4,10.0,2,50,estimate,,True,sell_side; buy_side; mbo; fundraising,Business Services; Generalist,,,,,,,"City of London corporate finance firm advising UK B2B owner-managed businesses on company sales, acquisitions, growth funding and management buyouts.",,06261112,Active,https://firmbase.co/resources/industry-lists/boutique-m-and-a-companies-in-the-uk-london,90,castlecf-com
Castle Square Corporate Finance,https://castlesquarecf.co.uk,Independent boutique,,Sheffield,Yorkshire and the Humber,Sheffield; Leeds,national,Yorkshire and the Humber; East Midlands; North West; North East,8,team_page,0.4,6.0,2,30,deals,"Award-winning deals mostly in the £5m-£25m band (e.g. £13m refinance/development capital for The Pet Vet, £15m investment into Castings Technology); 'enterprise value of completed transactions in excess of £1bn'",True,sell_side; buy_side; mbo; fundraising; debt_advisory; valuations,Generalist; Environmental Services; Engineering; Industrials & Manufacturing; Technology & Software; Dental & Veterinary; Healthcare,,kevan.shaw@castlesquarecf.co.uk,07810275514,https://castlesquarecf.co.uk/about/the-team/,https://castlesquarecf.co.uk/contact/,https://www.linkedin.com/company/10633388,"Independent mid-market corporate finance boutique founded in 2009 by Kevan Shaw, with offices in Sheffield and Leeds; lead adviser on disposals, MBOs/MBIs, acquisitions, development capital and EOTs; multiple Insider South Yorkshire/Yorkshire Dealmakers awards.",,06856469,Active,https://castlesquarecf.co.uk/; https://castlesquarecf.co.uk/about/the-team/; https://www.insidermedia.com/event/south-yorkshire-dealmakers-awards-2025/shortlist,100,castlesquarecf-co-uk
Castlemain CF,https://www.castlemaincf.com,Independent boutique,,Sevenoaks,South East,Sevenoaks,national,London; South East; South West; East of England; East Midlands; West Midlands; Yorkshire and the Humber; North West; North East; Scotland; Wales; Northern Ireland,1,team_page,0.2,20.0,1,100,stated,deals typically £1–100m enterprise value,True,sell_side; buy_side,Industrials & Manufacturing; Business Services; Construction & Property,"Industrials, business services and building products; buy-side bolt-ons for PE-backed businesses",contactus@castlemaincorporatefinance.com,,https://www.castlemaincf.com/aboutus,https://www.castlemaincf.com/contact,https://www.linkedin.com/company/castlemaincf/,"Kent-based mid-market M&A boutique founded in 2023 by ex-Aspen Pumps M&A head Alex Perry, advising on sales and bolt-on acquisitions in industrials, business services and building products.",,,,https://www.castlemaincf.com/; https://www.castlemaincf.com/aboutus; https://www.castlemaincf.com/services,100,castlemaincf-com
Cattaneo,https://www.cattaneo.co.uk,Independent boutique,,Birmingham,West Midlands,Birmingham,national,London; South East; South West; East of England; East Midlands; West Midlands; Yorkshire and the Humber; North West; North East; Scotland; Wales; Northern Ireland,5,team_page,0.8,6.0,4,30,deals,"deals shown £4.25m–£30m (e.g. £6.3m Delta Controls, £8.5m CLM Fleet Management, £22.5m Precision Micro MBO, £23m SDI, £30m Palletforce)",True,sell_side; buy_side; mbo; fundraising; debt_advisory; ecm,Generalist,"Deals across engineering, aerospace, restaurants, catering, pharma; also public company / takeover work",info@cattaneo.co.uk,+44 121 274 2300,https://www.cattaneo.co.uk/our-people/,https://www.cattaneo.co.uk/contact-cattaneo/,https://www.linkedin.com/company/cattaneo-llp,"Birmingham independent corporate finance practice (Cattaneo Corporate Finance Solutions) advising on disposals, acquisitions, MBOs, funding and PLC/takeover work; won Insider Midlands Dealmakers Bespoke Corporate Finance Team of the Year 2026.",,07523682,Active,https://www.cattaneo.co.uk/; https://www.cattaneo.co.uk/our-people/; https://www.cattaneo.co.uk/2026/10/01/cattaneo-win-at-insider-dealmakers-awards-2026/; https://www.cattaneo.co.uk/case-studies/,100,cattaneo-co-uk
Cavendish,https://www.cavendish.com,Investment bank / broker,,London,London,London; Manchester; Birmingham; Edinburgh,national,London; South East; South West; East of England; East Midlands; West Midlands; Yorkshire and the Humber; North West; North East; Scotland; Wales; Northern Ireland,,,2.0,60.0,10,300,estimate,,True,sell_side; buy_side; fundraising; ecm; debt_advisory,Generalist,,contact@cavendish.com,,https://www.cavendish.com/team/,https://www.cavendish.com/contact/,https://www.linkedin.com/company/cavendish-financial,"UK mid-market investment bank formed from the merger of finnCap and Cenkos, combining AIM/main-market broking with a large private company M&A and debt advisory practice.",,,,https://www.cavendish.com/; https://www.cavendish.com/contact/,90,cavendish-com
Cavu Corporate Finance,https://cavucf.com,Independent boutique,,Newcastle upon Tyne,North East,Newcastle upon Tyne; Leeds,regional,North East; Yorkshire and the Humber; North West,8,team_page,0.4,20.0,2,100,stated,Works on transactions with 'Enterprise Value between £2m and £100m',True,sell_side; buy_side; mbo; fundraising; debt_advisory,Generalist; Healthcare; Technology & Software; Distribution & Wholesale; Environmental Services; Energy & Renewables,,newcastle@cavucf.com,0191 255 7771,https://cavucf.com/team,https://cavucf.com/contact,https://www.linkedin.com/company/cavu-corporate-finance,"Newcastle-based independent mid-market corporate finance boutique founded in 2013 by Shawn Bone (ex-PwC/Deloitte/BTG), with a Leeds office; advises on disposals, acquisitions, PE and development capital, MBOs and debt; frequent North East Dealmakers award winner.",,08540045,Active,https://cavucf.com/; https://cavucf.com/team; https://www.businessupnorth.co.uk/former-rothschild-pwc-dealmaker-opens-new-leeds-office-for-cavu-corporate-finance/,100,cavucf-com
Centerview Partners,https://www.centerviewpartners.com,Investment bank / broker,,New York,International,London,international,London,,,200.0,,1000,,estimate,,False,sell_side; buy_side,Generalist,,,,https://www.centerviewpartners.com/ourteammember.aspx,https://www.centerviewpartners.com/contactus.aspx,,"Private independent investment bank (New York, London, Paris, Menlo Park, San Francisco) advising on very large strategic M&A; London office at W1F 7BL.",,OC345806,Active,https://www.centerviewpartners.com; https://www.execcapital.co.uk/ranking-top-20-uk-corporate-finance-ma-boutiques/; https://centerviewpartners.com/,90,centerviewpartners-com
Central Business Sales,https://centralbusinesssales.co.uk,Business broker,,Edinburgh,Scotland,Edinburgh; Glasgow,regional,Scotland,,,0.01,0.04,0.03,0.2,deals,Current listings priced roughly £30k-£125k,False,sell_side; valuations,Consumer & Retail; Leisure & Hospitality; Food & Beverage,"Freehold and leasehold small businesses: cafes, retail, beauty, restaurants.",info@centralbusinesssales.co.uk,03454 745 145,,https://centralbusinesssales.co.uk/contact-us/,,"Independent Scottish business transfer agency (30+ years) with offices in Edinburgh and Glasgow, selling small freehold and leasehold businesses.",,,,https://centralbusinesssales.co.uk/; https://centralbusinesssales.co.uk/about-us/,90,centralbusinesssales-co-uk
Cerelo,https://cerelo.co.uk,Sector specialist,,Leeds,Yorkshire and the Humber,Leeds; Manchester; London,national,Yorkshire and the Humber; North West; London,4,team_page,0.2,6.0,1,30,estimate,Advised e.g. a £1.7m investment in The Build Chain (Insider Deal of the Year up to £5m shortlist),True,sell_side; buy_side; fundraising,Technology & Software; Media & Marketing,"Technology and media: software, AI, cyber, adtech, healthtech, edtech, IT services, digital agencies, gaming",info@cerelo.co.uk,+44 (0) 7810 175 621,https://cerelo.co.uk/team/,https://cerelo.co.uk/contact/,https://www.linkedin.com/company/cereloadvisory/,"Leeds-founded (2024) technology and media M&A boutique (Cerelo Advisory) led by co-founders Jonny Sharp and Mick Morris, advising on sales, acquisitions and fundraising; offices in Leeds, Manchester and London.",,,,https://cerelo.co.uk/; https://cerelo.co.uk/team/; https://www.insidermedia.com/event/yorkshire-dealmakers-awards-2024/shortlist,100,cerelo-co-uk
CFA Nottingham (Sunaxis),https://www.cfaw.com/nottingham,Independent boutique,Corporate Finance Associates (CFA Worldwide),Nottingham,East Midlands,Nottingham,national,East Midlands,2,team_page,0.2,3.0,1,15,estimate,,True,sell_side; buy_side; fundraising; debt_advisory,Food & Beverage; Business Services; Professional Services; Recruitment & Staffing,"Food industry and franchise businesses; consolidator models in accountancy, recruitment and contractor franchises; works with Xeinadin member firms",info@cfaw.com,0115 924 0000,https://www.cfaw.com/nottingham,https://www.cfaw.com/nottingham,https://www.linkedin.com/company/corporate-finance-associates,"Nottingham office of the US-based Corporate Finance Associates network, run by Sunaxis (Carl Chadwick), advising business owners on M&A, equity and debt financing, with a franchise and food-sector specialism and work for Xeinadin accountancy clients.",,,,https://www.cfaw.com/nottingham,100,cfaw-com-nottingham
Champion Accountants,https://www.championgroup.co.uk,Accountancy firm CF team,,Manchester,North West,Manchester; Preston; Blackpool; Chester,regional,North West,,,0.4,6.0,2,30,deals,"""Some recent examples of our corporate finance experience include: The disposal of a wholesaler for £23m; MBO of a travel business for £8m; Partial disposal of a drinks manufacturer for £2m; Disposal of a construction contractor with a complex earn out deal for £30m; Disposal of a professional services business for £8m; Disposal of an equipment manufacturing business for £25m; Disposal of a food manufacturer for £6m; Disposal of a service provider for local authorities for £6m""",True,sell_side; buy_side; mbo; fundraising; valuations,Generalist,,info@championgroup.co.uk,0161 703 2500,https://www.championgroup.co.uk/our-team/,https://www.championgroup.co.uk/contact-us/,https://www.linkedin.com/company/champion-accountants,"North West accountancy group with a corporate finance team handling business sales, MBO/MBIs, valuations and fundraising for owner-managed businesses.",,,,https://www.championgroup.co.uk/services/corporate-finance/,90,championgroup-co-uk
Chantry Corporate Finance,https://chantrycorporatefinance.uk,Independent boutique,,Guildford,South East,Guildford,national,London; South East; South West; East of England; East Midlands; West Midlands; Yorkshire and the Humber; North West; North East; Scotland; Wales; Northern Ireland,,,1.0,20.0,5,100,estimate,"mid-market companies; £2.3bn+ transaction value, 150+ deals claimed",True,sell_side; buy_side; fundraising; debt_advisory,Generalist,,,+442071234567,,https://chantrycorporatefinance.uk,,"Surrey-registered corporate finance adviser (established 2008) offering capital raising, M&A and strategic financial advice to mid-market companies in the UK and Europe.",,04623420,Active,https://chantrycorporatefinance.uk/; https://find-and-update.company-information.service.gov.uk/advanced-search/get-results?companyNameIncludes=corporate+finance&registeredOfficeAddress=Surrey&status=active,90,chantrycorporatefinance-uk
Chapters Capital,https://www.chapterscapital.co.uk,Sector specialist,,London,London,London,national,London; South East; South West; East of England; East Midlands; West Midlands; Yorkshire and the Humber; North West; North East; Scotland; Wales; Northern Ireland,6,team_page,0.1,4.0,0.5,20,estimate,,True,sell_side; buy_side; valuations,Financial Services,"Exclusively financial planning (IFA), wealth management and asset management firm sales; paid by the buyer",info@chapterscapital.co.uk,0204 519 7811,https://www.chapterscapital.co.uk/about,https://www.chapterscapital.co.uk/contact,https://uk.linkedin.com/company/chapters-capital-ltd,"London M&A intermediary specialising in the sale of UK financial planning and wealth management firms, with 100+ completed transactions and £11bn+ AUM acquired over 12 years; buyer-paid model.",,12071550,Active,https://www.chapterscapital.co.uk; https://www.chapterscapital.co.uk/about; https://www.chapterscapital.co.uk/contact,100,chapterscapital-co-uk
Chelsea Corporate,https://chelseacorporate.com,Sector specialist,,London,London,London,national,London; South East; South West; East of England; East Midlands; West Midlands; Yorkshire and the Humber; North West; North East; Scotland; Wales; Northern Ireland,10,team_page,0.1,2.0,0.5,10,stated,"Targets offered in bands: under £500k, £500k-£1m, £1m-£10m, £10m+",True,buy_side,Technology & Software; Telecoms,Buy-side acquisition search for IT service / MSP businesses on behalf of buyers,info@chelseacorporate.com,020 3011 1373,https://chelseacorporate.com/meet-the-team/,https://chelseacorporate.com/contact/,https://www.linkedin.com/company/chelsea-corporate-limited,London M&A firm that mainly acts for business buyers (often high-net-worth individuals and acquirers) to find and acquire UK IT service businesses.,,07921993,Active,https://chelseacorporate.com/; https://chelseacorporate.com/meet-the-team/,100,chelseacorporate-com
Christie & Co,https://www.christie.com,Business broker,Christie Group,London,London,London,national,London; South East; South West; East of England; East Midlands; West Midlands; Yorkshire and the Humber; North West; North East; Scotland; Wales; Northern Ireland,,,0.1,10.0,0.5,50,estimate,,True,sell_side; buy_side; valuations,Leisure & Hospitality; Healthcare; Care; Dental & Veterinary; Pharmacy; Education; Consumer & Retail,"Specialist broker for hotels, pubs, restaurants, childcare, care, dental, pharmacy, medical and convenience retail",enquiries@christie.com,+44 (0) 20 7227 0700,https://www.christie.com/contact/our-people/,https://www.christie.com/contact/,https://www.linkedin.com/company/christie---co,"Specialist business property adviser and broker (Christie Group) with a UK-wide office network, selling hospitality, healthcare, childcare and retail businesses and groups, including corporate deals.",,,,https://www.christie.com/; https://www.christie.com/about/,90,christie-com
Christie Griffith,https://www.christiegriffith.co.uk,Accountancy firm CF team,,Glasgow,Scotland,Glasgow,local,Scotland,4,team_page,0.2,3.0,1,15,estimate,We work with businesses with turnover £0.5million to £50million,True,sell_side; buy_side; mbo; fundraising; debt_advisory; due_diligence; valuations,Generalist,,info@christiegriffith.co.uk,0141 225 8064,https://www.christiegriffith.co.uk/who-we-are/key-personnel/,https://www.christiegriffith.co.uk/contact/,,"Glasgow chartered accountants and corporate finance practice offering M&A, MBO/MBI, fundraising, banking/debt advisory, valuations and due diligence to owner-managed businesses.",,,,https://www.christiegriffith.co.uk; https://www.christiegriffith.co.uk/services/corporate-finance/; https://acumon.com/blog/ma-advisory-services-companies-glasgow/,100,christiegriffith-co-uk
Churchill Mergers,https://churchillmergers.com,Business broker,,,,,international,London; South East; South West; East of England; East Midlands; West Midlands; Yorkshire and the Humber; North West; North East; Scotland; Wales; Northern Ireland,,,1.0,16.0,5,80,stated,Our deal sizes typically range from £5m to £80m,True,sell_side; buy_side; valuations; due_diligence,Professional Services; Financial Services; Technology & Software; Healthcare,"Lists IFA, law, accounting, wealth management and medical practices for sale; also SaaS/AI sell-side",,,https://churchillmergers.com/our-team/,https://churchillmergers.com/contact-us/,https://www.linkedin.com/company/churchill-mergers/,"UK-registered M&A adviser/business broker with UK, USA and UAE coverage offering pre-sale consulting, sell-side and buy-side advisory and valuations; markets IFA, law, accounting and other practices for sale.",,,,https://churchillmergers.com; https://churchillmergers.com/our-team/; https://find-and-update.company-information.service.gov.uk/company/12993288; https://churchillmergers.com/sell-side-advisory/,70,churchillmergers-com
Ciesco,https://www.ciesco.com,Sector specialist,,London,London,London,international,London,5,estimate,1.0,30.0,5,150,estimate,,True,sell_side; buy_side; fundraising,Media & Marketing; Technology & Software,,future@ciesco.com,+44 (0)20 7150 9799,https://www.ciesco.com/our-team,https://www.ciesco.com/contact,https://www.linkedin.com/company/ciesco/,"Victoria-based specialist corporate finance adviser in media and technology, pairing industry executives with M&A advisers.",,07243195,Active,https://www.ciesco.com/; https://www.ciesco.com/contact,100,ciesco-com
City & Westminster Corporate Finance,https://city-westminster.com,Independent boutique,,London,London,London,international,London,2,team_page,0.4,10.0,2,50,estimate,Team experience 'primarily within the SME arena',True,fundraising; debt_advisory; ecm; sell_side; buy_side,Energy & Renewables; Technology & Software; Healthcare; Life Sciences; Construction & Property,"Strengths in disruptive technologies, real estate, oil & gas, natural resources, alternative energy, bio-sciences; multi-jurisdictional transactions; Standard List financial adviser and AIM IPO support",info@city-westminster.com,+44 (0) 207 917 6824,https://city-westminster.com/,https://city-westminster.com/,,"FCA-authorised Mayfair corporate finance partnership (partners John May, Stuart Adam) advising SMEs on debt/equity/mezzanine raises, M&A and Standard List/AIM listings, often multi-jurisdictional.",,OC333278,Active,https://city-westminster.com/; https://find-and-update.company-information.service.gov.uk/company/OC333278,100,city-westminster-com
City Business Brokers,https://www.citybusinessbrokers.co.uk,Business broker,,Birmingham,West Midlands,Birmingham; Northampton,regional,West Midlands; East Midlands,,,0.01,0.4,0.05,2,estimate,,False,sell_side; buy_side; valuations,Generalist,Listings range from cafes and restaurants to precision engineering and chemical manufacturing companies.,sales@citybusinessbrokers.co.uk,0121 232 4686,https://www.citybusinessbrokers.co.uk/our-partners/,https://www.citybusinessbrokers.co.uk/contact/,,"Business broker with offices in Birmingham and Northampton selling owner-managed businesses, from hospitality to manufacturing and engineering companies.",,05455129,Active,https://www.citybusinessbrokers.co.uk/; https://www.citybusinessbrokers.co.uk/about/,90,citybusinessbrokers-co-uk
Clairfield UK,https://clairfield.com/clairfield-in-the-uk/,Independent boutique,Clairfield International,Birmingham,West Midlands,Birmingham; London,national,London; South East; South West; East of England; East Midlands; West Midlands; Yorkshire and the Humber; North West; North East; Scotland; Wales; Northern Ireland,24,team_page,2.0,30.0,10,150,estimate,,True,sell_side; buy_side; mbo; fundraising; debt_advisory; valuations; due_diligence,Business Services; Industrials & Manufacturing; Healthcare; Consumer & Retail; Energy & Renewables; Technology & Software,,,+44 121 234 6070,https://clairfield.com/clairfield-in-the-uk/,https://www.clairfield.com/contact/,https://www.linkedin.com/company/clairfieldinternational,"UK member of the Clairfield International mid-market M&A partnership, formerly Orbis Partners (Birmingham boutique founded 1999 by James Grenfell and Chris Gregory), employee-owned and renamed Clairfield in 2023.",,09098428,Active,https://clairfield.com/clairfield-in-the-uk/; https://www.clairfield.com/contact/; https://sandbox.mergr.com/advisor/financial/orbis-partners-llp; https://www.clairfield.com/clairfield-in-the-uk/,100,clairfield-com-clairfield-in-the-uk
Clarendon Square Advisory,https://www.clarendonsquareadvisory.co.uk,Independent boutique,,Warwick,West Midlands,Warwick,national,London; South East; South West; East of England; East Midlands; West Midlands; Yorkshire and the Humber; North West; North East; Scotland; Wales; Northern Ireland,,,0.2,4.0,1,20,estimate,,True,sell_side; buy_side; fundraising,Generalist; Education,,info@clarendonsquareadvisory.co.uk,07952 286686,https://clarendonsquareadvisory.co.uk/our-people,https://clarendonsquareadvisory.co.uk/contact,,"Warwickshire corporate finance boutique founded in 2019 by David Kitchen, advising SMEs on fundraising, buy-and-build and business sales to trade and PE buyers.",,12247839,Active,https://www.clarendonsquareadvisory.co.uk/; https://clarendonsquareadvisory.co.uk/our-people,90,clarendonsquareadvisory-co-uk
Clarksons Securities,https://www.clarksons.com/financial/securities/investment-banking/,Investment bank / broker,Clarksons PLC,London,London,London,international,London,,,10.0,,50,,estimate,USD 20bn M&A advisory since 2010,False,ecm; debt_advisory; sell_side; buy_side,Transport & Logistics; Energy & Renewables,"Shipping, offshore, oil services and renewable energy.",,,https://www.clarksons.com/home/about-us/leadership/,https://www.clarksons.com/home/contacts/?filter=Financial,,"Investment banking arm of London-listed shipbroker Clarksons, specialising in ECM, DCM and M&A for shipping, offshore/oil services and renewable energy companies (team largely Oslo-based).",,,,https://www.clarksons.com/financial/securities/investment-banking/,90,clarksons-com-financial-securities-investment-banking
CleanTech Capital Advisors,https://www.cleantechcapitaladvisors.com,Sector specialist,,London,London,London,international,London,4,team_page,2.0,20.0,10,100,estimate,"Listed transactions are mainly growth funding rounds of £3m-£17m (e.g. £17m Series C, perovskite PV; £10.4m equity from Capricorn & OGCI; €13m for Lactips) plus minority/strategic sales (Ecolab, Georgia Pacific asset sale)",True,fundraising; sell_side; buy_side,Energy & Renewables; Environmental Services; Technology & Software,"CleanTech & ClimateTech only: energy storage, photovoltaics, green chemicals, circular economy, watertech, agtech",info@cleantechcapitaladvisors.com,+44 203 883 2937,https://www.cleantechcapitaladvisors.com/team/,https://www.cleantechcapitaladvisors.com/contact/,,"London-based corporate finance adviser (founded 2012 by Ben Lynch) dedicated to CleanTech & ClimateTech, advising European start-ups and scale-ups on capital raising and M&A, with a Paris office.",,07883858,Active,https://www.cleantechcapitaladvisors.com/; https://www.cleantechcapitaladvisors.com/about/; https://www.cleantechcapitaladvisors.com/team/; https://www.cleantechcapitaladvisors.com/transactions/; https://www.cleantechcapitaladvisors.com/contact/; https://find-and-update.company-information.service.gov.uk/company/07883858,100,cleantechcapitaladvisors-com
Clearwater,https://www.clearwatercf.com,Independent boutique,KeyBanc Capital Markets (KeyCorp),Birmingham,West Midlands,Birmingham; London; Manchester; Leeds,national,London; South East; South West; East of England; East Midlands; West Midlands; Yorkshire and the Humber; North West; North East; Scotland; Wales; Northern Ireland,135,estimate,2.0,50.0,10,250,estimate,middle-market transactions,True,sell_side; buy_side; mbo; debt_advisory; fundraising; due_diligence,Generalist; Business Services; Technology & Software; Healthcare; Consumer & Retail; Industrials & Manufacturing; Financial Services; Energy & Renewables; Food & Beverage; Leisure & Hospitality; Transport & Logistics,Covers 10 sector teams; strong private equity and debt advisory desks,,+44 845 052 0300,,https://www.clearwatercf.com/contact/,https://www.linkedin.com/company/clearwater-international,"Mid-market corporate finance and M&A adviser founded in 2002 (team of 135+ across Birmingham, Leeds, Manchester and London) advising corporates, owner-managed and PE-backed businesses on acquisitions, divestments and debt; UK business being acquired by KeyBanc Capital Markets in 2026.",,,,https://www.consultancy.uk/news/43865/keybanc-capital-markets-acquires-uk-business-of-ma-firm-clearwater; https://www.bankingdive.com/news/key-acquire-clearwater-uk-investment-banking-advisory-middle-market/818190/; https://find-and-update.company-information.service.gov.uk/search/companies?q=corporate+finance; https://www.clearwatercf.com/; https://www.clearwatercf.com/contact/; https://www.experian.co.uk/content/dam/marketing/uki/uk/en/pdf/MA-Full-year-report-2025-V3.pdf; https://www.peony.ink/blog/best-ma-advisors-manchester; https://acumon.com/blog/ma-advisory-services-companies-leeds/; https://www.clearwatercf.com/en-gb/news/success-across-the-board-at-the-midlands-dealmakers-awards-2025/,100,clearwatercf-com
Cleveland Scott,https://clevelandscott.co.uk,Independent boutique,,Warrington,North West,Warrington,regional,North West,4,team_page,0.4,10.0,2,50,stated,Co-founder 'has led over 60 transactions in the sub £50m market'; focuses on family and owner-managed business sales,True,sell_side; buy_side; mbo,Generalist,,tim.scott@clevelandscott.co.uk,01925 430 391,https://clevelandscott.co.uk/our-team/,https://clevelandscott.co.uk/contact-us/,,"Warrington-based corporate finance boutique founded in 2017 by ex-Hurst partner Tim Scott and Richard Higham, advising SME and family business owners on company sales and succession; 150+ transactions completed by the team.",,11031447,Active,https://clevelandscott.co.uk/; https://clevelandscott.co.uk/our-team/; https://www.thebusinessdesk.com/northwest/news/2117732-heightened-deals-activity-drives-bumper-year-for-corporate-finance-boutique,100,clevelandscott-co-uk
Clive Owen,https://www.cliveowen.com,Accountancy firm CF team,,Darlington,North East,Darlington; Durham; Middlesbrough; Newcastle upon Tyne; York,regional,North East; Yorkshire and the Humber,2,team_page,0.2,3.0,1,15,estimate,,True,sell_side; buy_side; mbo; fundraising; due_diligence,Generalist; Engineering,,enquiries@cliveowen.com,01325 349700,https://www.cliveowen.com/services/advisory/corporate-finance-services/,https://www.cliveowen.com/contact/,https://www.linkedin.com/company/1245395,"North East and Yorkshire accountancy firm whose corporate finance team (partner Michael Cantwell) advises owner-managers on business sales, acquisitions and MBOs.",,,,https://www.cliveowen.com/services/advisory/corporate-finance-services/; https://www.cliveowen.com/,100,cliveowen-com
CN Corporate Finance,https://cncorporatefinance.co.uk,Independent boutique,,Cheadle,North West,Cheadle; Manchester,regional,North West,4,team_page,0.4,4.0,2,20,estimate,press: advised on 11 transactions worth more than £85m in 12 months,True,sell_side; buy_side; mbo; debt_advisory; fundraising,Generalist; Industrials & Manufacturing; Engineering; Technology & Software; Healthcare; Food & Beverage; Professional Services; Environmental Services,"Experience in defence & security, family businesses, food, healthcare, manufacturing/engineering, printing & packaging, professional services, technology.",connect@cncorporatefinance.co.uk,0161 495 4700,https://cncorporatefinance.co.uk/team/,https://cncorporatefinance.co.uk/contact-us/,https://www.linkedin.com/company/cn-strategic-advisors/,"Family-owned Manchester/Cheadle corporate finance boutique founded in 2023 by ex-RSM/Forvis Mazars dealmaker Dave Baggott and Andy Baggott (formerly CN Strategic Advisors), advising owner-managed businesses on trade sales, PE deals, MBOs/MBIs, EOTs and debt raising.",,OC445935,Active,https://cncorporatefinance.co.uk; https://cncorporatefinance.co.uk/team/; https://cncorporatefinance.co.uk/sectors/; https://marketingstockport.co.uk/news/cn-corporate-finance-marks-three-years-of-growth/; https://www.business-sale.com/news/business-sale/commercial-cooling-and-heating-firm-acquired-by-scandinavian-group-229475; https://cncorporatefinance.co.uk/our-offices/manchester/,100,cncorporatefinance-co-uk
Co-gency Corporate Finance,https://www.cogencycf.com,Independent boutique,,Manchester,North West,Manchester,regional,North West,2,team_page,0.2,2.0,1,10,estimate,,True,sell_side; buy_side; fundraising; restructuring; debt_advisory,Generalist,Team page lists 2 executives plus 4 consultants,info@cogencycf.com,+44 161 841 2968,https://www.cogencycf.com/the-team/,https://www.cogencycf.com/contact/,https://www.linkedin.com/company/10517563/,"Swinton (Manchester) ACCA-regulated corporate finance firm helping owner-managers buy, sell and finance businesses, with acquisition search, disposals, acquisition finance and turnaround advice.",,09415193,Active,https://www.cogencycf.com; https://www.cogencycf.com/the-team/; https://www.cogencycf.com/contact/,100,cogencycf-com
Coadax,https://coadax.com,Independent boutique,Ampa,Birmingham,West Midlands,Birmingham,regional,West Midlands; East Midlands,2,estimate,0.4,5.0,2,25,estimate,,True,sell_side; buy_side; mbo; fundraising; valuations,Generalist,,,,,https://coadax.com/contact/,https://www.linkedin.com/company/coadax,"Corporate finance and strategic advisory boutique launched in 2023 by the Ampa professional services group (Shakespeare Martineau's parent), advising Midlands SMEs on M&A, exits, MBOs, fundraising and valuations.",,OC439710,Active,https://coadax.com/; https://www.greaterbirminghamchambers.com/resource/ampa-launches-new-midlands-strategic-advisory-consultancy.html,100,coadax-com
Cofina Corporate Finance,https://www.cofina.co.uk,Sector specialist,,London,London,London,national,London; South East; South West; East of England; East Midlands; West Midlands; Yorkshire and the Humber; North West; North East; Scotland; Wales; Northern Ireland,,,0.4,10.0,2,50,estimate,,True,sell_side; buy_side; fundraising,Technology & Software; Telecoms,"IT services, managed services, cybersecurity, unified communications and telecoms",,,,,,"London advisory boutique giving independent M&A and fundraising advice to IT, managed service and telecoms businesses.",,08590869,Active,https://www.cofina.co.uk/,80,cofina-co-uk
Cogito Partners,https://cogito-partners.com,Independent boutique,,London,London,London,national,London; South East; South West; East of England; East Midlands; West Midlands; Yorkshire and the Humber; North West; North East; Scotland; Wales; Northern Ireland,3,team_page,0.06,4.4,0.3,22,stated,"enterprise values ranging from £300,000 to £22,000,000",True,sell_side; buy_side,Generalist,,info@cogito-partners.com,,https://cogito-partners.com/meet-the-team/,https://cogito-partners.com,,"London M&A intermediary (Cogito Partners Limited, est. 2024) advising business owners and buyers on full and partial sales, with team track record of deals from £0.3m to £22m EV.",,15921542,Active,https://cogito-partners.com; https://find-and-update.company-information.service.gov.uk/company/15921542; https://cogito-partners.com/meet-the-team/,100,cogito-partners-com
CoGoGo,https://letscogogo.com,Business broker,,Manchester,North West,Manchester,national,London; South East; South West; East of England; East Midlands; West Midlands; Yorkshire and the Humber; North West; North East; Scotland; Wales; Northern Ireland,,,0.01,0.2,0.03,1,estimate,,False,sell_side; buy_side; valuations,Generalist,,hello@letscogogo.com,01204 556300,,https://letscogogo.com/contact-us/,https://www.linkedin.com/company/letscogogo,"Manchester-based UK business broker selling small and medium businesses across many sectors (retail, care, catering, trades) with a recently-sold list.",,15138985,Active,https://letscogogo.com/; https://letscogogo.com/about-us/; https://letscogogo.com/contact-us/,90,letscogogo-com
Cole Associates,https://www.cole-group.co.uk,Independent boutique,,Manchester,North West,Manchester,regional,North West,2,team_page,0.2,4.0,1,20,estimate,,True,sell_side; buy_side; mbo; fundraising; due_diligence; valuations; restructuring,Generalist,,enquiries@cole-group.co.uk,0161 832 9945,https://www.cole-group.co.uk/our-partners,https://www.cole-group.co.uk/contact-us,,"Specialist corporate finance firm (chartered accountants practising only corporate finance) on King Street, Manchester, founded by Jeremy Cole; advises on MBOs/MBIs, acquisitions, disposals and fundraising for owner-managed businesses.",,16907516,Active,https://www.cole-group.co.uk/; https://www.cole-group.co.uk/about; https://www.cole-group.co.uk/our-partners,100,cole-group-co-uk
Collingwood,https://collingwood.group,Sector specialist,,London,London,London,international,London,,,1.0,20.0,5,100,estimate,,True,sell_side; buy_side; fundraising,Media & Marketing; Business Services,"B2B information, media and events companies",,,https://collingwood.group/about/,https://collingwood.group/contact,https://www.linkedin.com/company/collingwood-advisory-ltd/,"London advisory group whose corporate finance arm (Collingwood Corporate Finance) advises owners of B2B information, media and events businesses on sales and capital raising.",,05842662,Active,https://collingwood.group/; https://collingwood.group/contact; https://firmbase.co/resources/industry-lists/boutique-m-and-a-companies-in-the-uk-london,90,collingwood-group
Connect Corporate Finance,https://www.connectcf.com,Sector specialist,,London,London,London,international,London,3,team_page,1.0,20.0,5,100,estimate,,True,buy_side,Transport & Logistics; Recruitment & Staffing; Technology & Software,"Buy-side only: off-market deal origination in freight & logistics, human capital management and software",enquiries@connectcf.com,+44 (0)20 7205 4526,https://www.connectcf.com/team,https://www.connectcf.com/contact-us,https://www.linkedin.com/company/connectcf/,"Wandsworth-based buy-side M&A firm (since 2019) sourcing off-market acquisitions for trade and financial buyers in freight & logistics, human capital and software.",,12201648,Active,https://www.connectcf.com/; https://www.connectcf.com/team; https://www.connectcf.com/contact-us; https://www.connectcf.com/services,100,connectcf-com
Consulting M&A,https://consultingmanda.co.uk,Sector specialist,,Chichester,South East,Chichester,national,London; South East; South West; East of England; East Midlands; West Midlands; Yorkshire and the Humber; North West; North East; Scotland; Wales; Northern Ireland,4,team_page,0.2,4.0,1,20,estimate,,True,sell_side; buy_side; fundraising,Professional Services; Technology & Software,"Management consulting and IT services businesses (also environmental/energy consulting, L&D, recruitment)",bruce.ramsay@consultingmanda.co.uk,+44 (0) 7860 442 715,https://consultingmanda.co.uk/team/,https://consultingmanda.co.uk/contact-us/,https://www.linkedin.com/company/19172696,"Chichester-based M&A adviser run by former consulting-firm founders (Bruce Ramsay and partners), helping owners of management consulting and IT services businesses grow and sell; publishes a long list of sector sales.",,11930752,Active,https://consultingmanda.co.uk; https://consultingmanda.co.uk/team/; https://consultingmanda.co.uk/transaction-experience/; https://consultingmanda.co.uk/contact-us/; https://find-and-update.company-information.service.gov.uk/company/11930752,100,consultingmanda-co-uk
Continuum Advisory Partners,https://www.continuum.partners,Sector specialist,,London,London,London,international,London,,,4.0,100.0,20,500,estimate,,False,sell_side; buy_side; fundraising,Financial Services; Professional Services; Technology & Software,"Insurance, banking, specialty finance, wealth management, fintech, professional services",enquiries@continuum.partners,+44 20 3882 6040,https://www.continuum.partners/our-people,https://www.continuum.partners/contact,https://www.linkedin.com/company/continuum-advisory-partners/,"Specialist City of London corporate finance firm advising financial services, professional services and fintech companies and their PE owners across Europe.",,14189636,Active,https://www.continuum.partners/; https://www.continuum.partners/our-people; https://www.continuum.partners/contact,90,continuum-partners
Convex,https://www.convexcf.com,Independent boutique,,Wilmslow,North West,Wilmslow,national,London; South East; South West; East of England; East Midlands; West Midlands; Yorkshire and the Humber; North West; North East; Scotland; Wales; Northern Ireland,10,team_page,2.0,50.0,10,250,stated,"'strategic business sales from £10m to £250m'; 100+ deals, £3bn+ aggregate value",True,sell_side,Generalist; Industrials & Manufacturing; Business Services; Technology & Software; Consumer & Retail; Food & Beverage; Energy & Renewables,"Sell-side only, specialises in sales of owner-managed businesses to global strategic acquirers",team@convexcf.com,01625 461401,https://www.convexcf.com/team/,https://www.convexcf.com/contact/,https://www.linkedin.com/company/convexcapital,"Cheshire-based sell-side-only M&A adviser (formerly Convex Capital, founded 2010, now Convex Corporate Finance Ltd) selling entrepreneur-owned UK businesses, often to overseas strategic buyers; fully success-fee based.",,15492366,Active,https://www.convexcf.com/; https://www.convexcf.com/about/; https://www.convexcf.com/team/,100,convexcf-com
Cooper Parry,https://www.cooperparry.com,Accountancy firm CF team,,Derby,East Midlands,Derby; Nottingham; Leicester; Birmingham; London; Manchester,national,London; South East; South West; East of England; East Midlands; West Midlands; Yorkshire and the Humber; North West; North East; Scotland; Wales; Northern Ireland,,,0.4,20.0,2,100,estimate,,True,sell_side; buy_side; mbo; fundraising; debt_advisory; due_diligence; valuations,Healthcare; Business Services; Technology & Software; Automotive; Energy & Renewables; Financial Services; Professional Services; Consumer & Retail; Industrials & Manufacturing,,,0330 470 6086,https://www.cooperparry.com/services/corporate-finance-advisory/,https://www.cooperparry.com/contact-us/,https://www.linkedin.com/company/cooper-parry/,"Private-equity-backed accountancy firm with a large corporate finance team advising on sell-side, buy-side, MBO and PE deals; member of the Reach cross-border M&A network.",,,,https://www.cooperparry.com/; https://www.cooperparry.com/services/corporate-finance-advisory/,90,cooperparry-com
Corbett Keeling,https://www.corbettkeeling.com,Independent boutique,,London,London,London,national,London; South East; South West; East of England; East Midlands; West Midlands; Yorkshire and the Humber; North West; North East; Scotland; Wales; Northern Ireland,9,team_page,2.0,30.0,10,150,stated,"""an independent, London-based corporate finance firm, specialising in selling privately-owned UK companies valued between £10-150 million""",True,sell_side; buy_side; fundraising,Consumer & Retail; Financial Services; Healthcare; Industrials & Manufacturing; Business Services; Technology & Software,"Sector teams: consumer, financial services, healthcare, industrials, support services, TMT; uses many external sector specialists",expertadvice@corbettkeeling.com,+44 (0)20 7626 6266,https://www.corbettkeeling.com/our-people,https://www.corbettkeeling.com/contact-us,https://www.linkedin.com/company/corbett-keeling/,"Independent, founder-run London corporate finance boutique (since 1993) advising owners of private companies on selling their business, raising capital and acquisitions.",,02811619,Active,https://www.corbettkeeling.com/; https://www.corbettkeeling.com/our-people; https://www.corbettkeeling.com/contact-us; https://firmbase.co/resources/industry-lists/boutique-m-and-a-companies-in-the-uk-london,100,corbettkeeling-com
Cork Gully,https://corkgully.com,Independent boutique,,London,London,London,international,London; South East; South West; East of England; East Midlands; West Midlands; Yorkshire and the Humber; North West; North East; Scotland; Wales; Northern Ireland,,,1.0,40.0,5,200,estimate,,True,sell_side; buy_side; fundraising; restructuring,Generalist,"Special situations: accelerated M&A, stressed capital raising, turnaround",,020 7268 2150,https://corkgully.com/cork-gully-appoints-nirmal-heeralall-and-mitesh-hassamal-as-partners/,https://corkgully.com/contact-us/,,"London-headquartered advisory firm specialising in business turnaround, restructuring and special situations, including accelerated M&A sale mandates and stressed capital raising; ICAEW Corporate Finance Faculty member organisation.",,,,https://corkgully.com/; https://www.icaew.com/technical/corporate-finance/corporate-finance-faculty/member-firms,90,corkgully-com
Cornerstone Business Agents,https://www.cornerstoneba.co.uk,Business broker,,,Scotland,Edinburgh; Glasgow,regional,Scotland,,,0.01,0.6,0.05,3,estimate,,True,sell_side; buy_side; valuations,Generalist; Leisure & Hospitality,"Scottish business sales agency for owner-managed businesses, with free pre-sale valuations and acquisition finance introductions.",info@cornerstoneagents.co.uk,0131 445 7222,,https://www.cornerstoneba.co.uk/contact/,,"Home-grown Scottish business sales agency with Edinburgh and Glasgow lines, selling and valuing owner-managed businesses across Scotland. HQ city not confirmed.",,SC359542,Active,https://www.cornerstoneba.co.uk/; https://www.daltonsbusiness.com/agent/cornerstone-business-agents/,80,cornerstoneba-co-uk
Cornerstone Corporate Finance,https://www.cornerstone-cf.co.uk,Independent boutique,,London,London,London,international,London; South East; South West; East of England; East Midlands; West Midlands; Yorkshire and the Humber; North West; North East; Scotland; Wales; Northern Ireland,,,10.0,,50,,stated,We target European Management Buyouts with Enterprise Values in excess of £50 million,False,mbo,Generalist,Specialist adviser to management teams on equity incentive packages in MBOs/secondary buyouts,,,https://www.cornerstone-cf.co.uk/team/,https://www.cornerstone-cf.co.uk/contact/,,"Founded in 2000, a partner-only specialist management adviser that advises management teams on equity incentive packages in buyouts and refinancings with EV above £50m.",,OC389207,Active,https://www.cornerstone-cf.co.uk/; https://www.cornerstone-cf.co.uk/deals/; https://find-and-update.company-information.service.gov.uk/company/OC389207,90,cornerstone-cf-co-uk
Corporate Mergers,https://www.corporatemergers.co.uk,Sector specialist,,Hinckley,East Midlands,Hinckley,national,London; South East; South West; East of England; East Midlands; West Midlands; Yorkshire and the Humber; North West; North East; Scotland; Wales; Northern Ireland,1,estimate,0.2,3.0,1,15,stated,Typical range is £1-15 million,True,sell_side; buy_side,Food & Beverage,"Specialises in M&A of privately owned food businesses (ingredients, meat processing, contract foods)",info@corporatemergers.co.uk,01455 244444,,https://www.corporatemergers.co.uk/contact-corporate-mergers,https://www.linkedin.com/company/corporate-mergers-limited,"Hinckley-based M&A adviser founded 2001 by George Seward specialising in sales and acquisitions of privately owned food manufacturing businesses, with UK and international buyers.",,06173554,Active,https://www.corporatemergers.co.uk/; https://www.corporatemergers.co.uk/about-corporate-mergers,100,corporatemergers-co-uk
Corporate Money Matters,https://www.corporatemoneymatters.co.uk,Debt adviser,,Nottingham,East Midlands,Nottingham; Leicester,regional,East Midlands,,,0.1,2.0,0.5,10,estimate,,True,debt_advisory; fundraising; sell_side; buy_side,Generalist,,,+44 (0)115 646 3946,,https://www.corporatemoneymatters.co.uk/contact-us/,,"Independent East Midlands corporate consultancy and finance broker (offices in rural Nottinghamshire/Lincolnshire, Leicester and Nottingham) arranging funding and advising SMEs on mergers, acquisitions and sales.",,02403038,Active,https://www.corporatemoneymatters.co.uk/; https://lincs-chamber.co.uk/members/corporate-money-matters-ltd,90,corporatemoneymatters-co-uk
Cortus Advisory Group,https://www.cortusadvisory.co.uk,Independent boutique,,Manchester,North West,Manchester,national,North West; Yorkshire and the Humber; North East; London,,,1.0,20.0,5,100,estimate,,True,sell_side; buy_side; due_diligence; fundraising,Generalist,,contact@cortusadvisory.co.uk,0330 1334222,https://cortusadvisory.co.uk/our-team/,https://www.cortusadvisory.co.uk/,,"Manchester-based independent advisory group (B Corp) covering the full deal lifecycle: origination, buy-side support, financial due diligence, sale preparation and exits; appears on many North West and Yorkshire Dealmakers shortlisted deals, often for PE-backed transactions.",,12878863,Active,https://www.cortusadvisory.co.uk/; https://www.insidermedia.com/event/north-west-dealmakers-awards-2024/shortlist,90,cortusadvisory-co-uk
Cottons Group,https://www.cottonsgroup.com,Accountancy firm CF team,,Northampton,East Midlands,Northampton; Daventry; Lutterworth; Market Harborough; Rugby; London,regional,East Midlands; West Midlands,4,team_page,0.1,3.0,0.5,15,deals,£65m value of deals in the last year,True,sell_side; buy_side; mbo; fundraising; valuations; due_diligence,Generalist,,,01604 632116,https://www.cottonsgroup.com/about-us/meet-the-team/,https://www.cottonsgroup.com/contact/,,"Northamptonshire-based business advisers and chartered accountants with a corporate finance team covering exits, acquisitions, MBOs, valuations and funding (c.£65m of deals in a year).",,08547401,Active,https://www.cottonsgroup.com/services/corporate-finance/,100,cottonsgroup-com
County Business Sales,https://countybusinesssales.co.uk,Business broker,,Brentwood,East of England,Brentwood,regional,East of England; London; South East,,,0.0,0.2,0.02,1,estimate,,False,sell_side; valuations,Generalist,,info@countybusinesssales.co.uk,01277 260471,,https://countybusinesssales.co.uk/contact/,,"Essex business transfer agent established 1992, in partnership with Vandervells LLP, selling small and medium-sized businesses and providing written business valuations.",,,,https://countybusinesssales.co.uk/; https://countybusinesssales.co.uk/about-us/,90,countybusinesssales-co-uk
Cowgills,https://www.cowgills.co.uk,Accountancy firm CF team,Sumer,Bolton,North West,Bolton; Manchester,regional,North West,,,0.1,3.0,0.5,15,estimate,,True,sell_side; buy_side; mbo; fundraising; debt_advisory; due_diligence; valuations,Generalist,,andrew.nelson@cowgills.co.uk,,,,,"Greater Manchester accountancy firm (part of Sumer Group) with a corporate finance team advising North West SMEs on sales, acquisitions, MBOs and funding.",,,,https://www.sumer.co.uk/services/corporate-finance/,90,cowgills-co-uk
Craig Corporate,https://craigcorporate.com,Independent boutique,,Glasgow,Scotland,Glasgow; London,national,Scotland; North West; North East; London,5,team_page,0.4,6.0,2,30,estimate,,True,sell_side; buy_side; mbo; fundraising; debt_advisory; valuations; restructuring,Generalist,Generalist; known for family business and shareholder-value advice.,info@craigcorporate.com,+44 (0)141 243 4980,https://craigcorporate.com/people/,https://craigcorporate.com/contact/,https://www.linkedin.com/company/craig-corporate,"Glasgow corporate finance adviser established 1985 (offices also in London and Dubai) helping owners create, enhance, protect and realise shareholder value: fundraising, acquisitions, disposals and family business advice for SMEs to listed companies.",,SC091302,Active,https://craigcorporate.com; https://craigcorporate.com/about/; https://craigcorporate.com/contact/,100,craigcorporate-com
Crasner Capital,https://crasnercapital.com,Investment bank / broker,,London,London,London,international,London,,,,,,,deals,Mid-market emerging-markets M&A and capital raising; credentials include the ~USD 650m sale of Soprole (led by a Crasner executive),,sell_side; buy_side; fundraising; debt_advisory,Consumer & Retail; Food & Beverage; Industrials & Manufacturing; Financial Services,"Emerging markets (Africa, Latin America); family-office investor network",,+44 (0)20 3143 1963,https://crasnercapital.com/people/,https://crasnercapital.com/contact/,https://www.linkedin.com/company/crasner-capital/,"London-headquartered emerging-markets investment banking boutique doing sell-side M&A and capital raises, mostly cross-border (credentials: Royal Exchange, 4G Capital, Soprole). Not a UK SME adviser.",,09245227,Active,https://crasnercapital.com/about/; https://crasnercapital.com/credentials/; https://crasnercapital.com/people/; https://find-and-update.company-information.service.gov.uk/company/09245227,80,crasnercapital-com
Crescent Corporate Finance,https://crescentcf.com,Independent boutique,,Wetherby,Yorkshire and the Humber,Wetherby,regional,Yorkshire and the Humber,1,estimate,0.1,2.0,0.5,10,estimate,,True,sell_side; valuations,Generalist,,normanbeaney@crescentcf.com,07860 929689,,https://crescentcf.com/contact-us.php,,"Small business-sale adviser (Norman Beaney) registered in Wetherby, offering a staged, pay-per-stage sale process and buyer introductions for owner-managed businesses, including support alongside a client's accountant.",,09105576,Active,https://crescentcf.com/; https://find-and-update.company-information.service.gov.uk/,100,crescentcf-com
Crossroads Corporate Finance,https://www.xrcf.eu,Independent boutique,,London,London,London,international,London,,,2.0,40.0,10,200,estimate,bespoke cross-border M&A advice for mid-market companies,True,sell_side; buy_side; fundraising,Generalist,,contact@crossroadscf.co.uk,+44 (0)20 3369 3310,,https://www.xrcf.eu/contact-us/,,Mayfair LLP giving bespoke cross-border M&A advice to mid-market companies and raising capital for entrepreneur-led growth companies.,,OC384054,Active,https://www.xrcf.eu/; https://www.xrcf.eu/contact-us/,90,xrcf-eu
Crowe,https://www.crowe.com/uk,Accountancy firm CF team,Crowe Global,London,London,London; Birmingham; Cheltenham; Manchester; Kent; Reading; Thames Valley; Belfast,national,London; South East; South West; East of England; East Midlands; West Midlands; Yorkshire and the Humber; North West; North East; Scotland; Wales; Northern Ireland,,,1.0,20.0,5,100,estimate,,True,sell_side; buy_side; mbo; fundraising; debt_advisory; due_diligence; valuations,Generalist,,,+44 (0)20 7842 7100,,,https://www.linkedin.com/company/crowe-uk/,"Top-ten UK audit and advisory firm (Crowe U.K.) with a corporate finance team advising owner-managed and mid-market businesses on M&A, MBOs and fundraising.",,,,https://www.crowe.com/uk; https://www.crowe.com/uk/services/corporate-finance,90,crowe-com
CT (Chiene + Tait),https://ct.me,Accountancy firm CF team,,Edinburgh,Scotland,Edinburgh; Glasgow; London; Newcastle,regional,Scotland; North East; London,,,0.2,5.0,1,25,estimate,,True,sell_side; buy_side; mbo; fundraising; debt_advisory; due_diligence; valuations,Life Sciences; Technology & Software; Generalist,,mail@ct.me,+441315585800,https://ct.me/our-people/,https://ct.me/contact-us/,https://www.linkedin.com/company/ct-advisers,"Edinburgh accountancy firm whose corporate finance division (formed 2016) advises Scottish businesses on M&A and financing, including life sciences and tech fundraisings.",,SO303744,Active,https://ct.me/; https://www.scottishfinancialnews.com/articles/chiene-tait-announces-director-promotion-as-corporate-finance-team-exceeds-200m; https://ct.me/contact-us/; https://ct.me/our-people/,90,chiene-co-uk
Cygnum Capital,https://cygnumcapital.com,Investment bank / broker,,London,London,London,international,London,,,2.0,,10,,estimate,,True,sell_side; buy_side; fundraising; debt_advisory,Financial Services; Energy & Renewables; Generalist,"Frontier and emerging markets (Africa, Asia, Middle East); formerly Lion's Head Global Partners",info@cygnumcapital.com,+44 (0)20 7340 0400,https://cygnumcapital.com/people,https://cygnumcapital.com/contact,,"London-headquartered investment banking and asset management firm (ex Lion's Head Global Partners, est. 2008) with 90+ staff, advising on corporate finance and financing transactions in frontier and emerging markets. Not a UK SME adviser.",,11312267,Active,https://cygnumcapital.com/; https://cygnumcapital.com/about; https://cygnumcapital.com/people,90,cygnumcapital-com
D5 Capital,https://d5capital.com,Sector specialist,,London,London,London,international,London; South East; South West; East of England; East Midlands; West Midlands; Yorkshire and the Humber; North West; North East; Scotland; Wales; Northern Ireland,2,team_page,0.4,10.0,2,50,estimate,,True,sell_side; buy_side; fundraising; ecm,Media & Marketing; Technology & Software,"Marketing services and communications agencies, media, martech/adtech, SaaS; recent deals include WPI Strategy to PPHC, Tag Digital to Freeman, Seven Hills to Bully Pulpit",rupert@d5capital.com,+44 (0) 20 8187 7739,https://d5capital.com/team,https://d5capital.com/contact,,"London corporate finance adviser (D5 Capital (UK) Limited) led by Rupert Ashe ACA (100+ transactions) selling and buying marketing services, communications, media and technology businesses and raising growth capital.",,07375855,Active,https://d5capital.com; https://d5capital.com/deals; https://d5capital.com/team,100,d5capital-com
Dafferns,https://dafferns.com,Accountancy firm CF team,,Coventry,West Midlands,Coventry,local,West Midlands,1,team_page,0.1,2.0,0.5,10,estimate,,True,sell_side; mbo; valuations,Generalist,,,02476 221 046,https://dafferns.com/about-us/our-people/,https://dafferns.com/contact/,https://www.linkedin.com/company/dafferns-llp,"Coventry chartered accountants offering corporate finance (valuations, exit planning, MBOs, trade sales) led by joint managing partner Brian Jukes.",,OC327595,Active,https://dafferns.com/what-we-do/corporate-finance/,100,dafferns-com
DAI Magister,https://www.daimagister.com,Sector specialist,,London,London,London,international,London; South East; South West; East of England; East Midlands; West Midlands; Yorkshire and the Humber; North West; North East; Scotland; Wales; Northern Ireland,,,4.0,100.0,20,500,estimate,deals include £160m Freetrade sale to IG Group,False,sell_side; buy_side; fundraising,Technology & Software; Financial Services; Energy & Renewables; Healthcare,,,,https://www.daimagister.com/team/,https://www.daimagister.com/contact/,https://www.linkedin.com/company/magister-advisors/,"Tech-focused investment bank for M&A and growth financings in climate tech, deep tech, B2B SaaS, fintech and healthcare.",,06827646,Active,https://www.daimagister.com/,90,daimagister-com
Dains,https://www.dains.com,Accountancy firm CF team,,Birmingham,West Midlands,Birmingham; Glasgow; Leicester; London; Stockport; Manchester,national,London; South East; South West; East of England; East Midlands; West Midlands; Yorkshire and the Humber; North West; North East; Scotland; Wales; Northern Ireland,,,0.2,20.0,1,100,stated,deals from £1m to £100m+ in value,True,sell_side; buy_side; mbo; fundraising; debt_advisory; due_diligence; valuations,Environmental Services; Industrials & Manufacturing; Healthcare; Generalist,,,0121 200 7900,https://www.dains.com/services/corporate-finance,https://www.dains.com/contact,https://www.linkedin.com/company/dainsacc/,"PE-backed accountancy group (incl. Hurst) whose corporate finance team handles regional, national and international deals from £1m to £100m+ in value: sales, MBOs, EOTs, acquisitions and funding.",,13775282,Active,https://www.dains.com/; https://www.dains.com/services/corporate-finance,90,dains-com
Davey Co,https://www.daveyco.com,Business broker,,Nottingham,East Midlands,Nottingham; Oxford; Leeds,national,London; South East; South West; East of England; East Midlands; West Midlands; Yorkshire and the Humber; North West; North East; Scotland; Wales; Northern Ireland,,,0.02,1.0,0.1,5,estimate,,True,sell_side; buy_side; valuations,Leisure & Hospitality,"Specialist agents and valuers for pubs, inns, restaurants, hotels and leisure businesses, including off-market confidential sales.",sales@daveyco.com,0333 200 8788,,https://www.daveyco.com/contact,,"Licensed, leisure and hospitality business transfer agent and valuer (head office 18 The Ropewalk, Nottingham; also Oxford and Leeds) running open-market and off-market sales of pubs, hotels and restaurants.",,,,https://www.daveyco.com/,90,daveyco-com
Davis Coffer Lyons,https://www.dcl.co.uk,Business broker,,London,London,London,national,London; South East; South West; East of England; East Midlands; West Midlands; Yorkshire and the Humber; North West; North East; Scotland; Wales; Northern Ireland,,,0.04,4.0,0.2,20,estimate,,True,sell_side; buy_side; valuations,Leisure & Hospitality,"Leisure property specialists: sales, lettings and assignments of restaurants, pubs, bars, clubs and cafes; investment and valuation.",info@dcl.co.uk,020 7299 0700,https://www.dcl.co.uk/our-people/,https://www.dcl.co.uk/contact/,https://www.linkedin.com/company/davis-coffer-lyons,"London leisure property agency (five decades) handling sales, lettings and assignments of restaurants, pubs and bars, plus acquisitions and valuations for operators.",,02133696,Active,https://www.dcl.co.uk/; https://www.dcl.co.uk/contact/,90,dcl-co-uk
Davy,https://www.davy.ie,Investment bank / broker,Bank of Ireland,Dublin,International,Belfast; London,international,Northern Ireland; London,,,4.0,,20,,estimate,,False,sell_side; buy_side; ecm; fundraising,Generalist,,,+44 28 9031 0655,https://www.davy.ie/wealth-management/professional-partners,https://www.davy.ie/contact-us,,"Irish wealth management and capital markets group (Bank of Ireland) whose Davy Corporate Finance arm advises on M&A and equity capital markets, with offices in Belfast and London; ranked in Experian MarketIQ Northern Ireland adviser tables.",,,,https://www.davy.ie/; https://www.experian.co.uk/content/dam/marketing/uki/uk/en/pdf/MA-Full-year-report-2025-V3.pdf,90,davy-ie
DC Advisory,https://www.dcadvisory.com,Investment bank / broker,Daiwa Securities Group,London,London,London,international,London; South East; South West; East of England; East Midlands; West Midlands; Yorkshire and the Humber; North West; North East; Scotland; Wales; Northern Ireland,,,6.0,200.0,30,1000,estimate,,False,sell_side; buy_side; debt_advisory; restructuring,Generalist,,,,,,,"Mid-market investment bank (part of Daiwa) headquartered in London, advising on M&A, debt and restructuring for private equity and corporates.",,12242324,Active,https://www.dcadvisory.com/,80,dcadvisory-com
DC Care,https://www.dccare.co.uk,Business broker,,Wetherby,Yorkshire and the Humber,Wetherby,national,London; South East; South West; East of England; East Midlands; West Midlands; Yorkshire and the Humber; North West; North East; Scotland; Wales; Northern Ireland,,,0.04,2.0,0.2,10,estimate,,True,sell_side; buy_side; valuations,Care,"Care homes and care businesses (operational homes, closed homes, development sites).",,01937 849268,https://www.dccare.co.uk/about-us/,https://www.dccare.co.uk/contact-us/,http://www.linkedin.com/company/dc-care-healthcare-agents,Specialist healthcare business agent (since 2002) selling operational care homes and care businesses UK-wide for private and corporate operators; one of the larger independent care-specific agencies.,,,,https://www.dccare.co.uk; https://www.dccare.co.uk/about-us/,90,dccare-co-uk
DC Dwek Corporate Finance,https://dcdwek.com,Independent boutique,,London,London,London,international,London,1,team_page,1.0,20.0,5,100,estimate,,True,sell_side; buy_side; mbo; fundraising; debt_advisory; restructuring,Telecoms; Technology & Software; Media & Marketing; Energy & Renewables; Financial Services; Agriculture; Construction & Property,"Focus on TMT, water and renewable energy, fintech/agtech and real estate; most recent posted deal: sale of a US/Australian oil recycling business (2024)",david@dcdwek.com,+44 20 7287 7841,https://dcdwek.com/directors/,https://dcdwek.com/contact/,,"FCA-authorised London corporate finance firm led by ex-UBS banker David Dwek, advising on M&A, MBOs, fundraising and restructuring, often cross-border.",,04298345,Active,https://dcdwek.com/; https://dcdwek.com/contact/; https://dcdwek.com/directors/; https://dcdwek.com/about/credentials/; https://dcdwek.com/2024/01/11/dc-dwek-cfl-successful-sale-of-a-us-australian-oil-recycling-business/; https://find-and-update.company-information.service.gov.uk/company/04298345,100,dcdwek-com
Dean Street Advisers,https://www.deanst.co.uk,Independent boutique,,London,London,London,national,London; South East; South West; East of England; East Midlands; West Midlands; Yorkshire and the Humber; North West; North East; Scotland; Wales; Northern Ireland,,,2.0,40.0,10,200,estimate,,True,sell_side; buy_side; debt_advisory; fundraising,Generalist,,,,https://www.deanst.co.uk,https://www.deanst.co.uk,,"London advisory boutique founded in 2012 by ex-Merrill Lynch/Deutsche Bank bankers Mervyn Metcalf and Graeme Atkinson, advising PE firms, management teams and owners on M&A and financing.",,08065687,Active,https://www.deanst.co.uk/; https://firmbase.co/resources/industry-lists/ma-advisory-companies-in-the-uk-london,90,deanst-co-uk
Debrett's Advisory,https://debretts.com/advisory/,Independent boutique,Debrett's,London,London,London; Birmingham,national,London; South East; South West; East of England; East Midlands; West Midlands; Yorkshire and the Humber; North West; North East; Scotland; Wales; Northern Ireland,28,team_page,2.0,40.0,10,200,stated,Typical Enterprise Value £10m – £200m,True,sell_side; buy_side; mbo; fundraising; debt_advisory,Technology & Software; Business Services; Industrials & Manufacturing; Healthcare,"Mid-market M&A, strategic and debt advisory (formerly Debrett's Private Finance); team led by ex-Catalyst Corporate Finance / LDC figures.",,,https://debretts.com/advisory/our-team/,https://debretts.com/contact/office-locations/,,"M&A, strategic and debt advisory arm of Debrett's (London and Birmingham), advising founders, family businesses and investors on business sales, MBOs, PE deals and refinancing; active in Midlands deal tables.",,05228068,Active,https://debretts.com; https://debretts.com/advisory/our-team/; https://debretts.com/advisory/services/ma/; https://debretts.com/contact/office-locations/; https://www.insidermedia.com/event/midlands-dealmakers-awards-2025/shortlist,100,debretts-com-advisory
Deloitte,https://www.deloitte.com/uk/en.html,Big 4,,London,London,London; Birmingham; Bristol; Cambridge; Cardiff; Edinburgh; Glasgow; Aberdeen; Leeds; Manchester; Newcastle; Nottingham; Reading; Southampton; St Albans; Belfast,national,London; South East; South West; East of England; East Midlands; West Midlands; Yorkshire and the Humber; North West; North East; Scotland; Wales; Northern Ireland,,,10.0,,50,,estimate,,False,sell_side; buy_side; fundraising; debt_advisory; due_diligence; valuations; ecm; restructuring,Business Services; Technology & Software; Healthcare; Life Sciences; Consumer & Retail; Industrials & Manufacturing; Energy & Renewables; Financial Services; Construction & Property; Transport & Logistics; Media & Marketing,,,+44 (0)20 7936 3000,https://www.deloitte.com/uk/en.html,https://www.deloitte.com/uk/en/contact/contact-us.html,https://www.linkedin.com/company/deloitte/,"Big Four firm whose UK M&A / corporate finance advisory practice advises corporates and private equity on large and mid-market deals, with regional mid-market teams across the UK.",,OC303675,Active,https://www.deloitte.com/uk/en.html; https://www.deloitte.com/uk/en/what-we-do/capabilities/mergers-and-acquisitions.html,90,deloitte-com
Dental Elite,https://dentalelite.co.uk,Business broker,The Elite Group,Rugby,West Midlands,Rugby,national,London; South East; South West; East of England; East Midlands; West Midlands; Yorkshire and the Humber; North West; North East; Scotland; Wales; Northern Ireland,10,team_page,0.06,2.0,0.3,10,estimate,,True,sell_side; buy_side; valuations,Dental & Veterinary,"Dental practice sales, valuations, finance and recruitment",info@dentalelite.co.uk,01788 545900,https://dentalelite.co.uk/meet-the-team/,https://dentalelite.co.uk/contact-us/,https://www.linkedin.com/company/dentalelite/,"Rugby-based dental practice sales and valuation specialist, also offering dental finance and recruitment.",,,,https://dentalelite.co.uk/; https://dentalelite.co.uk/meet-the-team/,100,dentalelite-co-uk
Dental Practice Sale (DPS),https://www.dentalpracticesale.co.uk,Sector specialist,,Derby,East Midlands,Derby; London,national,London; South East; South West; East of England; East Midlands; West Midlands; Yorkshire and the Humber; North West; North East; Scotland; Wales; Northern Ireland,9,team_page,0.02,2.4,0.1,12,estimate,practices listed from under £100k to over £12m,True,sell_side; buy_side; valuations,Dental & Veterinary; Healthcare,"Boutique dental practice broker; team claims 1,500+ dental sale transactions in 20 years.",contact@dentalpracticesale.co.uk,07385 264759,https://www.dentalpracticesale.co.uk/about-us/meet-the-team/,https://www.dentalpracticesale.co.uk/contact/,https://www.linkedin.com/company/dental-practice-sale/,"Boutique dental practice broker based in Derby with a London branch; values and sells NHS, mixed, private and orthodontic practices, and says its team has completed over 1,500 dental sale transactions in the last 20 years.",,,,https://www.dentalpracticesale.co.uk/; https://www.dentalpracticesale.co.uk/contact/; https://www.dentalpracticesale.co.uk/team,100,dentalpracticesale-co-uk
Deutsche Numis,https://www.dbnumis.com,Investment bank / broker,Deutsche Bank,London,London,London,national,London; South East; South West; East of England; East Midlands; West Midlands; Yorkshire and the Humber; North West; North East; Scotland; Wales; Northern Ireland,,,10.0,400.0,50,2000,estimate,,False,sell_side; buy_side; fundraising; ecm,Generalist,,,,,,,"Leading UK corporate broker and adviser (Numis, now part of Deutsche Bank) providing ECM, public M&A and advisory to UK quoted mid-caps.",,,,https://www.dbnumis.com/,80,dbnumis-com
Dexterity Partners,https://dexteritypartners.co.uk,Business broker,,Ilkley,Yorkshire and the Humber,Ilkley,national,London; South East; South West; East of England; East Midlands; West Midlands; Yorkshire and the Humber; North West; North East; Scotland; Wales; Northern Ireland,6,team_page,0.2,4.0,1,20,estimate,,True,sell_side; valuations,Generalist,,simon@dexteritypartners.co.uk,07817627149,https://dexteritypartners.co.uk/about/,https://dexteritypartners.co.uk/contact/,,"Yorkshire-based (Ilkley) business brokerage selling owner-managed companies UK-wide across a wide range of sectors, providing an end-to-end sale process.",,13741064,Active,https://dexteritypartners.co.uk/; https://dexteritypartners.co.uk/about/,100,dexteritypartners-co-uk
Digital Edge Corporate Finance,https://digitaledgecf.com,Sector specialist,,London,London,London,international,London,3,team_page,2.0,20.0,10,100,estimate,"Site claims '£1bn+ transaction value advised' and 25+ years in technology M&A; deals include sale of GemSeek to Accenture, BGF minority investment in Paperchase Accountancy, Tresmares investment of up to £25m in Convey Technology, management adviser on Arcus acquisition of Wifinity. Range is an estimate.",True,sell_side; buy_side; mbo; fundraising,Technology & Software; Business Services; Professional Services; Telecoms,"Technology and tech-enabled services: data, AI, SaaS, fintech, IT services and consulting; also advises management teams alongside sponsors",info@digitaledgecf.com,+44 7973 318402,https://digitaledgecf.com/#team,https://digitaledgecf.com/#contact,,"London boutique investment bank for technology and services companies, advising on sell-side and buy-side M&A, management advisory and growth/minority capital raises; founded by Nick Jones.",,,,https://digitaledgecf.com/; https://find-and-update.company-information.service.gov.uk/company/15639187,100,digitaledgecf-com
Diverco,https://www.selling-business.co.uk,Business broker,,Redditch,West Midlands,,national,London; South East; South West; East of England; East Midlands; West Midlands; Yorkshire and the Humber; North West; North East; Scotland; Wales; Northern Ireland,,,0.1,2.0,0.5,10,estimate,,True,sell_side; valuations,Generalist,,info@diverco.co.uk,01905 23383,,https://www.selling-business.co.uk/contact/,,Long-established family company broker (50 years) selling owner-managed SME companies nationwide on a confidential basis; registered office Redditch.,,01220421,Active,https://www.selling-business.co.uk/; https://www.selling-business.co.uk/about/,80,selling-business-co-uk
DJH,https://www.djh.co.uk,Accountancy firm CF team,,Stafford,West Midlands,Stafford; Derby; Lichfield; Manchester; Leicester; Northampton; Birmingham; Halesowen,regional,West Midlands; East Midlands; North West,,,0.1,2.0,0.5,10,estimate,,True,sell_side; buy_side; mbo; fundraising; debt_advisory; due_diligence; valuations,Generalist,,info@djh.co.uk,0333 051 0154,https://www.djh.co.uk/our-services/transactions/,https://www.djh.co.uk/contact-us/,https://www.linkedin.com/company/djh-business-advisers,"Midlands-based accountancy group (incl. former Ashgates) with a transactions team advising SMEs on buying, selling and funding businesses.",,13871316,Active,https://www.djh.co.uk/; https://www.djh.co.uk/our-services/transactions/,90,djh-co-uk
DM Hall (Business Sales & Valuation),https://www.dmhall.co.uk,Business broker,DM Hall Chartered Surveyors,,Scotland,,regional,Scotland,,,0.01,0.6,0.05,3,estimate,,True,sell_side; valuations,Leisure & Hospitality; Consumer & Retail; Generalist,,business.sales@dmhall.co.uk,,https://www.dmhall.co.uk/about/people/,https://www.dmhall.co.uk/contact/,https://www.linkedin.com/company/dm-hall,Scottish chartered surveyors whose business sales and valuation team sells and values trading businesses across Scotland.,,,,https://www.dmhall.co.uk/; https://www.dmhall.co.uk/services/commercial/business-sales-valuation/,70,dmhall-co-uk
dns Corporate Advisory,https://dnscorporateadvisory.co.uk,Accountancy firm CF team,dns accountants,Harrow,London,Harrow,national,London; South East; South West; East of England; East Midlands; West Midlands; Yorkshire and the Humber; North West; North East; Scotland; Wales; Northern Ireland,,,0.1,4.0,0.5,20,stated,We advise on deals from £500k to £20m,True,sell_side; buy_side; debt_advisory; valuations; due_diligence,Generalist,Insights on homecare and nursery valuations,contact@dnscorporateadvisory.co.uk,+44 20 8903 6330,https://dnscorporateadvisory.co.uk/contact,https://dnscorporateadvisory.co.uk/contact,https://www.linkedin.com/company/dns-corporate-advisory/,"Corporate advisory arm of the dns accountants group (30+ acquisitions of its own via dns and Pinksalt Partners), advising UK owner-managed businesses on sales, buy-and-build and debt for deals of £500k-£20m.",,17313387,Active,https://dnscorporateadvisory.co.uk; https://dnscorporateadvisory.co.uk/about; https://find-and-update.company-information.service.gov.uk/company/17313387,90,dnscorporateadvisory-co-uk
Domius Capital Advisors,https://www.domiuscapitaladvisors.com,Independent boutique,,London,London,London,international,London,5,team_page,2.0,40.0,10,200,estimate,,True,sell_side; buy_side; fundraising; debt_advisory; restructuring,Technology & Software; Telecoms; Media & Marketing; Leisure & Hospitality; Consumer & Retail; Energy & Renewables,"Digital economy focus; UK, DACH, Benelux, Greece and CEE",info@domiuscapitaladvisors.com,+44 (0)20 7629 6215,https://www.domiuscapitaladvisors.com,https://www.domiuscapitaladvisors.com,https://www.linkedin.com/company/domius/,"Mayfair corporate finance LLP founded in 2013 by former bulge-bracket bankers, advising on M&A, growth capital and acquisition financing for digital-economy companies across the UK and Europe.",,OC383253,Active,https://www.domiuscapitaladvisors.com; https://find-and-update.company-information.service.gov.uk/company/OC383253,100,domiuscapitaladvisors-com
Dow Schofield Watts,https://dswcapital.com,Independent boutique,DSW Capital plc,Daresbury,North West,Daresbury; Manchester; Leeds; Birmingham; London; Cardiff; Bristol; Glasgow,national,London; South East; South West; East of England; East Midlands; West Midlands; Yorkshire and the Humber; North West; North East; Scotland; Wales; Northern Ireland,50,estimate,0.4,10.0,2,50,estimate,Describes its CF service as for 'mid-market enterprises'; third-party guide characterises it as the default adviser for £2m-£50m owner-managed sales,True,sell_side; buy_side; mbo; fundraising; debt_advisory; due_diligence; valuations; restructuring,Generalist; Business Services; Technology & Software; Healthcare; Leisure & Hospitality; Financial Services; Consumer & Retail; Energy & Renewables; Industrials & Manufacturing,,,01928 378100,https://dswcapital.com/our-team/,https://dswcapital.com/contact/,,"AIM-listed (DSW Capital plc), partner-led independent advisory group headquartered at Daresbury, Cheshire; one of the most active mid-market/lower-mid-market M&A advisers in the North West, with corporate finance, transaction services, debt advisory, tax and recovery services. Founding member of Pandea Global M&A.",,,,https://dswcapital.com/; https://dswcapital.com/service/corporate-finance-advice/; https://dswcapital.com/contact/; https://www.peony.ink/blog/best-ma-advisors-manchester,100,dswcapital-com
Dowgate Capital,https://dowgatecapital.co.uk,Investment bank / broker,,London,London,London,national,London; South East; South West; East of England; East Midlands; West Midlands; Yorkshire and the Humber; North West; North East; Scotland; Wales; Northern Ireland,,,1.0,20.0,5,100,estimate,,True,fundraising; ecm,Generalist,,,,https://dowgatecapital.co.uk/our-team/,https://dowgatecapital.co.uk/contact-us/,,"London stockbroker and corporate finance firm acting as broker to small-cap AIM companies, primarily raising equity.",,02474423,Active,https://dowgatecapital.co.uk/,90,dowgatecapital-co-uk
Drake Star,https://www.drakestar.com,Sector specialist,,New York,International,London,international,London; South East; South West; East of England; East Midlands; West Midlands; Yorkshire and the Humber; North West; North East; Scotland; Wales; Northern Ireland,,,4.0,200.0,20,1000,estimate,,False,sell_side; buy_side; fundraising,Technology & Software; Media & Marketing; Consumer & Retail,,,,https://www.drakestar.com/leadership-team,,https://www.linkedin.com/company/15074284,"Global tech investment bank (450+ transactions since 2013, 125+ professionals) with a London office; software, digital media, consumer tech, gaming.",,,,https://www.drakestar.com/,90,drakestar-com
Draper Hinks,https://draperhinks.com,Business broker,,Rugby,West Midlands,Rugby,national,London; South East; South West; East of England; East Midlands; West Midlands; Yorkshire and the Humber; North West; North East; Scotland; Wales; Northern Ireland,2,team_page,0.02,0.4,0.1,2,deals,Vendor stories cite practice sales of c.£189k-£253k,False,sell_side; buy_side; valuations,Professional Services,Specialist broker of accountancy practices (fee blocks and whole practices).,info@draperhinks.co.uk,01788 816440,https://draperhinks.com/meet-the-team/,https://draperhinks.com/contact-us/,,Accountancy practice brokerage run by Nicola Draper; has brokered many hundreds of sales of accountancy practices and fee blocks for retiring or downsizing practitioners across the UK.,,11545835,Active,https://draperhinks.com; https://draperhinks.com/meet-the-team/,100,draperhinks-com
DSG,https://dsg.co.uk,Accountancy firm CF team,,Liverpool,North West,Liverpool; Ewloe,regional,North West; Wales,4,team_page,0.2,3.0,1,15,estimate,,True,sell_side; buy_side; mbo; fundraising; valuations; due_diligence,Generalist,,,0151 294 5400,https://dsg.co.uk/services/corporate-finance/,,https://www.linkedin.com/company/dsg-chartered-accountants/,"Independent Liverpool and Ewloe (North Wales) accounting and advisory firm and member of The Corporate Finance Network, with a corporate finance team (partners Andrew Moss, Mark Kearsley, Laura Leslie) advising SMEs on sales, acquisitions, MBOs and valuations.",,15724528,Active,https://dsg.co.uk/services/corporate-finance/; https://www.thecfn.org.uk/about-us/,100,dsg-co-uk
DTE Corporate Finance,https://www.dte.co.uk,Accountancy firm CF team,DTE Business Advisers,Bury,North West,Bury,regional,North West,,,0.2,3.0,1,15,estimate,press: 'undisclosed seven-figure sum' (Titan Network Services sale),True,sell_side; buy_side; mbo,Generalist; Technology & Software; Telecoms; Business Services,"Deals include sale of Manchester IT/network services firm Titan Network Services to inTec, RJ Urmson Group (Lancashire health & safety specialist) sale, and an outdoor activity centre MBO.",,,,,,"Corporate finance team of Bury accountancy firm DTE Business Advisers (named advisers include Jon Else, Lewis Pearson and Ben Fallows), acting as lead adviser to shareholders of North West owner-managed businesses on sales and MBOs.",,,,https://www.business-sale.com/news/business-sale/intec-business-solutions-acquires-titan-network-services-219632; https://www.business-sale.com/news/business-sale/outdoor-activity-centre-completes-mbo-219155; https://www.business-live.co.uk/enterprise/lancashire-health--safety-specialist-29388404,80,dte-co-uk
Duncan & Toplis,https://duncantoplis.co.uk,Accountancy firm CF team,Kreston Global,Lincoln,East Midlands,Lincoln; Grantham; Boston; Spalding; Stamford; Louth; Skegness; Newark; Sleaford; Melton Mowbray; Leicester; Nottingham,regional,East Midlands; East of England,,,0.1,3.0,0.5,15,estimate,,True,sell_side; buy_side; mbo; fundraising; debt_advisory; due_diligence; valuations,Agriculture; Food & Beverage; Generalist,,,,https://duncantoplis.co.uk/services/audit-and-assurance/corporate-finance/,https://duncantoplis.co.uk/contact/,https://www.linkedin.com/company/duncantoplis/,"Lincolnshire and East Midlands accountancy firm (incl. former Torr Waterfield) whose corporate finance team advises regional SMEs on sales, acquisitions and funding.",,04544710,Active,https://duncantoplis.co.uk/; https://duncantoplis.co.uk/services/audit-and-assurance/corporate-finance/,90,duncantoplis-co-uk
Dyer Baade & Company,https://dyerbaade.com,Sector specialist,,London,London,London,international,London,,,4.0,40.0,20,200,stated,specialising in £20m–£200m transactions,False,sell_side; buy_side; fundraising,Financial Services; Technology & Software,"Wealth & asset management, fund administration, trust & corporate services, fintech",,,https://dyerbaade.com/about-us,,,"Independent London M&A adviser for £20m-£200m financial services and technology transactions across the UK and Europe, often PE-involved.",,12035989,Active,https://dyerbaade.com/; https://dyerbaade.com/about-us; https://dyerbaade.com/transactions,90,dyerbaade-com
Dyke Yaxley,https://www.dykeyaxley.co.uk,Accountancy firm CF team,,Shrewsbury,West Midlands,Shrewsbury; Telford,regional,West Midlands; Wales,3,team_page,0.1,2.0,0.5,10,estimate,,True,sell_side; buy_side; mbo; fundraising; valuations,Generalist,,info@dykeyaxley.co.uk,01743 241281,https://www.dykeyaxley.co.uk/about-us/our-partners/,https://www.dykeyaxley.co.uk/contact/,https://www.linkedin.com/company/dyke-yaxley,"Shropshire chartered accountants and exclusive West Midlands and Wales member of The Corporate Finance Network, advising on business sales, M&A, MBOs/MBIs and exit planning; publishes a quarterly Dealflow Briefing.",,04746482,Active,https://www.dykeyaxley.co.uk/our-services/corporate-finance/; https://www.dykeyaxley.co.uk/,100,dykeyaxley-co-uk
Eastwood Anglo,https://www.eastwoodanglo.com,Independent boutique,,Newark,East Midlands,Newark,regional,East Midlands; West Midlands; Yorkshire and the Humber,4,estimate,0.4,4.0,2,20,estimate,,True,sell_side; buy_side; mbo; fundraising; ecm,Industrials & Manufacturing; Healthcare,,corporate@eastwoodanglo.com,01636 636132,https://www.eastwoodanglo.com/who-we-are,https://www.eastwoodanglo.com/contact,https://www.linkedin.com/company/eastwood-anglo-corporate-finance-ltd,"Nottinghamshire-based independent corporate finance adviser offering director-led advice on business sales, acquisitions, MBOs and funding, run by directors who have owned and sold businesses.",,,,https://www.eastwoodanglo.com/,100,eastwoodanglo-com
Eclipse Corporate Finance,https://www.eclipsecf.com,Sector specialist,,Moreton-in-Marsh,South West,Moreton-in-Marsh,national,London; South East; South West; East of England; East Midlands; West Midlands; Yorkshire and the Humber; North West; North East; Scotland; Wales; Northern Ireland,,,1,5,5,50,stated,'specialises in advising businesses generating between £1m and £5m of profit'; 'transactions valued between £5m and £50m',True,sell_side; buy_side; mbo; fundraising,Healthcare; Care; Dental & Veterinary; Education; Life Sciences,"Exclusively healthcare: clinical services, digital health, dental, specialist residential care, children's services & SEN schools, care homes, nurseries, homecare, veterinary, pharma services",info@eclipsecf.com,,,https://www.eclipsecf.com/contact,https://www.linkedin.com/company/eclipse-corporate-finance,"Boutique healthcare-only M&A adviser run by chartered accountants with investment banking backgrounds, advising owners of £1m-£5m profit healthcare businesses on sales and private equity deals.",,11791669,Active,https://www.eclipsecf.com/; https://www.eclipsecf.com/about; https://www.eclipsecf.com/contact,90,eclipsecf-com
Eden Corporate Finance,https://www.edencf.com,Independent boutique,,London,London,London,national,London; South East; South West; East of England; East Midlands; West Midlands; Yorkshire and the Humber; North West; North East; Scotland; Wales; Northern Ireland,,,0.2,4.0,1,20,estimate,,True,sell_side; buy_side; mbo; fundraising; debt_advisory; restructuring,Generalist,,,+44 (0)7717 433467,https://www.edencf.com,https://www.edencf.com,,"Independent London (and Middle East) corporate finance house of accountants, bankers and stockbrokers advising on fundraising, private equity, placings, acquisitions, disposals, MBOs and restructuring.",,06038327,Active,https://www.edencf.com,90,edencf-com
Edwards Business Sales,https://www.edwardsbusinesssales.co.uk,Business broker,,Bath,South West,Bath,,South West,1,team_page,0.1,1.0,0.5,5,estimate,"No size stated; no upfront fee, paid on sale. Range is an estimate for a one-person broker of owner-managed businesses.",True,sell_side,Generalist,Current listings (anonymised): haulage business; food wholesale & distribution,talk@edwardsbusinesssales.co.uk,,https://www.edwardsbusinesssales.co.uk/edwards,https://www.edwardsbusinesssales.co.uk/talk,,Bath business broker run by Rob Edwards (almost 30 years in business broking) selling owner-managed businesses on a no-upfront-fee basis.,,17261822,Active,https://www.edwardsbusinesssales.co.uk/; https://www.edwardsbusinesssales.co.uk/edwards; https://www.edwardsbusinesssales.co.uk/sellers; https://www.edwardsbusinesssales.co.uk/portfolio; https://find-and-update.company-information.service.gov.uk/company/17261822,90,edwardsbusinesssales-co-uk
Edwards Chartered Accountants,https://edwardsaccountants.co.uk,Accountancy firm CF team,,Walsall,West Midlands,Walsall; Birmingham,local,West Midlands,,,0.1,1.0,0.5,5,estimate,,True,sell_side; buy_side; mbo; fundraising; debt_advisory; due_diligence; valuations,Generalist,,info@edwardsaccountants.co.uk,01922 743100,https://edwardsaccountants.co.uk/services/business-advisory/corporate-finance/,https://edwardsaccountants.co.uk/contact/,https://www.linkedin.com/company/edwards-chartered-accountants,"West Midlands accountancy firm with a corporate finance service for owner-managed businesses (sales, acquisitions, funding).",,05065592,Active,https://edwardsaccountants.co.uk/; https://edwardsaccountants.co.uk/services/business-advisory/corporate-finance/,90,edwardsaccountants-co-uk
Eight Advisory UK,https://www.eight-advisory.com,Independent boutique,Eight Advisory,Paris,International,London,international,London,,,4.0,100.0,20,500,estimate,,False,due_diligence; valuations; restructuring; buy_side,Generalist,,,,,,,"Independent European advisory firm (transaction services, restructuring, transformation) with a London team supporting private equity and corporate deals; ranked in Experian UK adviser tables (website could not be fetched; details from rankings and knowledge).",,,,https://www.experian.co.uk/content/dam/marketing/uki/uk/en/pdf/MarketIQ-Report-FY-2023.pdf; https://www.eight-advisory.com/,80,eight-advisory-com
Elephants Child,https://elephants-child.co.uk,Independent boutique,,,,,national,London; South East; South West; East of England; East Midlands; West Midlands; Yorkshire and the Humber; North West; North East; Scotland; Wales; Northern Ireland,,,0.1,2.0,0.5,10,estimate,,True,sell_side; mbo; fundraising; valuations,Generalist,,info@elephants-child.co.uk,+44 (0) 330 107 5557,https://elephants-child.co.uk/who/,https://elephants-child.co.uk/contact-us/,https://www.linkedin.com/company/elephants-child,"SME business advisory firm (Elephants Child Advisory Ltd, est. 2007) with a UK-wide network of senior advisers ('The Herd') helping owner-managed businesses grow, raise capital and plan exits; acted as corporate finance adviser on the management buyout of Tyneside air-conditioning firm Acrol. Registered office Gosport; advisers are home-based across the UK (HQ not confirmed).",,06352975,Active,https://elephants-child.co.uk; https://elephants-child.co.uk/who/; https://elephants-child.co.uk/contact-us/; https://www.business-live.co.uk/enterprise/management-buyout-tyneside-air-conditioning-34210058,70,elephants-child-co-uk
Eleven Advisory,https://elevenadvisory.com,Sector specialist,Lewis Silkin,London,London,London,international,London,4,team_page,0.4,10.0,2,50,estimate,,True,sell_side; buy_side; fundraising,Media & Marketing; Technology & Software,"Media, tech and digital: music, sports rights, TV/film, creator economy",,+44 (0) 20 7074 8436,https://elevenadvisory.com,https://elevenadvisory.com,,"London media, tech and digital advisory firm (trading name of 5CL Limited, part of the Lewis Silkin LLP group) led by Cliff Fluet; its corporate finance work (Alun Simpson) covers sales, strategic partners, capital raising and acquisitions in music, digital media, TV/film and sport. No transactions are listed on the site.",,,,https://elevenadvisory.com; https://elevenadvisory.com/about-us-1; https://elevenadvisory.com/team,100,elevenadvisory-com
Elgar Middleton,https://www.elgarmiddleton.com,Sector specialist,,London,London,London,international,London; South East; South West; East of England; East Midlands; West Midlands; Yorkshire and the Humber; North West; North East; Scotland; Wales; Northern Ireland,9,team_page,,,,,,,,sell_side; buy_side; debt_advisory; fundraising,Energy & Renewables,"Renewables and energy-transition infrastructure: asset acquisitions/disposals, project finance, contract structuring (incl. BESS, LDES).",,+44 20 7099 6360,https://www.elgarmiddleton.com/our-team/,,https://www.linkedin.com/company/elgarmiddleton,"London boutique (founded 2006) advising investors, owners and developers of renewable energy and infrastructure projects on acquisitions, disposals and financing; £5.7bn raised in five years and 7GW+ closed.",,,,https://www.elgarmiddleton.com; https://www.elgarmiddleton.com/our-team/,90,elgarmiddleton-com
Ellacotts,https://www.ellacotts.co.uk,Accountancy firm CF team,,Banbury,South East,Banbury; Birmingham; Kettering; London; Stratford-upon-Avon,regional,South East; West Midlands; East Midlands,,,0.1,2.0,0.5,10,estimate,,True,sell_side; buy_side; mbo; fundraising; valuations; due_diligence,Generalist,,solutions@ellacotts.co.uk,01295250401,https://www.ellacotts.co.uk/about/meet-the-team/,https://www.ellacotts.co.uk/contact/,https://www.linkedin.com/company/ellacotts-llp,"Oxfordshire/Midlands chartered accountants offering corporate finance advice on buying and selling businesses, MBOs and funding for owner-managed businesses.",,OC319580,Active,https://www.ellacotts.co.uk/services/business-services/corporate-finance/; https://www.ellacotts.co.uk/,90,ellacotts-co-uk
Ellis & Ellis,https://www.ellisbta.co.uk,Business broker,,Edwinstowe,East Midlands,Edwinstowe,national,London; South East; South West; East of England; East Midlands; West Midlands; Yorkshire and the Humber; North West; North East; Scotland; Wales; Northern Ireland,,,0.0,0.2,0.01,1,estimate,,False,sell_side,Leisure & Hospitality; Consumer & Retail; Food & Beverage,"Business transfer agent for small owner-managed businesses: cafes, restaurants, micro pubs, salons, convenience stores, fish & chip shops and small trade businesses.",contactus@ellisbta.co.uk,01623 761497,,https://ellisbta.co.uk/contact/,,"East Midlands business transfer agency (Edwinstowe, Nottinghamshire) selling small hospitality, retail and service businesses throughout England.",,,,https://www.ellisbta.co.uk/; https://www.daltonsbusiness.com/agent/ellis-ellis/,90,ellisbta-co-uk
EMC Corporate Finance,https://www.emcltd.co.uk,Independent boutique,,Hove,South East,Hove,regional,South East; London,7,estimate,0.4,6.0,2,30,estimate,,True,sell_side; buy_side; mbo; fundraising,Generalist,,,,,,,Hove-based corporate finance firm (incorporated 1989) advising owner-managed and PE-backed businesses across industries; regular South East Dealmakers awards nominee.,,02349412,Active,https://firmbase.co/resources/industry-lists/boutique-m-and-a-companies-in-the-uk; https://emcltd.co.uk/news/emc-is-shortlisted-for-four-dealmakers-awards/,90,emcltd-co-uk
Entrepreneurs Hub,https://www.entrepreneurshub.co.uk,Independent boutique,,Basingstoke,South East,Basingstoke; London; Birmingham; Manchester,national,London; South East; South West; East of England; East Midlands; West Midlands; Yorkshire and the Humber; North West; North East; Scotland; Wales; Northern Ireland,8,team_page,0.5,5,5,50,stated,Proven success in M&A for companies with £500k-£5m+ profit; £5-50m EV range,True,sell_side; buy_side; valuations,Business Services; Professional Services; Facilities Management; Generalist,"Sector pages incl. fire protection & security services, consulting and professional services",info@entrepreneurshub.co.uk,08450 678 678,https://www.entrepreneurshub.co.uk/about-us/meet-the-team/,https://www.entrepreneurshub.co.uk/contact-us/,https://www.linkedin.com/company/entrepreneurs-hub/,"Basingstoke-headquartered M&A adviser founded in 2012 that prepares and sells SME businesses with £0.5m-£5m profit, positioned as a corporate-finance alternative to brokerage.",,08219102,Active,https://www.entrepreneurshub.co.uk/; https://www.entrepreneurshub.co.uk/about-us/; https://www.entrepreneurshub.co.uk/about-us/meet-the-team/; https://www.entrepreneurshub.co.uk/contact-us/,100,entrepreneurshub-co-uk
Envoi,https://envoi.co.uk,Sector specialist,,London,London,London,international,London; Scotland,,,,,,,,,,sell_side; buy_side; valuations,Energy & Renewables,Upstream oil and gas acquisition & divestment (A&D) and asset/project marketing.,,+44 (0)20 8566 1310,,https://envoi.co.uk/contact-us/envoi-contact-details/,,"Independent London-based A&D advisory group specialising in acquisitions, divestments, portfolio advice and project marketing for the international upstream oil and gas industry; asset-level deals rather than SME share sales.",,03882864,Active,https://envoi.co.uk; https://envoi.co.uk/contact-us/envoi-contact-details/,80,envoi-co-uk
Equiteq,https://www.equiteq.com,Sector specialist,,London,London,London,international,London; South East; South West; East of England; East Midlands; West Midlands; Yorkshire and the Humber; North West; North East; Scotland; Wales; Northern Ireland,,,2.0,100.0,10,500,estimate,,True,sell_side; buy_side; fundraising,Technology & Software; Professional Services; Business Services,"Consulting, IT services, engineering & tech services, knowledge-intensive businesses",info@equiteq.com,+12122561120,https://www.equiteq.com/merger-acquisition-consultants/our-people,https://www.equiteq.com/merger-acquisition-consultants/locations,https://www.linkedin.com/company/equiteq-llp/,Global investment bank specialising in M&A for technology services and specialty consulting / knowledge-intensive services firms.,,10362906,Active,https://www.equiteq.com/,90,equiteq-com
Ernest J. George & Company,https://www.ejgeorge.co.uk,Sector specialist,,Cheadle,North West,Cheadle,national,London; South East; South West; East of England; East Midlands; West Midlands; Yorkshire and the Humber; North West; North East; Scotland; Wales; Northern Ireland,,,0.06,0.6,0.3,3,estimate,,True,sell_side; valuations,Pharmacy,,enquiries@ejgeorge.co.uk,0161 428 9219,,https://pharmacyforsale.co.uk/,,"Pharmacy stocktaker established 1926 (Cheadle, Stockport) that also acts as business transfer agent for pharmacies across England, Scotland and Wales, handling valuation, marketing and negotiation to completion (pharmacyforsale.co.uk).",,04461166,Active,https://www.ejgeorge.co.uk/; https://pharmacyforsale.co.uk/,90,ejgeorge-co-uk
Ernest Wilson,https://www.ernest-wilson.co.uk,Business broker,,Leeds,Yorkshire and the Humber,Leeds; Birmingham; Cambridge; Northampton; Newcastle,national,London; South East; South West; East of England; East Midlands; West Midlands; Yorkshire and the Humber; North West; North East; Scotland; Wales; Northern Ireland,,,0.02,0.6,0.1,3,estimate,,True,sell_side; valuations,Consumer & Retail; Leisure & Hospitality; Generalist,"Strong in retail, post offices, convenience and hospitality",,0113 238 2900,https://www.ernest-wilson.co.uk/about-us/,https://www.ernest-wilson.co.uk/contact-us,https://www.linkedin.com/company/ernest-wilson,"Leeds-based business transfer agent established in 1956 with regional offices, selling mainly smaller owner-managed businesses including retail, post offices and hospitality.",,03071112,Active,https://www.ernest-wilson.co.uk/; https://www.ernest-wilson.co.uk/about-us/,90,ernest-wilson-co-uk
ETS Corporate,https://www.ets-corporate.com,Business broker,,Oxford,South East,Oxford,national,London; South East; South West; East of England; East Midlands; West Midlands; Yorkshire and the Humber; North West; North East; Scotland; Wales; Northern Ireland,1,stated,0.02,0.6,0.1,3,estimate,,True,sell_side; valuations,Generalist; Consumer & Retail; Technology & Software; Education,"Pages for hair & beauty salons, online/tech businesses, cafes, garages, day nurseries.",sales@ets-corporate.com,01865 819 865,https://www.ets-corporate.com,https://www.ets-corporate.com,https://www.linkedin.com/company/ets-corporate,"Oxford business broker led by Zach Dogar (ACCA business valuations, IMAA member), selling owner-managed businesses to strategic acquirers.",,,,https://www.ets-corporate.com/,100,ets-corporate-com
Europa Partners,https://europapartners.com,Independent boutique,,London,London,London,international,London,8,team_page,10.0,200.0,50,1000,estimate,,False,sell_side; buy_side,Generalist,,pzisman@europapartners.com,+44 20 7451 4500,https://europapartners.com/team/,https://europapartners.com/contact/,,"St James's-based independent boutique investment bank (since 2000) giving senior-led advice on public and private M&A to corporates, PE and family-owned businesses; above the SME range.",,04024104,Active,https://europapartners.com/; https://europapartners.com/team/; https://europapartners.com/about/,100,europapartners-com
Everard Cole,https://everardcole.co.uk,Business broker,,Cambridge,East of England,Cambridge; Nottingham; Leeds,national,London; South East; South West; East of England; East Midlands; West Midlands; Yorkshire and the Humber; North West; North East; Scotland; Wales; Northern Ireland,,,0.04,2.0,0.2,10,estimate,,True,sell_side; buy_side; valuations,Leisure & Hospitality,Licensed leisure and hospitality property consultancy: disposal and acquisition of pubs and pub portfolios.,info@everardcole.co.uk,01223 867400,https://everardcole.co.uk/about,https://everardcole.co.uk/contact-us,https://www.linkedin.com/company/everard-cole-ltd,"Commercial property consultancy specialising in pubs and licensed leisure, handling disposals, acquisitions and RICS valuations from Cambridge, Nottingham and Leeds.",,,,https://everardcole.co.uk/; https://everardcole.co.uk/about,90,everardcole-co-uk
Evercore,https://www.evercore.com,Investment bank / broker,,New York,International,London,international,London; South East; South West; East of England; East Midlands; West Midlands; Yorkshire and the Humber; North West; North East; Scotland; Wales; Northern Ireland,,,100.0,4000.0,500,20000,estimate,,False,sell_side; buy_side; restructuring; debt_advisory,Generalist,,,,https://www.evercore.com/who-we-are/,https://www.evercore.com/contact-us/,,Global independent investment banking advisory firm with a London team advising on large-cap M&A and restructuring.,,,,https://www.evercore.com/,90,evercore-com
Everett Masson & Furby (EMF Group),https://www.emfgroup.com,Business broker,,Ottery St Mary,South West,Ottery St Mary; Hatfield,national,London; South East; South West; East of England; East Midlands; West Midlands; Yorkshire and the Humber; North West; North East; Scotland; Wales; Northern Ireland,,,0.01,0.4,0.05,2,estimate,,False,sell_side; valuations,Generalist; Care; Leisure & Hospitality; Consumer & Retail,"Business transfer across care (homes, domiciliary, nurseries), retail, catering, agricultural and commercial property; regional desks (Anglia, Cornwall, Devon/Dorset, Wales, Herts/Beds/Essex, Staffs, North East/Cumbria).",,,,https://emfgroup.com/contact,https://www.linkedin.com/company/em-f-group,"Long-established UK business transfer agent (EM & F Group Ltd) with a Devon head office and regional offices, selling small and medium-sized businesses.",,,,https://www.emfgroup.com/; https://emfgroup.com/about-us; https://emfgroup.com/contact,90,emfgroup-com
Evolution Capital,https://evolutioncapital.com,Sector specialist,,London,London,London; Chichester,national,London; South East; South West; East of England; East Midlands; West Midlands; Yorkshire and the Humber; North West; North East; Scotland; Wales; Northern Ireland,5,team_page,1.0,20.0,5,100,estimate,Our clients typically generate between £2m–£50m+ in annual revenue,True,sell_side; buy_side; fundraising; debt_advisory; due_diligence,Technology & Software; Telecoms,"Technology M&A specialist (IT, telecoms, software); 150+ technology deals and $1bn+ completed transactions claimed.",info@evolutioncapital.com,,https://evolutioncapital.com/about-us/,https://evolutioncapital.com/contact-us/,https://www.linkedin.com/company/evolutioncapitaladvisors/,"Technology M&A and corporate finance adviser (25+ years) offering sell-side, buy-side, fundraising, debt advisory and transaction services to IT, telecoms and software businesses; offices in London and Chichester (company registered in Southampton).",,,,https://evolutioncapital.com; https://firmbase.co/resources/industry-lists/investment-banking-companies-in-the-uk-bournemouth; https://evolutioncapital.com/about-us/; https://evolutioncapital.com/all-case-studies/,100,evolutioncapital-com
EvolutionCBS,https://www.evolutioncbs.co.uk,Business broker,,Reading,South East,Reading,national,London; South East; South West; East of England; East Midlands; West Midlands; Yorkshire and the Humber; North West; North East; Scotland; Wales; Northern Ireland,,,0.2,4.0,1,20,estimate,,True,sell_side; valuations,Generalist; Technology & Software; Facilities Management; Environmental Services,"Published deals include data storage/cloud, shredding and recycling, hard FM, power measurement and audio software companies.",info@evolutioncbs.co.uk,0118 959 8224,https://evolutioncbs.co.uk/our-team/,https://www.evolutioncbs.co.uk/contact/,,"Evolution Complete Business Sales, a Theale (Reading) sell-side adviser taking a small number of private company sale mandates each year; publishes successful deals.",,,,https://www.evolutioncbs.co.uk/; https://www.evolutioncbs.co.uk/about-us/; https://www.evolutioncbs.co.uk/successful-deals/,90,evolutioncbs-co-uk
Evolve Corporate Finance,https://evolvecf.co.uk,Independent boutique,,Birmingham,West Midlands,Birmingham; Nottingham; London,national,London; South East; South West; East of England; East Midlands; West Midlands; Yorkshire and the Humber; North West; North East; Scotland; Wales; Northern Ireland,14,team_page,0.4,10.0,2,50,estimate,,True,sell_side; buy_side; mbo; fundraising; debt_advisory,Generalist,,dneate@evolvecf.co.uk,+44 (0)793 9515 619,https://evolvecf.co.uk/meet-our-team/,https://evolvecf.co.uk/contact-us/,https://www.linkedin.com/company/evolve-corporate-finance,"Birmingham-headquartered independent corporate finance boutique launched in 2022 by the founders of Springboard Corporate Finance, advising owner-managed businesses on sales, acquisitions, MBOs and equity/debt raising; Nottingham office opened 2025.",,13406769,Active,https://evolvecf.co.uk/; https://evolvecf.co.uk/meet-our-team/; https://www.consultancy.uk/news/43069/evolve-corporate-finance-launches-new-office-in-nottingham,100,evolvecf-co-uk
Exit Better,https://www.exitbetter.co.uk,Sector specialist,,London,London,London,national,London; South East; South West; East of England; East Midlands; West Midlands; Yorkshire and the Humber; North West; North East; Scotland; Wales; Northern Ireland,,,0.2,6.0,1,30,estimate,Over 87 owners have sold to Employee Ownership Trusts with its guidance,True,sell_side; valuations,Generalist,Employee Ownership Trust (EOT) sales specialist,hello@exitbetter.co.uk,020 8441 1140,https://exitbetter.co.uk/about-exit-better/,https://exitbetter.co.uk/contact-us/,,London-based Employee Ownership Trust specialist helping owner-managers sell their businesses to employees via EOTs (87+ owners advised).,,,,https://www.exitbetter.co.uk,90,exitbetter-co-uk
Exit Strategy Consultants,https://exitstrategyconsultants.co.uk,Business broker,,Warrington,North West,Warrington,national,London; South East; South West; East of England; East Midlands; West Midlands; Yorkshire and the Humber; North West; North East; Scotland; Wales; Northern Ireland,,,0.01,1.0,0.03,5,stated,"business sales ranging from £30,000 into the millions",True,sell_side; valuations,Generalist; Consumer & Retail; Industrials & Manufacturing; Technology & Software; Transport & Logistics; Care,,enquiries@exitstrategyconsultants.co.uk,01925 910350,https://exitstrategyconsultants.co.uk/thanks-to-the-ibs-team/,https://exitstrategyconsultants.co.uk/contact/,,"Warrington business broker selling SME businesses UK-wide (listings, buyer marketing, negotiation through completion); site carries 'Business Sold' client letters, e.g. from Euro Consult.",,16517297,Active,https://exitstrategyconsultants.co.uk/; https://exitstrategyconsultants.co.uk/business-sold-well-done/; https://exitstrategyconsultants.co.uk/contact/,90,exitstrategyconsultants-co-uk
EY,https://www.ey.com/en_uk,Big 4,,London,London,London; Birmingham; Bristol; Cambridge; Edinburgh; Glasgow; Aberdeen; Leeds; Manchester; Newcastle; Nottingham; Reading; Southampton; Belfast,national,London; South East; South West; East of England; East Midlands; West Midlands; Yorkshire and the Humber; North West; North East; Scotland; Wales; Northern Ireland,,,10.0,,50,,estimate,,False,sell_side; buy_side; fundraising; debt_advisory; due_diligence; valuations; ecm; restructuring,Business Services; Technology & Software; Healthcare; Life Sciences; Consumer & Retail; Industrials & Manufacturing; Energy & Renewables; Financial Services; Construction & Property; Transport & Logistics; Media & Marketing,,contact@ey.com,+44 (0)20 7951 2000,https://www.ey.com/en_uk/services/workforce,,https://www.linkedin.com/company/ernstandyoung/,"Big Four firm; EY-Parthenon Strategy and Transactions provides M&A lead advisory, due diligence and debt advisory on large and mid-market UK deals.",,,,https://www.ey.com/en_uk; https://www.ey.com/en_uk/services/strategy-transactions,90,ey-com-en-uk
Fawcus Corporate,https://fawcuscorporate.com,Independent boutique,,Hungerford,South East,Hungerford,regional,South East; South West; London,1,team_page,0.2,2.0,1,10,stated,"""Deal sizes are typically in the range of £1m to £10m, but some assignments fall outside this range, including transactions with enterprise values in excess of £20m.""",True,sell_side; buy_side; mbo; fundraising,Generalist,Company sales for owner-managed and family businesses across central southern England,david@fawcuscorporate.co.uk,07831 687190,,,http://www.linkedin.com/in/davidfawcus,"Berkshire corporate finance lead adviser run by David Fawcus (20+ years) specialising in company sales, acquisitions, private equity deals and MBOs/MBIs for owner-managed SMEs in central southern England; publishes completed assignments.",,07330168,Active,https://fawcuscorporate.com; https://find-and-update.company-information.service.gov.uk/company/07330168,100,fawcuscorporate-com
fds (fds Director Services),https://wearefds.com,Independent boutique,,Wakefield,Yorkshire and the Humber,Wakefield,national,London; South East; South West; East of England; East Midlands; West Midlands; Yorkshire and the Humber; North West; North East; Scotland; Wales; Northern Ireland,,,0.2,3.0,1,15,estimate,employee-owned boutique; 450+ transactions over 36 years for owner-managed businesses,True,sell_side; buy_side; mbo; valuations; fundraising,Generalist; Construction & Property; Professional Services,"Owner-managed businesses; strong employee ownership trust (EOT) practice, e.g. building contractor Knox & Wells (Cardiff, 2026) and Insignia (2026).",,01924 376 784,https://wearefds.com/who-we-are/meet-the-team/,https://wearefds.com/contact/,https://linkedin.com/company/fds-director-services,"Wakefield corporate finance boutique founded in 1989 by Jo Haigh and now employee-owned (CEO Poonam Kaur), advising owner-managers on trade sales, MBOs/VIMBOs, EOT transitions, valuations and fundraising, plus board support and director training.",,09088224,Active,https://wearefds.com/; https://wearefds.com/what-we-do/corporate-finance/; https://wearefds.com/who-we-are/meet-the-team/; https://www.wakefieldfirst.com/news/fds-advises-legacy-business-knox-wells-on-transition-to-employee-ownership/; https://yorkshirebusinesswoman.co.uk/news/team-take-over-ownership-at-finance-boutique,90,wearefds-com
FE International,https://www.feinternational.com,Sector specialist,,New York,International,London,international,London; South East; South West; East of England; East Midlands; West Midlands; Yorkshire and the Humber; North West; North East; Scotland; Wales; Northern Ireland,,,0.2,20.0,1,100,estimate,"1,500+ transactions with combined value over $50bn",True,sell_side; buy_side; fundraising; due_diligence; valuations,Technology & Software; Consumer & Retail; Media & Marketing,"SaaS, e-commerce and online/content businesses",,,https://www.feinternational.com/services/private-sales-and-acquisitions,https://www.feinternational.com/contact,https://www.linkedin.com/company/feinternational/,"Technology M&A adviser founded in 2010 (originally in London, now New York HQ with a London office) selling SaaS, e-commerce and content businesses for founders, including many small owner-run online businesses.",,,,https://www.feinternational.com; https://www.feinternational.com/about-us; https://feinternational.com/; https://www.experian.co.uk/content/dam/marketing/uki/uk/en/pdf/MarketIQ-Report-FY-2023.pdf,90,feinternational-com
Fenchurch Advisory,https://fenchurchadvisory.com,Sector specialist,,London,London,London,international,London; South East; South West; East of England; East Midlands; West Midlands; Yorkshire and the Humber; North West; North East; Scotland; Wales; Northern Ireland,,,20.0,1200.0,100,6000,deals,"deals include £1.3bn esure sale, £5.4bn Hargreaves Lansdown offer",False,sell_side; buy_side; fundraising,Financial Services,,fenchurch@fenchurchadvisory.com,+44 20 7382 2222,https://fenchurchadvisory.com/team/,https://fenchurchadvisory.com/contact/,https://uk.linkedin.com/company/fenchurch-advisory-partners,"Independent investment banking and corporate finance advisory firm specialising in the financial services sector (insurance, banking, wealth & asset management).",,OC306074,Active,https://fenchurchadvisory.com/,90,fenchurchadvisory-com
Fiander ETL,https://www.fianderetl.co.uk,Accountancy firm CF team,ETL Global,Southampton,South East,Southampton,regional,South East; South West,,,0.2,5.0,1,25,deals,"deals shown in value bands from <£1m to £50m+; most £1m–£10m, several £10m–£25m",True,sell_side; buy_side; due_diligence; valuations,Generalist,,enquiries@fianderetl.co.uk,023 8033 2733,https://www.fianderetl.co.uk/solutions/valuations/,https://www.fianderetl.co.uk/contact-us/,,"Southampton accountancy firm (part of ETL Global UK; formerly Fiander Tovell, UK200Group panel) with a deal advisory team doing valuations, due diligence and acquisition/disposal advice; named Transaction Services Team of the Year at the 2026 South Coast Deals Awards.",,16601980,Active,https://www.fianderetl.co.uk/solutions/valuations/our-deals/; https://www.fianderetl.co.uk/solutions/valuations/; https://www.fianderetl.co.uk/fiander-etl-wins-transaction-services-team-of-the-year-at-south-coast-deals-awards/; https://etlglobal.co.uk/about/locations/; https://uk.agn.org/uk200-group/; https://www.fianderetl.co.uk/,90,fianderetl-co-uk
First Peninsula Marine,https://www.firstpeninsulamarine.co.uk,Sector specialist,First Peninsula Corporation,Plymouth,South West,Plymouth,national,London; South East; South West; East of England; East Midlands; West Midlands; Yorkshire and the Humber; North West; North East; Scotland; Wales; Northern Ireland,,,0.02,2.0,0.1,10,estimate,,True,sell_side; buy_side; valuations,Leisure & Hospitality; Transport & Logistics,"Leisure marine, inland waterways, watersports/outdoor, commercial maritime and superyacht trade businesses.",office@firstpeninsula.co.uk,0333 987 3122,,https://www.firstpeninsulamarine.co.uk/contact,,"Plymouth-based specialist business sales agency for privately owned marine companies (leisure marine, maritime, superyacht trade), operating nationally.",,05932178,Active,https://www.firstpeninsulamarine.co.uk/; https://www.firstpeninsulamarine.co.uk/contact,90,firstpeninsulamarine-co-uk
FirstCapital,https://www.firstcapital.co.uk,Investment bank / broker,,London,London,London,international,London; South East; South West; East of England; East Midlands; West Midlands; Yorkshire and the Humber; North West; North East; Scotland; Wales; Northern Ireland,,,4.0,100.0,20,500,estimate,,False,sell_side; buy_side; fundraising,Technology & Software,High-growth technology companies; offices in London and Silicon Valley,info@firstcapital.co.uk,+44 208 563 1563,https://www.firstcapital.co.uk/smarter-thinking/thought-leadership/what-is-the-impact-of-ai-on-software-exits/,https://www.firstcapital.co.uk/contact/,https://www.linkedin.com/company/firstcapital,"FCA-regulated international technology investment bank (First Capital Corporation Ltd) with offices in London and Silicon Valley advising high-growth tech companies on M&A, private equity and growth capital (e.g. Parkopedia sale to EasyPark).",,,,https://www.firstcapital.co.uk; https://www.firstcapital.co.uk/contact/,90,firstcapital-co-uk
Fish & Chip Business Sales,https://www.fishandchipbusinesses.co.uk,Business broker,,,,,regional,North West; Yorkshire and the Humber; North East; Wales,,,0.0,0.2,0.02,1,estimate,,False,sell_side; valuations,Food & Beverage; Leisure & Hospitality,"Specialist business transfer agency for fish & chip shops, takeaways and catering businesses, mainly in the North of England.",info@fcbsales.com,0845 121 4005,,https://www.fishandchipbusinesses.co.uk/contact/,,"Self-described oldest specialist fish & chip business transfer agency in the North of England, selling and valuing fish & chip and takeaway businesses. Office location not stated on site.",,,,https://www.fishandchipbusinesses.co.uk/About/; https://www.daltonsbusiness.com/agent/fish-and-chip-business-sales/,70,fishandchipbusinesses-co-uk
Flagship Advisory Partners,https://flagshipadvisorypartners.com,Sector specialist,,,International,London,international,London,,,2.0,50.0,10,250,estimate,,True,sell_side; buy_side; due_diligence,Financial Services; Technology & Software,"Payments and fintech only: payment service providers, processors, acquirers, fintech investors.",info@flagshipap.com,,https://flagshipadvisorypartners.com/who-we-are/,https://flagshipadvisorypartners.com/who-we-are/,https://www.linkedin.com/company/flagshipadvisor,"Boutique strategy consultancy and M&A adviser focused on payments and fintech (50+ professionals, 80+ engagements a year) with offices in Annapolis, London (153 Fenchurch Street), Amsterdam and Prague; much of its work is strategy and commercial due diligence rather than lead advisory.",,,,https://flagshipadvisorypartners.com/; https://flagshipadvisorypartners.com/who-we-are/,80,flagshipadvisorypartners-com
Fleurets,https://www.fleurets.com,Business broker,,London,London,London; Bristol; Birmingham; Brighton; Manchester; Cambridge; Leeds,national,London; South East; South West; East of England; East Midlands; West Midlands; Yorkshire and the Humber; North West; North East; Scotland; Wales; Northern Ireland,,,0.1,10.0,0.5,50,estimate,,True,sell_side; buy_side; valuations,Leisure & Hospitality,"Hotels, restaurants, pubs, holiday and caravan parks, late-night venues, gyms and leisure",london@fleurets.com,020 7280 4700,https://www.fleurets.com/our-people.html,https://www.fleurets.com/contact,https://www.linkedin.com/company/fleurets,"Specialist leisure property and business agent selling hotels, pubs, restaurants, holiday parks and leisure businesses and portfolios from regional offices across the UK.",,,,https://www.fleurets.com/; https://www.fleurets.com/contact,90,fleurets-com
Ford Campbell Freedman (FCF),https://fcf.ltd,Accountancy firm CF team,,Leeds,Yorkshire and the Humber,Leeds,local,Yorkshire and the Humber,,,0.1,2.0,0.5,10,estimate,,True,sell_side; buy_side; mbo; debt_advisory; fundraising,Generalist,,enquiries@fcf.ltd,0113 245 7222,https://fcf.ltd/the-team/,https://fcf.ltd/contact/,,"Leeds accountancy firm whose corporate finance team (led by partner Dale Coleman) advises owner-managed businesses on acquisitions, business sales, MBOs and raising finance.",,09477399,Active,https://fcf.ltd/corporate-finance/,90,fcf-ltd
Forrester Boyd,https://www.forrester-boyd.co.uk,Accountancy firm CF team,,Grimsby,Yorkshire and the Humber,Grimsby,regional,Yorkshire and the Humber; East Midlands,,,0.1,2.0,0.5,10,estimate,,True,sell_side; buy_side; fundraising; valuations,Generalist,,info@forrester-boyd.co.uk,01472 350601,https://www.forrester-boyd.co.uk/about-us/meet-our-team,https://www.forrester-boyd.co.uk/contact-us/our-offices,https://www.linkedin.com/company/forrester-boyd,"Lincolnshire/Humber chartered accountants offering corporate finance support on mergers, acquisitions, business sales and raising finance for owner-managed businesses.",,08370127,Active,https://www.forrester-boyd.co.uk/business/corporate-finance; https://www.forrester-boyd.co.uk/,90,forrester-boyd-co-uk
Forvis Mazars,https://www.forvismazars.com/uk/en,Accountancy firm CF team,Forvis Mazars Group,London,London,London; Birmingham; Bristol; Edinburgh; Glasgow; Leeds; Manchester; Newcastle; Milton Keynes; Southampton,national,London; South East; South West; East of England; East Midlands; West Midlands; Yorkshire and the Humber; North West; North East; Scotland; Wales; Northern Ireland,,,2.0,50.0,10,250,estimate,,True,sell_side; buy_side; mbo; fundraising; debt_advisory; due_diligence; valuations,Business Services; Technology & Software; Healthcare; Life Sciences; Consumer & Retail; Industrials & Manufacturing; Energy & Renewables; Financial Services; Construction & Property; Transport & Logistics; Media & Marketing,,,+44 (0)20 7063 4000,https://www.forvismazars.com/uk/en/who-we-are,https://www.forvismazars.com/uk/en/contact-us,https://www.linkedin.com/company/forvis-mazars-in-the-uk,"International audit and advisory firm; Forvis Mazars Corporate Finance Limited advises on UK mid-market M&A, private equity and debt transactions.",,OC308299,Active,https://www.forvismazars.com/uk/en; https://www.forvismazars.com/uk/en/services/financial-advisory/deals/mergers-acquisitions,90,forvismazars-com
Forward Corporate Finance,https://forwardcf.co.uk,Independent boutique,,Bishop's Stortford,East of England,Bishop's Stortford,regional,East of England; London,7,estimate,0.2,5.0,1,25,estimate,,True,sell_side; buy_side; mbo; fundraising,Generalist,,,,,,,"Corporate finance boutique at Thremhall Park, Bishop's Stortford, advising SME owners, management teams and private equity investors, mainly in East Anglia.",,10623340,Active,https://firmbase.co/resources/industry-lists/ma-advisory-companies-in-the-uk,90,forwardcf-co-uk
Foulger Underwood,https://www.foulgerunderwood.com,Sector specialist,,Worthing,South East,Worthing,international,London; South East; South West; East of England; East Midlands; West Midlands; Yorkshire and the Humber; North West; North East; Scotland; Wales; Northern Ireland,,,0.1,6.0,0.5,30,estimate,,True,sell_side; buy_side; valuations; fundraising,Professional Services; Financial Services,"Accountancy practices, trust & corporate services, wealth management",enq@foulgerunderwood.com,,https://www.foulgerunderwood.com/team/,https://www.foulgerunderwood.com/contact-us/,https://www.linkedin.com/company/foulger-underwood,"M&A and strategy advisers to professional services firms (accountancy practices, trust & corporate services, wealth management) for 30 years; UK, Singapore and Hong Kong.",,03526521,Active,https://www.foulgerunderwood.com/; https://www.foulgerunderwood.com/about-us/,90,foulgerunderwood-com
Fox-Davies Capital,https://www.fox-davies.com,Investment bank / broker,,London,London,London,international,London; South East; South West; East of England; East Midlands; West Midlands; Yorkshire and the Humber; North West; North East; Scotland; Wales; Northern Ireland,,,1.0,40.0,5,200,estimate,,True,ecm; fundraising,Energy & Renewables; Generalist,Natural resources and energy focus,info@fox-davies.com,,,,,"London-based investment bank and broker focused on natural resources and energy, providing corporate finance, broking and capital raising for small and mid-cap companies.",,17101238,Active,https://www.fox-davies.com/,90,fox-davies-com
Franchise Business Brokers (Chantry Group),https://www.franchisebusinessbrokers.co.uk,Business broker,Chantry Group,London,London,London,national,London; South East; South West; East of England; East Midlands; West Midlands; Yorkshire and the Humber; North West; North East; Scotland; Wales; Northern Ireland,,,0.01,1.0,0.05,5,estimate,,True,sell_side; buy_side; valuations,Generalist,"Franchise resales: sells franchisee businesses, multi-territory businesses and whole franchise networks; bfa-accredited adviser.",info@chantry.email,020 8017 2115,https://www.franchisebusinessbrokers.co.uk/about-us/,https://www.franchisebusinessbrokers.co.uk/contact/,,"Franchise resale brokerage of Chantry Group (est. 2007), valuing, marketing and selling franchise businesses and networks; head office at The Shard, London, with team bases across England.",,06197058,Active,https://www.franchisebusinessbrokers.co.uk/; https://www.franchisebusinessbrokers.co.uk/about-us/; https://www.franchisebusinessbrokers.co.uk/contact/,90,franchisebusinessbrokers-co-uk
Franchise Resales,https://www.franchiseresales.co.uk,Business broker,,,,,national,London; South East; South West; East of England; East Midlands; West Midlands; Yorkshire and the Humber; North West; North East; Scotland; Wales; Northern Ireland,,,0.0,0.4,0.02,2,estimate,,False,sell_side; buy_side; valuations,Generalist,"Franchise resales marketplace and broker: free valuations, marketing, buyer screening and sale process management for franchisees selling established franchise businesses.",,01522 246812,,https://www.franchiseresales.co.uk/contact,,"UK franchise resale marketplace (Franchise Resales Ltd) that values, markets and manages the sale of established franchise businesses across all sectors and regions. Office location not stated on site.",,,,https://www.franchiseresales.co.uk/; https://www.franchiseresales.co.uk/about; https://www.daltonsbusiness.com/agent/franchise-resales/,70,franchiseresales-co-uk
Frank Taylor & Associates,https://www.ft-associates.com,Business broker,,Brookmans Park,East of England,Brookmans Park,national,London; South East; South West; East of England; East Midlands; West Midlands; Yorkshire and the Humber; North West; North East; Scotland; Wales; Northern Ireland,,,0.05,1.0,0.25,5,estimate,,True,sell_side; buy_side; valuations,Dental & Veterinary,Dental practices only,team@ft-associates.com,0330 088 11 56,https://www.ft-associates.com/about-us/,https://www.ft-associates.com/contact-us/,https://www.linkedin.com/company/871090,"Specialist valuers and sales agents for UK dental practices, also advising buyers on acquisitions.",,,,https://www.ft-associates.com/; https://www.ft-associates.com/contact-us/; https://www.ft-associates.com/about-us/,90,ft-associates-com
Fraser Corporate Finance,https://frasercf.com,Independent boutique,,London,London,London,international,London,1,team_page,1.6,20.0,8,100,stated,From $10M acquisitions to $1bn cross-border transactions,True,buy_side; sell_side; due_diligence,Industrials & Manufacturing; Engineering; Generalist,"Acquisitions, divestments and cross-border deals; founder ex GE and Walgreens Boots Alliance corporate development",info@frasercf.com,+44 20 7692 8711,https://frasercf.com/about-us/,https://frasercf.com/contact-us/,,"Berkeley Square M&A boutique led by Patrick Fraser (25+ years, 60+ completed deals in 20+ countries, ex GE and Walgreens Boots Alliance) advising on acquisitions, divestments and cross-border transactions since 2017.",,16439888,Active,https://frasercf.com; https://frasercf.com/about-us/; https://frasercf.com/contact-us/,100,frasercf-com
Frazer Hall,https://www.frazerhall.com,Independent boutique,,Manchester,North West,Manchester,national,North West; Yorkshire and the Humber; North East,5,team_page,0.2,4.0,1,20,estimate,Commentary focuses on companies with 'turnovers between £2m and £20m',True,sell_side; buy_side; mbo; fundraising; valuations,Generalist,,stephen.frazer@frazerhall.com,0161 819 1020,https://www.frazerhall.com/what-makes-us-different/meet-the-team/,,,"Manchester-based M&A boutique founded by Stephen Frazer (ex-PE investment director and accountancy managing partner) specialising in selling owner-managed businesses, plus acquisitions and PE investment; regular Insider Dealmakers awards sponsor across the North.",,07117249,Active,https://www.frazerhall.com/; https://www.frazerhall.com/what-makes-us-different/meet-the-team/,100,frazerhall-com
Freight Connect,https://www.freightconnect.co.uk,Sector specialist,,Coleford,South West,Coleford,national,London; South East; South West; East of England; East Midlands; West Midlands; Yorkshire and the Humber; North West; North East; Scotland; Wales; Northern Ireland,1,estimate,0.2,3.0,1,15,estimate,,True,sell_side; buy_side; valuations,Transport & Logistics,"M&A consultancy focused exclusively on freight, haulage, warehousing and logistics businesses (e.g. sale of DTM Logistics)",info@freightconnect.co.uk,+44 (0)1594 734980,,https://www.freightconnect.co.uk/contact,https://www.linkedin.com/company/freight-connect-ltd-freight,"Boutique M&A consultancy in the Forest of Dean, founded by managing director Richard Booth, advising owners on the sale of haulage, freight and logistics businesses and buyers on acquisitions in the sector.",,15192194,Active,https://www.freightconnect.co.uk/; https://www.freightconnect.co.uk/about-us; https://www.freightconnect.co.uk/contact,100,freightconnect-co-uk
FRP Advisory,https://www.frpadvisory.com,Accountancy firm CF team,,London,London,London; Birmingham; Manchester; Leeds; Bristol; Glasgow; Edinburgh; Aberdeen; Nottingham; Cardiff; Southampton; Newcastle; Leicester; Cambridge,national,London; South East; South West; East of England; East Midlands; West Midlands; Yorkshire and the Humber; North West; North East; Scotland; Wales; Northern Ireland,,,0.4,20.0,2,100,estimate,,True,sell_side; buy_side; mbo; fundraising; debt_advisory; due_diligence; valuations; restructuring,Generalist,,,,,,https://www.linkedin.com/company/frp-advisory/,"Listed advisory firm whose corporate finance division (one of the most active UK mid-market deal advisers by volume) covers M&A, debt advisory, transaction services and valuations alongside restructuring.",,12315862,Active,https://www.frpadvisory.com/,80,frpadvisory-com
FT Partners,https://ftpartners.com,Sector specialist,,San Francisco,International,London,international,London; South East; South West; East of England; East Midlands; West Midlands; Yorkshire and the Humber; North West; North East; Scotland; Wales; Northern Ireland,,,20.0,1000.0,100,5000,estimate,e.g. advised Ebury on £350m majority investment from Santander,False,sell_side; buy_side; fundraising,Financial Services; Technology & Software,,,,https://ftpartners.com/fintech-strategic-insights/fintech-in-menapt-2026/,https://ftpartners.com/contact,,Fintech-focused investment bank headquartered in San Francisco with a London office; advises on large fintech M&A and growth financings.,,,,https://ftpartners.com/,90,ftpartners-com
Funeral Business Central,https://funeralbusinesscentral.co.uk,Sector specialist,,,,,national,London; South East; South West; East of England; East Midlands; West Midlands; Yorkshire and the Humber; North West; North East; Scotland; Wales; Northern Ireland,,,0.1,1.0,0.5,5,estimate,,True,sell_side; buy_side; valuations; due_diligence,Business Services,"Specialist adviser to the UK independent funeral sector: exit planning and sale advice for funeral directors (acting only for the seller), plus separate buy-side acquisition advice and due diligence for buyers and investors",hello@funeralbusinesscentral.co.uk,0778 899 6505,https://funeralbusinesscentral.co.uk/about/,https://funeralbusinesscentral.co.uk/contact/,,"Specialist advisory practice for independent UK funeral businesses founded by business consultant Dominic Watson, advising owners on valuation and sale to consolidators, PE platforms or EOTs, and advising buyers separately. It is a trading name of Rockstar Retirement Ltd (registered office St Asaph, Wales); no office location is published.",,,,https://funeralbusinesscentral.co.uk/; https://funeralbusinesscentral.co.uk/about/; https://funeralbusinesscentral.co.uk/services/exit-planning/; https://funeralbusinesscentral.co.uk/privacy/,70,funeralbusinesscentral-co-uk
Gambit Corporate Finance,https://www.gambitcf.com,Independent boutique,,Cardiff,Wales,Cardiff,regional,Wales; South West,12,estimate,1.0,20.0,5,100,estimate,,True,sell_side; buy_side; mbo; fundraising; debt_advisory,Generalist,,,,,https://www.gambitcf.com,,"Award-winning independent corporate finance lead advisory firm based at Callaghan Square, Cardiff; Wales Dealmakers CF Advisory Team of the Year 2024 (deals over £300m that year) and in the top five of Experian's Wales adviser table for 2025.",,,,https://www.gambitcf.com/; https://www.insidermedia.com/news/wales/most-active-welsh-ma-advisers-of-2025-revealed-experian-market-iq; https://www.insidermedia.com/event/wales-dealmakers-awards-2025/shortlist,100,gambitcf-com
Garma Advisory,https://garmaadvisory.com,Independent boutique,,Belfast,Northern Ireland,Belfast,regional,Northern Ireland,,,0.2,4.0,1,20,estimate,,True,sell_side; buy_side; due_diligence; restructuring,Generalist,,admin@garmaadvisory.com,,,https://garmaadvisory.com/contact.html,https://www.linkedin.com/company/garmaadvisory/,"Partner-led Belfast deal advisory, restructuring and insolvency firm advising on acquisitions and disposals; listed in Experian MarketIQ Northern Ireland adviser rankings.",,NI726474,Active,https://garmaadvisory.com/index.html; https://www.experian.co.uk/content/dam/marketing/uki/uk/en/pdf/MA-Full-year-report-2025-V3.pdf; https://garmaadvisory.com; https://www.experian.co.uk/content/dam/marketing/uki/uk/en/pdf/MarketIQ-Report-H1-2025.pdf,90,garmaadvisory-com
Gator Business Sales,https://gatorbusiness.com,Business broker,,Salisbury,South West,Salisbury,regional,South West; South East,,,0.01,0.2,0.05,1,estimate,,False,sell_side; buy_side; valuations,Generalist,,mark@gatorbusiness.com,0800 211 8003,,https://gatorbusiness.com/contact-us/,,"Independent Salisbury business broker selling SMEs in Dorset, Hampshire and South Wiltshire.",,,,https://gatorbusiness.com/; https://gatorbusiness.com/contact-us/,90,gatorbusiness-com
GEM Corporate Finance,https://www.gemcf.co.uk,Independent boutique,,Oxted,South East,Oxted,national,London; South East; South West; East of England; East Midlands; West Midlands; Yorkshire and the Humber; North West; North East; Scotland; Wales; Northern Ireland,,,0.2,2.0,1,10,deals,"owner-managed, family and entrepreneurial businesses with revenues typically between £1m-£50m; published deals <£5m and £5m-£10m",True,sell_side; buy_side; valuations; mbo,Generalist,,hq@gemcf.co.uk,+44 1444 702 155,https://www.gemcf.co.uk/aboutgemcf.html,https://www.gemcf.co.uk/contactgemcf.html,https://www.linkedin.com/company/gem-corporate-finance-limited,"Surrey-based boutique corporate finance adviser to small and medium owner-managed and family businesses on company sales, acquisitions (incl. MBI/MBO) and valuations.",,13560635,Active,https://www.gemcf.co.uk/; https://www.gemcf.co.uk/contactgemcf.html; https://www.gemcf.co.uk/gemcftransactions.html; https://icaew.com/technical/corporate-finance/corporate-finance-faculty/member-firms/gem-corporate-finance,90,gemcf-co-uk
Gerald Edelman,https://www.geraldedelman.com,Accountancy firm CF team,,London,London,London,regional,London; South East,,,0.2,30.0,1,150,stated,can assist with transactions up to £150 million Enterprise Value across all sectors (no lower limit stated),True,sell_side; buy_side; mbo; fundraising; debt_advisory; due_diligence; valuations,Generalist,,hello@geraldedelman.com,+44 (0)20 7299 1400,https://www.geraldedelman.com/services/corporate-finance/,https://www.geraldedelman.com/contact-us/,https://www.linkedin.com/company/geraldedelman/,"London business advisers and accountants with a corporate finance team advising owner-managed businesses on sales, acquisitions and funding.",,OC435604,Active,https://www.geraldedelman.com/; https://www.geraldedelman.com/services/corporate-finance/; https://www.geraldedelman.com/services/deal-advisory/,90,geraldedelman-com
GHF Advisory,https://ghfadvisory.com,Sector specialist,,London,London,London,national,London; South East; South West; East of England; East Midlands; West Midlands; Yorkshire and the Humber; North West; North East; Scotland; Wales; Northern Ireland,,,1.0,20.0,5,100,estimate,,True,sell_side; buy_side; fundraising,Recruitment & Staffing; Business Services; Professional Services,"Total focus on the human capital sector (recruitment, staffing, HR services)",info@ghfadvisory.com,+44 (0) 7870 582286,,,https://www.linkedin.com/company/ghf-advisory,"Discreet independent corporate finance boutique focused exclusively on the human capital / recruitment sector, advising on sell-side and buy-side M&A and capital raising.",,,,https://ghfadvisory.com/,90,ghfadvisory-com
Global Leisure Partners,https://globalleisurepartners.com,Sector specialist,,London,London,London,international,London; South East; South West; East of England; East Midlands; West Midlands; Yorkshire and the Humber; North West; North East; Scotland; Wales; Northern Ireland,3,team_page,10.0,,50,,deals,"advised on approximately US$70 billion in transactions (e.g. McLaren recapitalisation, Aldel/Hagerty $3.3bn)",False,sell_side; buy_side; fundraising; debt_advisory,Leisure & Hospitality,"Leisure industry: fitness, gaming, hospitality, motorsport and attractions.",,+44 (0) 20 7016 8050,https://globalleisurepartners.com/team.shtml,https://globalleisurepartners.com/contact.shtml,,"London (Old Bond Street) independent adviser and principal investor focused on the global leisure industry; deals are large-cap (McLaren, Hagerty, Everi/IGT), so not an SME adviser.",,OC307522,Active,https://globalleisurepartners.com/; https://globalleisurepartners.com/team.shtml,100,globalleisurepartners-com
GMcG (Goldblatt McGuigan),https://www.gmcg.co.uk,Accountancy firm CF team,,Belfast,Northern Ireland,Belfast,regional,Northern Ireland,,,0.2,3.0,1,15,estimate,,True,sell_side; buy_side; mbo,Generalist,,,,,,,"Belfast chartered accountants (Goldblatt McGuigan) with a corporate finance team advising Northern Ireland owner-managed businesses on M&A, MBOs and fundraising (site behind bot protection; details from general knowledge, unverified).",,,,https://www.gmcg.co.uk/,80,gmcg-co-uk
Gneiss Energy,https://gneiss.energy,Sector specialist,,Edinburgh,Scotland,Edinburgh; London,international,London; South East; South West; East of England; East Midlands; West Midlands; Yorkshire and the Humber; North West; North East; Scotland; Wales; Northern Ireland,10,estimate,0.4,50.0,2,250,deals,Published deals from £2.25m placings to £14m divestment and up to £249m acquisition.,True,sell_side; buy_side; fundraising; debt_advisory,Energy & Renewables,"Oil & gas, cleantech & renewables, energy services & infrastructure, metals & mining.",,+44 (0) 131 677 0940,https://gneiss.energy/about,https://gneiss.energy/contact-us,https://www.linkedin.com/company/gneiss-energy,"Energy-sector corporate finance boutique with Edinburgh and London offices advising on M&A, equity raises and financings across oil & gas, renewables and energy services worldwide.",,,,https://gneiss.energy; https://gneiss.energy/contact-us,100,gneiss-energy
Goodbody,https://www.goodbody.ie,Investment bank / broker,AIB,Dublin,International,London; Belfast,international,London; Northern Ireland,,,4.0,,20,,estimate,,False,sell_side; buy_side; ecm; fundraising,Generalist,,london@goodbody.co.uk,+353 1 667 0400,https://www.goodbody.ie/capital-partners/,https://www.goodbody.ie/contact-us/,,"Irish investment bank and broker (AIB subsidiary) offering corporate advisory, M&A and ECM services, with offices in Dublin, Belfast, Cork, Galway and London; appears in Experian adviser rankings (Goodbody Corporate Finance).",,,,https://www.goodbody.ie/; https://www.goodbody.ie/contact-us/; https://www.experian.co.uk/content/dam/marketing/uki/uk/en/pdf/MarketIQ-Report-FY-2023.pdf,90,goodbody-ie
Goodman Jones,https://www.goodmanjones.com,Accountancy firm CF team,,London,London,London,local,London,,,0.2,4.0,1,20,estimate,,True,buy_side; sell_side; due_diligence; valuations,Media & Marketing; Charity & Public Sector; Leisure & Hospitality; Professional Services; Construction & Property,,gblair@goodmanjones.com,020 7388 2444,https://www.goodmanjones.com/our-people,https://www.goodmanjones.com/contact,https://www.linkedin.com/company/goodman-jones,"London accountancy firm offering transactional support (due diligence, deal structuring and tax) to UK businesses and international groups investing into the UK.",,OC313156,Active,https://www.goodmanjones.com/; https://www.goodmanjones.com/services/business-tax/transactional-support,90,goodmanjones-com
Goodwins Business Brokers,https://goodwinsbrokers.co.uk,Business broker,,Rotherham,Yorkshire and the Humber,Rotherham,national,London; South East; South West; East of England; East Midlands; West Midlands; Yorkshire and the Humber; North West; North East; Scotland; Wales; Northern Ireland,,,0.02,0.6,0.1,3,estimate,,True,sell_side; buy_side; valuations,Generalist,,hello@goodwinsbrokers.co.uk,0330 236 7030,,https://goodwinsbrokers.co.uk/contact/,,"Rotherham-based UK business broker run by former business owners, selling businesses nationwide with a corporate division.",,14055567,Active,https://goodwinsbrokers.co.uk/; https://goodwinsbrokers.co.uk/about/; https://goodwinsbrokers.co.uk/contact/,90,goodwinsbrokers-co-uk
GP Bullhound,https://www.gpbullhound.com,Sector specialist,,London,London,London; Manchester,international,London; South East; South West; East of England; East Midlands; West Midlands; Yorkshire and the Humber; North West; North East; Scotland; Wales; Northern Ireland,,,4.0,200.0,20,1000,estimate,,False,sell_side; buy_side; fundraising,Technology & Software; Consumer & Retail; Media & Marketing,"Software, consumer technology, frontier tech, digital media",hello.london@gpbullhound.com,,https://www.gpbullhound.com/about-us/,https://www.gpbullhound.com/contact-us/,,Tech investment bank and investor (since 1999) advising technology companies on M&A and fundraising; 13 offices worldwide.,,OC352636,Active,https://www.gpbullhound.com/; https://www.gpbullhound.com/offices/,90,gpbullhound-com
GPS Commercial,https://www.gps-direct.com,Business broker,,Eastbourne,South East,Eastbourne,regional,South East,,,0.01,0.2,0.05,1,estimate,,False,sell_side; buy_side; valuations,Generalist; Construction & Property,,info@gps-direct.com,01323 727271,,https://gps-direct.com/contact-us,https://www.linkedin.com/company/gps-direct/,"Eastbourne agency selling trading businesses, investment property and commercial premises across South East England.",,,,https://www.gps-direct.com/; https://gps-direct.com/contact-us,90,gps-direct-com
Grant Thornton,https://www.grantthornton.co.uk,Accountancy firm CF team,Grant Thornton International,London,London,London; Birmingham; Bristol; Cambridge; Cardiff; Edinburgh; Glasgow; Leeds; Liverpool; Manchester; Milton Keynes; Newcastle; Nottingham; Oxford; Reading; Southampton; Sheffield,national,London; South East; South West; East of England; East Midlands; West Midlands; Yorkshire and the Humber; North West; North East; Scotland; Wales; Northern Ireland,,,2.0,50.0,10,250,estimate,,True,sell_side; buy_side; mbo; fundraising; debt_advisory; due_diligence; valuations; restructuring,Business Services; Technology & Software; Healthcare; Life Sciences; Consumer & Retail; Industrials & Manufacturing; Energy & Renewables; Financial Services; Construction & Property; Transport & Logistics; Media & Marketing,,,+44 (0)20 7728 2083,https://www.grantthornton.co.uk/services/deals/corporate-finance/,https://www.grantthornton.co.uk/contact-us/,https://www.linkedin.com/company/grant-thornton-uk/,"Major UK accountancy firm with a national corporate finance practice advising on mid-market M&A, private equity transactions and debt.",,,,https://www.grantthornton.co.uk/; https://www.grantthornton.co.uk/services/deals/corporate-finance/,90,grantthornton-co-uk
Grant Thornton (NI),https://www.grantthornton.ie/locations/belfast/,Accountancy firm CF team,Grant Thornton Ireland,Belfast,Northern Ireland,Belfast,regional,Northern Ireland,,,0.4,20.0,2,100,estimate,,True,sell_side; buy_side; mbo; fundraising; debt_advisory; due_diligence; valuations,Generalist,,,+44 28 9587 1050,https://www.grantthornton.ie/meet-our-people/,https://www.grantthornton.ie/contact/,https://www.linkedin.com/company/grant-thornton-ireland,"Belfast office of Grant Thornton Ireland, whose deal advisory team advises Northern Ireland businesses on M&A, transaction services and funding.",,,,https://www.grantthornton.ie/locations/belfast/; https://www.grantthornton.ie/service/advisory/deal-advisory/,90,grantthornton-ie-locations-belfast
Gravita,https://www.gravita.com,Accountancy firm CF team,,London,London,London; Oxford; Bristol; Exeter; Essex,regional,London; South East; South West,,,0.2,4.0,1,20,estimate,,True,sell_side; buy_side; due_diligence; valuations,Technology & Software; Financial Services; Life Sciences; Construction & Property; Recruitment & Staffing; Media & Marketing; Education,,hello@gravita.com,020 7330 0000,https://www.gravita.com,https://www.gravita.com/contact/,https://www.linkedin.com/company/gravita-uk/,PE-backed accountancy group (incl. Carter Backer Winter and Critchleys) offering transaction support and transactional tax advice to SMEs and scale-ups through to exit.,,,,https://www.gravita.com/; https://www.gravita.com/our-services/transactional-tax/,90,gravita-com
Gray Corporate Finance,https://graycorporatefinance.co.uk,Independent boutique,,Sheffield,Yorkshire and the Humber,Sheffield,regional,Yorkshire and the Humber; East Midlands,2,team_page,0.4,6.0,2,30,estimate,,True,sell_side; buy_side; mbo; fundraising; valuations,Generalist; Industrials & Manufacturing; Engineering; Technology & Software,"Founder has particular interest in manufacturing, engineering and technology",don.gray@graycf.co.uk,+44 7799 477480,https://graycorporatefinance.co.uk/about-us/,https://graycorporatefinance.co.uk/contact-us/,,"Sheffield boutique launched in 2025 by Don Gray (ex-BHP/Translink partner, former South Yorkshire Dealmaker of the Year) and John Longstaff, advising owner-managed and family businesses on sales, acquisitions, MBOs and funding.",,16405014,Active,https://graycorporatefinance.co.uk/; https://graycorporatefinance.co.uk/about-us/,100,graycorporatefinance-co-uk
Green Giraffe,https://green-giraffe.com,Sector specialist,,Paris,International,London,international,London; South East; South West; East of England; East Midlands; West Midlands; Yorkshire and the Humber; North West; North East; Scotland; Wales; Northern Ireland,,,4.0,200.0,20,1000,estimate,,False,sell_side; buy_side; debt_advisory,Energy & Renewables,"Offshore/onshore wind, solar, storage, hydrogen, bioenergy",contact@greengiraffegroup.com,,https://green-giraffe.com/privacy-notice-for-business-partners-clients-and-suppliers/,https://green-giraffe.com,https://www.linkedin.com/company/green-giraffe/,"Energy transition financial advisory firm (M&A, debt advisory, PPA) for renewables projects and platforms, with a London office.",,,,https://green-giraffe.com/,90,green-giraffe-com
GreenCap Partners,https://greencap-partners.co.uk,Sector specialist,,London,London,London,international,London,4,team_page,1.0,20.0,5,100,deals,Published deals: sales/acquisitions of 20-30 MW onshore wind farms and BESS projects (e.g. for Octopus Energy Generation),True,sell_side; buy_side; fundraising; debt_advisory,Energy & Renewables,"Renewable energy project and developer M&A, equity raising, project finance, PPAs",info@greencap-partners.co.uk,,https://www.greencap-partners.co.uk/about,https://greencap-partners.co.uk,https://www.linkedin.com/company/greencap-partners,"Mayfair-based independent financial adviser to the renewable energy sector, running sell-side and buy-side M&A of project development businesses and assets (wind, solar, BESS) plus capital raising and project finance.",,12990147,Active,https://greencap-partners.co.uk; https://find-and-update.company-information.service.gov.uk/company/12990147; https://www.greencap-partners.co.uk/about; https://www.greencap-partners.co.uk/,100,greencap-partners-co-uk
Greenoak Advisory,https://www.greenoakadvisory.com,Independent boutique,,Leicester,East Midlands,Leicester,regional,East Midlands; West Midlands,1,estimate,0.2,2.0,1,10,stated,targets sub-£10m transactions (launch coverage),True,sell_side; buy_side; mbo; fundraising; debt_advisory; valuations,Generalist,,info@greenoakadvisory.com,,,,,"Leicester boutique M&A adviser launched by Shaf Bheda (ex-DSW Midlands) offering senior-led advice to owner-managers on sub-£10m sales, acquisitions and MBOs.",,15413364,Active,https://www.greenoakadvisory.com/; https://rainmakers.thebusinessdesk.com/p/deal-size-shouldnt-dictate-the-quality,100,greenoakadvisory-com
GreenStones,https://www.greenstones.co.uk,Accountancy firm CF team,,Peterborough,East of England,Peterborough,local,East of England,,,0.1,2.0,0.5,10,estimate,,True,sell_side; buy_side,Generalist; Healthcare,,nathan@greenstones.co.uk,01733 371180,https://www.greenstones.co.uk/our-team/,https://www.greenstones.co.uk/get-in-touch/,https://www.linkedin.com/company/greenstones-limited,"Peterborough chartered accountants and member of The Corporate Finance Network (contact Nathan Hopkins), advising on business sales such as a medical manufacturer's separation and sale.",,,,https://www.greenstones.co.uk/; https://www.thecfn.org.uk/about-us/; https://www.thecfn.org.uk/greenstones-helps-a-medical-manufacturer-separate-and-sell/,90,greenstones-co-uk
Gunner & Co,https://www.gunnerandco.com,Sector specialist,,Bristol,South West,Bristol,national,London; South East; South West; East of England; East Midlands; West Midlands; Yorkshire and the Humber; North West; North East; Scotland; Wales; Northern Ireland,7,team_page,0.1,4.0,0.5,20,estimate,,True,sell_side; buy_side; mbo; valuations,Financial Services,"IFA, financial planning and wealth management firms",info@gunnerandco.com,0117 325 0650,https://www.gunnerandco.com/about/meet-the-team/,https://www.gunnerandco.com/contact-us/,https://uk.linkedin.com/company/gunner-&-co,"Deal advisory firm specialising in the sale, purchase and merger of IFA, financial planning and wealth management businesses, including MBOs.",,09006099,Active,https://www.gunnerandco.com/; https://www.gunnerandco.com/contact-us/; https://www.gunnerandco.com/about/meet-the-team/,100,gunnerandco-com
Guy Simmonds,https://www.guysimmonds.co.uk,Business broker,,,,,national,London; South East; South West; East of England; East Midlands; West Midlands; Yorkshire and the Humber; North West; North East; Scotland; Wales; Northern Ireland,,,0.01,0.4,0.05,2,estimate,,False,sell_side; buy_side,Leisure & Hospitality,"Freehold and leasehold pub sales and lettings, plus licensed-trade training (NCPLH).",sales@guysimmonds.co.uk,01332 865112,,,,Licensed trade specialist selling freehold and leasehold pubs and offering pub training. HQ not confirmed (phone is a Derby number).,,,,https://www.guysimmonds.co.uk/; https://www.daltonsbusiness.com/agent/guy-simmonds/,70,guysimmonds-co-uk
H.I. Resales,https://hi-resales.co.uk,Business broker,Home Instead,Warrington,North West,Warrington,national,London; South East; South West; East of England; East Midlands; West Midlands; Yorkshire and the Humber; North West; North East; Scotland; Wales; Northern Ireland,,,0.02,0.6,0.1,3,estimate,,True,sell_side; valuations,Care,"Franchise resales: values, markets and resells Home Instead home-care franchise territories (captive to that network).",support@hi-resales.co.uk,,,https://hi-resales.co.uk/contact-us/,,"Franchise resale service responsible for the valuation, marketing and resale of established Home Instead home-care franchise businesses across the UK; based at Lower Stretton, Warrington.",,,,https://hi-resales.co.uk/about/; https://hi-resales.co.uk/contact-us/,90,hi-resales-co-uk
Haddon Consult,https://haddonconsult.co.uk,Sector specialist,,,,,national,London; South East; South West; East of England; East Midlands; West Midlands; Yorkshire and the Humber; North West; North East; Scotland; Wales; Northern Ireland,1,team_page,0.04,2.0,0.2,10,estimate,,True,sell_side; buy_side,Professional Services,Law firms,nigel@haddonconsult.co.uk,07753 605 236,,,,One-person consultancy run by former solicitor Nigel Haddon advising on law firm mergers and acquisitions; ALFMA founding member.,,,,https://haddonconsult.co.uk/; https://www.solicitorsjournal.com/sjarticle/advisers-join-forces-with-one-stop-ma-shop,80,haddonconsult-co-uk
Hahnbeck,https://hahnbeck.com,Sector specialist,,London,London,London,international,London; South East; South West; East of England; East Midlands; West Midlands; Yorkshire and the Humber; North West; North East; Scotland; Wales; Northern Ireland,3,team_page,,,,,stated,lower middle market exits ($5m to $200m),,sell_side; buy_side; valuations,Consumer & Retail; Technology & Software,"E-commerce, Amazon/marketplace sellers and consumer brands.",info@hahnbeck.com,,https://www.hahnbeck.com/about-us,https://hahnbeck.com/contact,https://www.linkedin.com/company/hahnbeck/,"E-commerce and consumer-brand M&A adviser headquartered in London (offices in Amsterdam and Charlotte, NC) selling founder-led e-commerce, Amazon FBA and DTC businesses, including to aggregators such as Olsam and Razor Group; targets $5m-$200m exits.",,,,https://hahnbeck.com/; https://hahnbeck.com/contact; https://hahnbeck.com/blog/2022/3/10/hahnbeck-closes-another-great-amazon-fba-deal; https://www.hahnbeck.com/about-us,90,hahnbeck-com
Haines Watts,https://www.hwca.com,Accountancy firm CF team,,Slough,South East,London; Birmingham; Leeds; Manchester; Newcastle; Exeter; Slough; Northampton; Cardiff; Glasgow,national,London; South East; South West; East of England; East Midlands; West Midlands; Yorkshire and the Humber; North West; North East; Scotland; Wales; Northern Ireland,,,0.2,4.0,1,20,estimate,,True,sell_side; buy_side; mbo; fundraising; debt_advisory; due_diligence; valuations,Generalist,,webenquiries@hwca.com,,https://www.hwca.com/careers/,https://www.hwca.com/contact-us/,https://www.linkedin.com/company/haines-watts/,"Large UK network of owner-managed-business accountants; corporate finance specialists in several offices advise SME owners on exits, acquisitions, MBOs and funding.",,,,https://www.hwca.com/,90,hwca-com
Hall Morrice,https://hall-morrice.co.uk,Accountancy firm CF team,,Aberdeen,Scotland,Aberdeen,regional,Scotland,,,0.4,6.0,2,30,estimate,,True,sell_side; buy_side; mbo; fundraising; debt_advisory; due_diligence; valuations,Energy & Renewables; Engineering; Food & Beverage; Professional Services; Construction & Property,Recognised adviser for oilfield services and the wider Aberdeen energy supply chain; works closely with UK private equity.,enquiries@hall-morrice.co.uk,+44 (0)1224 647394,https://hall-morrice.co.uk/people,https://hall-morrice.co.uk/contact,https://www.linkedin.com/company/hall-morrice-llp,"Aberdeen chartered accountants (50 years) with a corporate finance team led by Bob Bain advising on acquisitions, disposals, MBOs, funding and financial due diligence, especially in oilfield services and energy.",,SO303198,Active,https://hall-morrice.co.uk/services/corporate-finance/; https://acumon.com/blog/ma-advisory-services-companies-aberdeen/; https://hall-morrice.co.uk/,90,hall-morrice-co-uk
Hamlyns,https://www.hamlyns.com,Accountancy firm CF team,,Woking,South East,Woking,local,South East; London,,,0.2,2.0,1,10,estimate,,True,mbo; due_diligence; valuations; buy_side; sell_side,Generalist,,info@hamlyns.com,01483 755399,https://www.hamlyns.com/about-us/,https://www.hamlyns.com/contact-us/,https://www.linkedin.com/company/hamlyns-llp,"Woking chartered accountants whose corporate finance service covers business valuations, MBOs/MBIs, due diligence, financial modelling and exit/succession support for owner-managed businesses in Surrey.",,12065530,Active,https://www.hamlyns.com/business-services/corporate-finance/; https://www.hamlyns.com,90,hamlyns-com
Hampleton Partners,https://www.hampletonpartners.com,Sector specialist,,London,London,London,international,London; South East; South West; East of England; East Midlands; West Midlands; Yorkshire and the Humber; North West; North East; Scotland; Wales; Northern Ireland,,,2.0,50.0,10,250,estimate,,True,sell_side; buy_side; fundraising,Technology & Software; Financial Services; Healthcare; Media & Marketing; Transport & Logistics,"Technology only: enterprise software, IT & business services, fintech, insurtech, healthtech, autotech, digital commerce, logistics tech",,,https://www.hampletonpartners.com/about/,https://www.hampletonpartners.com/contact/,https://www.linkedin.com/company/hampleton-partners/,"Tech-focused M&A and corporate finance adviser to owners of technology companies (enterprise software, IT services, fintech, healthtech, digital commerce); has bought and sold over 100 tech companies.",,,,https://www.hampletonpartners.com/; https://www.hampletonpartners.com/about/,90,hampletonpartners-com
Hanlon Corporate Advisory,https://hanloncorporateadvisory.co.uk,Independent boutique,,Market Harborough,East Midlands,Market Harborough,regional,East Midlands,1,estimate,0.2,2.7,1,13.5,deals,"deals shown c£1m–£13.5m (MBO, acquisition and development funding packages; many undisclosed)",True,sell_side; buy_side; mbo; debt_advisory; fundraising,Generalist,,nic@hanloncorporateadvisory.co.uk,,,https://hanloncorporateadvisory.co.uk/contact-us,,"Small Leicestershire corporate advisory practice (registered Market Harborough) advising SMEs on company sales, acquisitions, MBOs, refinancing and private equity fundraising, with a banking/debt background.",,10530444,Active,https://hanloncorporateadvisory.co.uk/; https://find-and-update.company-information.service.gov.uk/advanced-search/get-results?companyNameIncludes=corporate+advisory&registeredOfficeAddress=Harborough&status=active; https://hanloncorporateadvisory.co.uk/recent-deals,100,hanloncorporateadvisory-co-uk
Hannam & Partners,https://hannam.partners,Investment bank / broker,,London,London,London,international,London; South East; South West; East of England; East Midlands; West Midlands; Yorkshire and the Humber; North West; North East; Scotland; Wales; Northern Ireland,,,10.0,400.0,50,2000,estimate,,False,sell_side; buy_side; fundraising; ecm,Energy & Renewables,Natural resources and mining focus,info@hannam.partners,+44 (0)20 7907 8500,https://hannam.partners/our-people/,https://hannam.partners/contact-us/,,"London advisory and capital markets firm with a strong natural resources specialism, advising on M&A and fundraisings.",,,,https://hannam.partners/,90,hannam-partners
Harlequin Corporate Finance,https://harlequincf.co.uk,Sector specialist,,Henley-on-Thames,South East,Henley-on-Thames,national,London; South East; South West; East of England; East Midlands; West Midlands; Yorkshire and the Humber; North West; North East; Scotland; Wales; Northern Ireland,1,team_page,0.2,4.0,1,20,estimate,,True,buy_side,Technology & Software; Telecoms,"Buy-side acquisition search for IT managed services and telecoms businesses (Kerv, Virtual IT, Telappliant)",info@harlequincf.co.uk,,https://harlequincf.co.uk/who-we-are/,https://harlequincf.co.uk/contact-us/,,"Henley-on-Thames corporate finance consultancy, established 1999, finding and executing acquisitions for acquisitive IT and telecoms businesses; publishes a long transaction list.",,,,https://harlequincf.co.uk; https://harlequincf.co.uk/transactions/; https://harlequincf.co.uk/contact-us/; https://harlequincf.co.uk/who-we-are/,100,harlequincf-co-uk
Harris Acquire,https://harrisacquire.com,Business broker,,Warwick,West Midlands,Warwick,national,London; South East; South West; East of England; East Midlands; West Midlands; Yorkshire and the Humber; North West; North East; Scotland; Wales; Northern Ireland,,,0.1,2.0,0.5,10,estimate,,True,sell_side; buy_side; valuations,Generalist,,hello@harrisacquire.com,01926 757100,https://harrisacquire.com/about-us,https://harrisacquire.com/about-us,,"Warwick-based small-team M&A adviser (Harris Acquire Ltd, rebranded 2024) helping owners sell and acquirers buy UK companies, with free valuation, a 30-day market test and completion-weighted fees.",,15468999,Active,https://harrisacquire.com; https://harrisacquire.com/about-us,90,harrisacquire-com
Harris Williams,https://www.harriswilliams.com,Investment bank / broker,PNC Financial Services,"Richmond, Virginia",International,London,international,London; South East; South West; East of England; East Midlands; West Midlands; Yorkshire and the Humber; North West; North East; Scotland; Wales; Northern Ireland,,,20.0,400.0,100,2000,estimate,,False,sell_side; buy_side,Generalist,,,,,https://www.harriswilliams.com/contact-us,,US middle-market M&A bank (part of PNC) with a London office advising private equity and corporates on European sell-side deals.,,,,https://www.harriswilliams.com/; https://www.harriswilliams.com/offices,90,harriswilliams-com
Harrison Spence,https://harrisonspence.co.uk,Business broker,,,,,national,London; South East; South West; East of England; East Midlands; West Midlands; Yorkshire and the Humber; North West; North East; Scotland; Wales; Northern Ireland,,,0.04,2.0,0.2,10,estimate,,True,sell_side; buy_side; valuations,Financial Services,"Buying and selling IFA and financial planning practices, plus valuations, consultancy and executive search for retail financial services firms.",enquiries@harrisonspence.com,0207 60 20 500,https://harrisonspence.co.uk/about-us/meet-the-team/,https://harrisonspence.co.uk,,"IFA practice broker and consultancy established in 2007, headed by Alan Marks, handling the purchase and sale of IFA practices and valuations. HQ not confirmed on site (London 020 number).",,09010079,Active,https://harrisonspence.co.uk/; https://www.gannons.co.uk/insights/selling-an-ifa-business,70,harrisonspence-co-uk
Hart & Co,https://www.hartagents.com,Business broker,,Chester,North West,Chester; Shrewsbury,regional,North West; West Midlands; Wales,,,0.01,0.6,0.05,3,estimate,,True,sell_side; buy_side; valuations,Generalist,,info@hartagents.com,01244 403547,,https://www.hartagents.com/contact/,,Chester and Shrewsbury business sales and valuation specialists (25+ years) with a 'Hart & Co Corporate' arm for M&A of larger owner-managed companies.,,07793896,Active,https://www.hartagents.com/; https://www.hartagents.com/contact/,90,hartagents-com
Hart Shaw,https://www.hartshaw.co.uk,Accountancy firm CF team,,Sheffield,Yorkshire and the Humber,Sheffield,regional,Yorkshire and the Humber; East Midlands,,,0.2,3.0,1,15,estimate,,True,sell_side; buy_side; mbo,Generalist,,,,,,,"Sheffield chartered accountants with a corporate finance team advising South Yorkshire owner-managed businesses on sales, acquisitions and MBOs (site behind bot protection; details from general knowledge, unverified).",,,,https://www.hartshaw.co.uk/,80,hartshaw-co-uk
Hartley Fowler,https://hartleyfowler.com,Accountancy firm CF team,,London,London,London,local,London; South East,,,0.1,2.0,0.5,10,estimate,,True,sell_side; buy_side; due_diligence; valuations,Generalist,,,020 8946 1212,https://hartleyfowler.com/about-us/our-team/,https://hartleyfowler.com/contact/,https://www.linkedin.com/company/hartleyfowler,"Wimbledon-based chartered accountants with corporate finance specialists supporting owner-managed businesses on buying and selling companies, due diligence, deal structuring and valuations.",,,,https://hartleyfowler.com/services/business-services/corporate-finance/; https://hartleyfowler.com/,90,hartleyfowler-com
Haslers,https://www.haslers.com,Accountancy firm CF team,,Loughton,East of England,Loughton,local,East of England; London,,,0.1,2.0,0.5,10,estimate,,True,sell_side; buy_side; mbo; fundraising; debt_advisory; due_diligence; valuations,Education; Construction & Property; Charity & Public Sector; Healthcare; Generalist,,advice@haslers.com,020 8418 3333,https://www.haslers.com/services/corporate-finance,https://www.haslers.com,https://www.linkedin.com/company/439856,Essex accountancy firm offering corporate finance services alongside transaction tax planning for owner-managed businesses.,,OC369448,Active,https://www.haslers.com/; https://www.haslers.com/services/corporate-finance,90,haslers-com
Hawsons,https://www.hawsons.co.uk,Accountancy firm CF team,HLB International,Sheffield,Yorkshire and the Humber,Sheffield; Doncaster; Northampton,regional,Yorkshire and the Humber; East Midlands,6,team_page,0.2,3.0,1,15,estimate,,True,sell_side; buy_side; mbo; fundraising; debt_advisory; due_diligence; valuations,Generalist,,sheffield@hawsons.co.uk,0114 266 7141,https://www.hawsons.co.uk/corporate-finance/,https://www.hawsons.co.uk/free-consultation/,https://www.linkedin.com/company/hawsons-chartered-accountants,"Sheffield, Doncaster and Northampton accountancy firm with a dedicated six-person corporate finance team advising on acquisitions, disposals, MBOs/MBIs, EOTs and funding.",,02645865,Active,https://www.hawsons.co.uk/; https://www.hawsons.co.uk/corporate-finance/,100,hawsons-co-uk
Haysmacintyre,https://haysmac.com,Accountancy firm CF team,MGI Worldwide,London,London,London,regional,London; South East,,,2.0,20.0,10,100,stated,Our M&A work typically focuses on companies with enterprise values between £10m and £100m,True,sell_side; buy_side; mbo; fundraising; debt_advisory; due_diligence; valuations,Technology & Software; Media & Marketing; Financial Services; Leisure & Hospitality; Consumer & Retail; Life Sciences; Education; Charity & Public Sector,,contact@haysmac.com,020 7969 5500,https://haysmac.com/services/green-square-corporate-finance/,https://haysmac.com/contact/,https://www.linkedin.com/company/haysmac/,"London accountancy firm (HaysMac) whose corporate finance arm trades as Green Square Corporate Finance, advising entrepreneurial and private-equity-backed businesses on M&A and fundraising, alongside a deal advisory team.",,15820193,Active,https://haysmac.com/; https://haysmac.com/services/green-square-corporate-finance/; https://haysmac.com/services/deal-advisory/; https://haysmac.com/contact/,90,haysmac-com
Hazlewoods,https://www.hazlewoods.co.uk,Accountancy firm CF team,,Cheltenham,South West,Cheltenham; Bristol; Cardiff,national,London; South East; South West; East of England; East Midlands; West Midlands; Yorkshire and the Humber; North West; North East; Scotland; Wales; Northern Ireland,50,stated,0.1,4.0,0.5,20,deals,"1,421 completed deals totalling £1.3bn in value",True,sell_side; buy_side; mbo; fundraising; debt_advisory; due_diligence; valuations,Healthcare; Dental & Veterinary; Pharmacy; Care; Education; Technology & Software; Construction & Property; Professional Services; Food & Beverage,"High-volume healthcare deals (dental, pharmacy, GP, care) and legal practices",enquiries@hazlewoods.co.uk,01242 680000,https://www.hazlewoods.co.uk/expertise/business-accountants/corporate-finance-deals/,https://www.hazlewoods.co.uk/contact-us/,https://www.linkedin.com/company/hazlewoods/,"Gloucestershire accountancy firm with a 50+ strong corporate finance and deals team, ranked a top-5 UK financial adviser by deal volume (Experian), strong in healthcare, care and professional practice deals.",,OC311817,Active,https://www.hazlewoods.co.uk/; https://www.hazlewoods.co.uk/expertise/business-accountants/corporate-finance-deals/,100,hazlewoods-co-uk
HCA Corporate Finance,https://hca.group/hca-corporate-finance,Accountancy firm CF team,The HCA Group,Belfast,Northern Ireland,Belfast,regional,Northern Ireland,,,0.2,4.0,1,20,estimate,,True,sell_side; buy_side; due_diligence; valuations,Generalist,,,,https://hca.group/team,https://hca.group/#contact,https://www.linkedin.com/company/8902204,"Northern Ireland M&A and deal advisory practice of the HCA Group (accountants), led by Iain Lundie; NI Dealmaker Firm of the Year 2020 and shortlisted for NI Dealmakers 2026 corporate finance and transaction services awards.",,NI617889,Active,https://hca.group/hca-corporate-finance; https://www.insidermedia.com/event/northern-ireland-dealmakers-awards-2025/shortlist,90,hca-group-hca-corporate-finance
Headpoint Advisors,https://www.headpointadvisors.com,Independent boutique,,Solihull,West Midlands,Solihull; Reading; London,national,London; South East; South West; East of England; East Midlands; West Midlands; Yorkshire and the Humber; North West; North East; Scotland; Wales; Northern Ireland,10,team_page,2.0,40.0,10,200,stated,typically working on deal values in the £10m to £200m range,True,sell_side; buy_side; mbo; fundraising; valuations,Technology & Software; Industrials & Manufacturing; Business Services; Healthcare; Consumer & Retail,,info@headpointadvisors.com,0845 544 0500,https://www.headpointadvisors.com/team,https://www.headpointadvisors.com/specialist-corporate-finance-advice-contact,,"Partner-led corporate finance boutique with offices in Birmingham/Solihull, Reading and London advising owners of SMEs on company sales, MBOs and acquisitions (e.g. Argus Fire's £38m sale to Mitie).",,,,https://www.headpointadvisors.com/; https://www.headpointadvisors.com/team,100,headpointadvisors-com
Healthcare Plus Consulting,https://healthcareplusconsulting.co.uk,Sector specialist,,Coventry,West Midlands,Coventry,national,London; South East; South West; East of England; East Midlands; West Midlands; Yorkshire and the Humber; North West; North East; Scotland; Wales; Northern Ireland,3,team_page,0.06,0.6,0.3,3,estimate,,True,sell_side; buy_side; valuations,Pharmacy,"Pharmacy sales and acquisitions plus NHS regulatory applications (change of ownership, relocations).",,024 7509 7930,https://healthcareplusconsulting.co.uk/about-us/,https://healthcareplusconsulting.co.uk/contact-us/,https://www.linkedin.com/company/healthcare-plus-consulting/,"Coventry-based pharmacy broker and regulatory consultant handling pharmacy sales, acquisitions, valuations and NHS change-of-ownership applications UK-wide; publishes a sold list.",,11837155,Active,https://healthcareplusconsulting.co.uk/; https://healthcareplusconsulting.co.uk/our-services/pharmacy-sales/; https://healthcareplusconsulting.co.uk/about-us/,100,healthcareplusconsulting-co-uk
Heligan Group,https://heligangroup.com,Independent boutique,,Birmingham,West Midlands,Birmingham; London,national,London; South East; South West; East of England; East Midlands; West Midlands; Yorkshire and the Humber; North West; North East; Scotland; Wales; Northern Ireland,22,team_page,1.0,20.0,5,100,estimate,partner-led mid-market M&A advisory; 15+ completions per annum,True,sell_side; buy_side; mbo; fundraising; debt_advisory,Technology & Software; Healthcare; Financial Services; Construction & Property; Industrials & Manufacturing,"Focus sectors: security technology, healthcare, IFAs/wealth, real estate, infrastructure, industrial products & services",info@heligangroup.com,0121 820 5223,https://heligangroup.com/our-team,https://heligangroup.com/contact,https://www.linkedin.com/company/heligan-group-llp./,"Birmingham-headquartered advisory group (Heligan Corporate Finance LLP) offering partner-led mid-market M&A, debt advisory and PE support alongside investment and wealth arms; also London office.",,,,https://heligangroup.com/; https://heligangroup.com/our-team,100,heligangroup-com
Helion Partners,https://helionpartners.com,Sector specialist,,London,London,London,international,London; South East; South West; East of England; East Midlands; West Midlands; Yorkshire and the Humber; North West; North East; Scotland; Wales; Northern Ireland,6,team_page,0.6,10.0,3,50,estimate,Our team have closed over 50 deals valued at more than £1bn,True,sell_side; buy_side; fundraising,Media & Marketing; Technology & Software,,,+44 20 7856 0370,https://helionpartners.com/team,https://helionpartners.com/contact,https://www.linkedin.com/company/helion-partners/,"UK M&A advisory firm focused on media (TV production, children's IP, advertising, marketing, creative services) and technology; team has closed 50+ deals worth over £1bn.",,OC414143,Active,https://helionpartners.com/; https://helionpartners.com/team,100,helionpartners-com
Henderson Loggie,https://hlca.co.uk,Accountancy firm CF team,,Dundee,Scotland,Dundee; Aberdeen; Edinburgh; Glasgow,regional,Scotland,4,team_page,0.2,4.0,1,20,estimate,,True,sell_side; buy_side; mbo; fundraising; valuations; due_diligence,Generalist; Technology & Software; Industrials & Manufacturing,,info@hlca.co.uk,01382 200055,https://hlca.co.uk/services/corporate-finance/,https://hlca.co.uk/contact/,https://www.linkedin.com/company/hendersonloggie,"Scottish chartered accountants with a Corporate Finance Advisory team (led by partner Rod Mathers) advising owners, management teams and investors on buying and selling businesses and raising capital.",,SO301630,Active,https://hlca.co.uk/services/corporate-finance/; https://hlca.co.uk/,100,hlca-co-uk
Henry Schein Dental Practice Sales,https://hsdpracticesales.co.uk,Sector specialist,Henry Schein,Derby,East Midlands,Derby,national,London; South East; South West; East of England; East Midlands; West Midlands; Yorkshire and the Humber; North West; North East; Scotland; Wales; Northern Ireland,,,0.06,0.6,0.3,3,estimate,"marketed £640m worth of practices; valued 2,600+ practices since 2020",True,sell_side; valuations,Dental & Veterinary; Healthcare,Dental practice sales and valuations (formerly MediEstates).,contact@hsdpracticesales.co.uk,01332 609318,https://hsdpracticesales.co.uk/team/,https://hsdpracticesales.co.uk/contact/,https://www.linkedin.com/company/hsdpracticesales,"Dental practice sales agent and valuer (formerly MediEstates, now part of Henry Schein) based in Derby; has valued 2,600+ practices since 2020 and marketed £640m of practices.",,,,https://hsdpracticesales.co.uk/; https://hsdpracticesales.co.uk/team/,90,hsdpracticesales-co-uk
Hentons,https://www.hentons.com,Accountancy firm CF team,,Leeds,Yorkshire and the Humber,Leeds; Nottingham,regional,Yorkshire and the Humber; East Midlands,,,0.2,3.0,1,15,estimate,,True,sell_side; buy_side,Generalist; Professional Services; Technology & Software,,,,,,,"Leeds chartered accountants whose Hentons Corporate Finance team advises shareholders on sales and acquisitions (e.g. Armour Communications to Pentenamio, JE Bennett Law to Fletchers Group).",,,,https://www.hentons.com/,80,hentons-com
Highstead Partners,https://highsteadpartners.co.uk,Sector specialist,,London,London,London,international,London,8,estimate,5.0,50.0,25,250,stated,enterprise value typically of £25m to £250m; typical deal size starts at £25m,False,sell_side; buy_side; fundraising,Consumer & Retail; Media & Marketing,"Consumer brands, retail, digital media",info@highsteadpartners.co.uk,+44 20 3838 9190,https://highsteadpartners.co.uk/clients/,https://highsteadpartners.co.uk/contact/,https://www.linkedin.com/company/highstead-partners-limited/,Golden Square-based corporate finance boutique working with founders and investors in consumer brands and media on sales and investment.,,,,https://highsteadpartners.co.uk/; https://highsteadpartners.co.uk/contact/; https://firmbase.co/resources/industry-lists/boutique-m-and-a-companies-in-the-uk-london; https://highsteadpartners.co.uk/approach/,100,highsteadpartners-co-uk
Hill Vellacott,https://hillvellacott.com,Accountancy firm CF team,,Belfast,Northern Ireland,Belfast,regional,Northern Ireland,,,0.2,4.0,1,20,estimate,,True,sell_side; buy_side; due_diligence; valuations,Generalist; Professional Services; Consumer & Retail; Industrials & Manufacturing,,mail@hillvellacott.com,028 9044 2000,https://hillvellacott.com/our-people,https://hillvellacott.com/contact,https://www.linkedin.com/company/hill-vellacott-chartered-accountants/,Belfast chartered accountants whose advisory practice includes corporate finance and transaction services (partner Eoin McMullan); ranked in Experian's Northern Ireland financial adviser top ten in 2024.,,NC000515,Active,https://hillvellacott.com/services; https://hillvellacott.com/our-people; https://hillvellacott.com/contact; https://www.experian.co.uk/content/dam/marketing/uki/uk/en/pdf/MarketIQ-Report-FY-2024.pdf; https://hillvellacott.com/; https://www.experian.co.uk/content/dam/marketing/uki/uk/en/pdf/MA-Full-year-report-2025-V3.pdf,90,hillvellacott-com
Hilton Smythe,https://hiltonsmythe.com,Business broker,,Manchester,North West,Manchester,national,London; South East; South West; East of England; East Midlands; West Midlands; Yorkshire and the Humber; North West; North East; Scotland; Wales; Northern Ireland,,,0.2,4.0,1,20,stated,deals in the £1m to £20m range,True,sell_side; buy_side; valuations; debt_advisory,Generalist,,enquiries@hiltonsmythe.com,0161 672 5060,,https://hiltonsmythe.com/contact/,https://www.linkedin.com/company/hilton-smythe,"Manchester-based corporate finance and exit advisory firm (founded 2011) selling owner-managed SMEs nationally, also offering valuations and commercial finance.",,07514489,Active,https://hiltonsmythe.com/; https://hiltonsmythe.com/about-us/,90,hiltonsmythe-com
Hines Associates,https://www.hinesassociates.com,Sector specialist,,London,London,London,international,London; South East; South West; East of England; East Midlands; West Midlands; Yorkshire and the Humber; North West; North East; Scotland; Wales; Northern Ireland,15,team_page,2.0,50.0,10,250,estimate,,True,sell_side; buy_side; fundraising; valuations,Financial Services,"Financial institutions only: banking, insurance, wealth and asset management, distribution, fintech; London and Paris offices.",info@hinesassociates.com,+44 7711 416747,https://www.hinesassociates.com/the-team/,https://www.hinesassociates.com/contact-us/,,"FCA-authorised corporate finance boutique founded in 2002 by ex-Citigroup MD Richard Hines, advising financial services businesses on M&A, capital raising and strategy; advised Valeas Capital Partners on its investment in My Pension Expert.",,04593960,Active,https://www.hinesassociates.com; https://www.hinesassociates.com/contact-us/; https://www.hinesassociates.com/the-team/; https://www.thebusinessdesk.com/yorkshire/news/2158907-people-hill-dickinson-the-private-office-circus-ppc-and-more,100,hinesassociates-com
HMT,https://www.hmtllp.com,Independent boutique,,Henley-on-Thames,South East,Henley-on-Thames; London,national,London; South East; South West; East of England; East Midlands; West Midlands; Yorkshire and the Humber; North West; North East; Scotland; Wales; Northern Ireland,18,team_page,1.0,20.0,5,100,estimate,,True,sell_side; buy_side; mbo; fundraising; due_diligence,Business Services; Technology & Software; Automotive; Industrials & Manufacturing; Media & Marketing,,hmt@hmtllp.com,+44 (0)1491 579740,https://www.hmtllp.com/team/,https://www.hmtllp.com/contact-us/,https://www.linkedin.com/company/hmt-llp,"Independent corporate finance adviser since 1992 with offices in Henley-on-Thames and London, leading disposals, PE-backed MBOs, acquisitions and development capital raises for entrepreneurial businesses.",,,,https://www.hmtllp.com/; https://www.hmtllp.com/team/; https://www.hmtllp.com/contact-us/; https://www.icaew.com/technical/corporate-finance/corporate-finance-faculty/member-firms/hmt,100,hmtllp-com
HNH Partners,https://www.hnhpartners.co.uk,Independent boutique,,Belfast,Northern Ireland,Belfast; Edinburgh,regional,Northern Ireland; Scotland,20,estimate,0.4,10.0,2,50,estimate,29 staff; over 215 M&A transactions; particular emphasis on advising SMEs and entrepreneurs,True,sell_side; buy_side; mbo; fundraising; debt_advisory; due_diligence; valuations,Energy & Renewables; Food & Beverage; Technology & Software; Generalist,"Climate focus team (renewables, circular economy); Scottish food & drink; technology M&A team.",info@hnhpartners.co.uk,028 9027 8100,https://www.hnhpartners.co.uk/about/team,https://www.hnhpartners.co.uk/contact,https://www.linkedin.com/company/hnhgroup,"Independent specialist deal adviser with offices in Belfast and Edinburgh (opened 2019); regularly tops Experian NI league tables; M&A, transaction services, debt and tax for SMEs.",,NI617641,Active,https://www.hnhpartners.co.uk; https://www.hnhpartners.co.uk/about/team; https://www.newsletter.co.uk/business/experian-market-iq-names-the-top-10-firms-leading-northern-irelands-ma-landscape-as-deal-values-soar-to-ps138bn-5406553,100,hnhpartners-co-uk
Hoare Worth,https://www.hoareworth.com,Business broker,,London,London,London,national,London; South East; South West; East of England; East Midlands; West Midlands; Yorkshire and the Humber; North West; North East; Scotland; Wales; Northern Ireland,,,0.2,4.0,1,20,estimate,close controlled or family companies with an annual turnover of £1M to £50M,True,sell_side; buy_side,Generalist,,june.finnigan@hoareworth.com,+44(0)20 3239 2877,,https://www.hoareworth.com/contact-us.php,,"London-based adviser (est. 1985) acting for owners of close-controlled and family companies with £1m-£50m turnover on disposals and acquisitions, with an office in Italy.",,,,https://www.hoareworth.com/; https://www.hoareworth.com/about-us.php; https://www.hoareworth.com/contact-us.php,90,hoareworth-com
Horizon (Horizon TAS),https://www.horizontas.co.uk,Independent boutique,,,,,regional,West Midlands,2,team_page,0.05,1.0,0.25,5,stated,"small businesses valued between £250,000 and £5 million",True,sell_side; buy_side; valuations; due_diligence,Generalist; Engineering,Owner-managed small businesses; acted on H2M Engineering's acquisition of Accurate Grinding (aerospace precision engineering) in 2025.,hello@horizontas.co.uk,,https://www.horizontas.co.uk/about-us,https://www.horizontas.co.uk/contact,,"Small-business corporate finance practice run by chartered accountants Greg Philp FCA (ex-Birmingham deal adviser) and Holly Andrews FCCA, selling, valuing and buying owner-managed businesses worth up to about £5m. Based in the Midlands (HQ town not stated on site).",,14213154,Active,https://www.horizontas.co.uk/; https://www.horizontas.co.uk/about-us; https://www.horizontas.co.uk/contact; https://www.insidermedia.com/news/midlands/precision-engineering-firm-which-supports-the-aerospace-industry-acquires-one-of-its-main-suppliers,80,horizontas-co-uk
Hornblower Business Brokers,https://hornblower-businesses.co.uk,Business broker,,London,London,London; Nottingham; Bristol,national,London; South East; South West; East of England; East Midlands; West Midlands; Yorkshire and the Humber; North West; North East; Scotland; Wales; Northern Ireland,,,0.2,2.0,1,10,deals,recent sales of businesses with turnover c.£0.5m-£10m,True,sell_side; buy_side; mbo; valuations,Engineering; Technology & Software; Business Services,"Focus on engineering, technology and B2B services",ask@hornblower-businesses.co.uk,+44 (0) 20 8090 9380,https://hornblower-businesses.co.uk/meet-the-team/,https://hornblower-businesses.co.uk/contact-hornblower-businesses/,https://www.linkedin.com/company/hornblower-business-brokers-ltd,"Business broker selling owner-managed engineering, technology and B2B service companies, with offices in London, Nottingham and Bristol (plus Dublin and Frankfurt).",,,,https://hornblower-businesses.co.uk/; https://hornblower-businesses.co.uk/about-us/,90,hornblower-businesses-co-uk
Houlihan Lokey,https://hl.com,Investment bank / broker,,Los Angeles,International,London; Manchester,international,London; South East; South West; East of England; East Midlands; West Midlands; Yorkshire and the Humber; North West; North East; Scotland; Wales; Northern Ireland,,,10.0,400.0,50,2000,estimate,,False,sell_side; buy_side; debt_advisory; restructuring; valuations,Generalist,,,,,,,Global investment bank and leading mid-market M&A adviser; UK team in London and Manchester (incl. former GCA Altium) advising corporates and private equity.,,,,https://www.hl.com/,80,hl-com
Humberstones,https://www.humberstones.co.uk,Business broker,,Bristol,South West,Bristol,national,London; South East; South West; East of England; East Midlands; West Midlands; Yorkshire and the Humber; North West; North East; Scotland; Wales; Northern Ireland,,,0.01,0.4,0.05,2,estimate,,False,sell_side; valuations,Consumer & Retail; Leisure & Hospitality,"Business transfer agent for small owner-run businesses (convenience stores, post offices, retail and leisure); trading partner of the National Federation of Sub Postmasters.",info@humberstones.co.uk,01275 377880,,https://www.humberstones.co.uk/contact-us/,,"Business transfer agent established in 1937, headquartered at Portbury near Bristol, valuing and selling small owner-managed businesses nationally through regional contact lines (Midlands, East Anglia, South, Scotland, Devon & Cornwall, Wales).",,01002676,Active,https://www.humberstones.co.uk/; https://www.humberstones.co.uk/about/; https://www.humberstones.co.uk/contact-us/,90,humberstones-co-uk
Hunter Gee Holroyd,https://huntergeeholroyd.co.uk,Accountancy firm CF team,,York,Yorkshire and the Humber,York; Easingwold; Filey,regional,Yorkshire and the Humber,1,team_page,0.1,2.0,0.5,10,estimate,,True,sell_side; buy_side; fundraising,Generalist,,mark.grewer@hghyork.co.uk,01904 655202,https://huntergeeholroyd.co.uk/our-team/,https://huntergeeholroyd.co.uk/contact-us/,https://www.linkedin.com/company/hunter-gee-holroyd,"North Yorkshire accountancy firm (HGH) and member of The Corporate Finance Network; corporate finance led by Mark Grewer covering business sales (e.g. 100% share disposals), acquisitions and finance raising.",,02218208,Active,https://huntergeeholroyd.co.uk/our-services/corporate-finance/; https://www.thecfn.org.uk/about-us/; https://www.thecfn.org.uk/hgh-successfully-drives-a-100-share-sale/; https://huntergeeholroyd.co.uk/,100,huntergeeholroyd-co-uk
Hurdley & Co,https://www.hurdleyandco.co.uk,Business broker,,Solihull,West Midlands,Solihull,regional,West Midlands,,,0.01,0.6,0.05,3,estimate,,True,sell_side; valuations,Care; Education; Leisure & Hospitality; Consumer & Retail,"Sells care and nursing homes, day nurseries, hotels and guest houses, post offices, convenience stores, restaurants and other owner-managed businesses.",info@hurdleyandco.co.uk,01564 739797,,https://www.hurdleyandco.co.uk/contactus.htm,,"Knowle (Solihull) commercial property agents and business sales specialists established 1954, selling care homes, nurseries, hotels and retail businesses across the West Midlands.",,,,https://www.hurdleyandco.co.uk/; https://www.hurdleyandco.co.uk/contactus.htm,90,hurdleyandco-co-uk
Hurst,https://www.hurst.co.uk,Accountancy firm CF team,Dains,Stockport,North West,Stockport; Manchester,regional,North West,,,0.2,6.0,1,30,estimate,,True,sell_side; buy_side; mbo; fundraising; debt_advisory; due_diligence; valuations,Generalist,,imagine@hurst.co.uk,0161 477 2474,https://www.hurst.co.uk/services/corporate-finance,https://www.hurst.co.uk/contact,https://www.linkedin.com/company/hurst,"Greater Manchester accountancy firm, now part of Dains Group, with a long-established corporate finance team advising North West owner-managed businesses on sales, MBOs and acquisitions.",,,,https://www.hurst.co.uk/; https://www.hurst.co.uk/services/corporate-finance,90,hurst-co-uk
Hutchings Consultants,https://hutchings-pharmacy-sales.com,Business broker,,High Wycombe,South East,High Wycombe,national,London; South East; South West; East of England; East Midlands; West Midlands; Yorkshire and the Humber; North West; North East; Scotland; Wales; Northern Ireland,8,team_page,0.04,2.0,0.2,10,estimate,,True,sell_side; buy_side; valuations,Pharmacy,Community pharmacies only,andy@hutchingsconsultants.com,01494 722 224,https://hutchings-pharmacy-sales.com/about-us,https://hutchings-pharmacy-sales.com/contact-us,https://www.linkedin.com/company/hutchings-consultants-limited/,"Pharmacy sales and valuation specialist, described as the UK's largest independent pharmacy sales agency; deals exclusively with community pharmacies.",,,,https://hutchings-pharmacy-sales.com/; https://hutchings-pharmacy-sales.com/about-us,100,hutchings-pharmacy-sales-com
HVS,https://hvs.com,Sector specialist,,New York,International,London,international,London; South East; South West; East of England; East Midlands; West Midlands; Yorkshire and the Humber; North West; North East; Scotland; Wales; Northern Ireland,,,1.0,100.0,5,500,estimate,,True,sell_side; buy_side; valuations; debt_advisory,Leisure & Hospitality,Hotels and hospitality real estate,,,,https://hvs.com/contact/,https://www.linkedin.com/company/14413/,"Global hospitality consulting, valuation and hotel brokerage/investment advisory firm with a London office advising on hotel transactions.",,,,https://hvs.com/,90,hvs-com
HW Fisher,https://hwfisher.co.uk,Accountancy firm CF team,Sumer,London,London,London; Watford,regional,London; South East,,,0.2,5.0,1,25,estimate,,True,sell_side; buy_side; mbo; fundraising; debt_advisory; due_diligence; valuations,Generalist,,info@hwfisher.co.uk,+44 (0)20 7388 7000,https://hwfisher.co.uk/services/corporate-finance-and-transaction-services/,https://www.hwfisher.co.uk/contact-us-london/,https://www.linkedin.com/company/hw-fisher-&-company/,"London accountancy firm (part of Sumer Group) with a corporate finance and transaction services team advising entrepreneurial businesses on sales, acquisitions and fundraising.",,,,https://hwfisher.co.uk/; https://hwfisher.co.uk/services/corporate-finance-and-transaction-services/,90,hwfisher-co-uk
Hybridan,https://www.hybridan.com,Investment bank / broker,,London,London,London,national,London; South East; South West; East of England; East Midlands; West Midlands; Yorkshire and the Humber; North West; North East; Scotland; Wales; Northern Ireland,,,1.0,20.0,5,100,estimate,,True,ecm; fundraising,Generalist,"Small-cap broker and adviser: corporate finance, corporate broking and research for UK-listed small and mid caps; AQSE corporate adviser and broker, AIM broker.",enquiries@hybridan.com,+44 (0)203 764 2341,https://hybridan.com/about/,,,"London small-cap corporate broker and adviser (FCA FRN 464113, LSE member) providing corporate finance, broking and research to AIM and AQSE companies.",,,,https://www.hybridan.com/,90,hybridan-com
Hyde House Business Brokers,https://www.hydehousebusinessbrokers.co.uk,Business broker,,Northampton,East Midlands,Northampton,national,London; South East; South West; East of England; East Midlands; West Midlands; Yorkshire and the Humber; North West; North East; Scotland; Wales; Northern Ireland,2,team_page,0.1,2.0,0.5,10,estimate,,True,sell_side; buy_side; mbo; valuations,Industrials & Manufacturing; Engineering; Transport & Logistics; Technology & Software; Distribution & Wholesale,"Generalist broker with sector pages for engineering, logistics, rental, wholesale, printing, manufacturing, software, IT, EPOS, fire & security, care homes and food manufacturing",info@hyde-house.co.uk,07725644913,,https://www.hydehousebusinessbrokers.co.uk/contact-us,,"Northampton-based business broker and corporate finance adviser (trading name of Barosh LLP, partners Barry and Ross Parsons) handling sales, acquisitions and MBO/MBIs of owner-managed businesses; the site has location pages for London, Milton Keynes and Birmingham but the only published address is near Northampton.",,,,https://www.hydehousebusinessbrokers.co.uk/; https://www.hydehousebusinessbrokers.co.uk/contact-us,100,hydehousebusinessbrokers-co-uk
Hyndland Partners,https://hyndlandpartners.com,Independent boutique,,London,London,London,international,London; South East; South West; East of England; East Midlands; West Midlands; Yorkshire and the Humber; North West; North East; Scotland; Wales; Northern Ireland,,,2.0,20.0,10,100,stated,transactions from £10m–£100m (Bright Network employer profile),True,sell_side; buy_side; fundraising; debt_advisory,Generalist,,info@hyndlandpartners.com,+44 (0)20 8242 1914,https://hyndlandpartners.com/about-us/partners/,https://hyndlandpartners.com/contact-us/,https://www.linkedin.com/company/hyndland-partners/,"Partner-led M&A advisory boutique (Glasgow origins, now London Brook Street address; also Singapore/New York coverage) advising owner-managed businesses, corporates and sponsors on M&A, growth capital and debt.",,,,https://hyndlandpartners.com; https://hyndlandpartners.com/contact-us/; https://www.brightnetwork.co.uk/graduate-employer-company/hyndland-partners,90,hyndlandpartners-com
IBA Corporate,https://ibacorporate.com,Business broker,,Leamington Spa,West Midlands,Leamington Spa,national,London; South East; South West; East of England; East Midlands; West Midlands; Yorkshire and the Humber; North West; North East; Scotland; Wales; Northern Ireland,,,0.1,2.0,0.5,10,estimate,sellers of all types of business with £1m+ annual turnover,True,sell_side; buy_side; valuations; due_diligence,Generalist,,,0800 368 9681,,https://ibacorporate.com,,"Leamington Spa business sale adviser selling UK companies with £1m+ turnover to a national and international buyer database, with a deal progression team through due diligence to completion.",,,,https://ibacorporate.com; https://www.ibacorporate.com/; https://find-and-update.company-information.service.gov.uk/company/11659120/filing-history; https://find-and-update.company-information.service.gov.uk/company/12753346,90,ibacorporate-com
ICON Corporate Finance,https://www.iconcorpfin.com,Sector specialist,,London,London,London; Bristol,international,London; South East; South West; East of England; East Midlands; West Midlands; Yorkshire and the Humber; North West; North East; Scotland; Wales; Northern Ireland,,,1.0,20.0,5,100,estimate,,True,sell_side; buy_side; fundraising,Technology & Software; Energy & Renewables,"Software, tech-enabled services & IT infrastructure, AI & DataTech, industrial & climate tech",info@iconcorpfin.com,,https://www.iconcorpfin.com/team/,https://www.iconcorpfin.com/contact/,https://www.linkedin.com/company/icon-corporate-finance/,"M&A and capital raising adviser to tech companies (software, tech-enabled services, AI/data, industrial/climate tech); 300+ transactions.",,03714426,Active,https://www.iconcorpfin.com/; https://www.iconcorpfin.com/about/; https://www.iconcorpfin.com/contact/,90,iconcorpfin-com
IDCM,https://idcm.eu,Sector specialist,,London,London,London,international,London,,,4.0,100.0,20,500,deals,"Published deals e.g. €70m PV portfolio acquisition, £100m BESS debt raise",False,debt_advisory; sell_side; buy_side,Energy & Renewables; Telecoms,"Infrastructure: renewable and flexible energy, social and digital infrastructure",,+44 (0)20 3542 3920,https://idcm.eu/our-team/,https://idcm.eu/contact-us/,https://www.linkedin.com/company/idcmlimited/,Infrastructure-focused independent corporate finance specialist (debt and M&A) based in Marylebone with offices in Amsterdam and Paris.,,09101952,Active,https://idcm.eu/; https://idcm.eu/contact-us/; https://idcm.eu/transactions/,90,idcm-eu
Ideal Exit,https://idealexit.com,Business broker,,,,,national,London; South East; South West; East of England; East Midlands; West Midlands; Yorkshire and the Humber; North West; North East; Scotland; Wales; Northern Ireland,3,team_page,0.1,3.0,0.5,15,estimate,UK business owners · £1M to £30M turnover,True,sell_side,Generalist,,,,,https://idealexit.com/contact,,UK M&A advisory start-up finding buyers for businesses with £1m-£30m turnover on a success-fee-only (zero retainer) model.,,,,https://idealexit.com/; https://idealexit.com/about,80,idealexit-com
IDEX Consulting,https://www.idexconsulting.com,Sector specialist,,London,London,London,national,London; South East; South West; East of England; East Midlands; West Midlands; Yorkshire and the Humber; North West; North East; Scotland; Wales; Northern Ireland,3,team_page,,,,,,introduced clients to over £750 million GWP of opportunity and added over £100 million of value to firms,,sell_side; buy_side; valuations,Financial Services,"Insurance and financial services specialist (recruitment consultancy with an M&A arm launched for brokers and MGAs); buy-side and sell-side for insurance broking businesses, e.g. sourcing broker acquisitions for Clear Insurance Management",contact@idexconsulting.com,0333 700 4339,https://www.idexconsulting.com/m-and-a,https://www.idexconsulting.com/contact-us,https://www.linkedin.com/company/idex-consulting-ltd,"Insurance and financial services recruitment and business-growth consultancy whose M&A team (David Carr, Colin McKenna, James Salmon) advises insurance brokers, MGAs and PE on acquisitions and exits; the London address is its head office (the other UK offices listed are recruitment offices).",,,,https://www.idexconsulting.com/m-and-a; https://www.idexconsulting.com/contact-us; https://www.reinsurancene.ws/idex-consulting-launches-ma-advisory-service-for-brokers-and-mgas/,90,idexconsulting-com
IFA Acquisitions,https://ifa-acquisitions.co.uk,Business broker,Premier Jobs UK,Calne,South West,Calne,national,London; South East; South West; East of England; East Midlands; West Midlands; Yorkshire and the Humber; North West; North East; Scotland; Wales; Northern Ireland,,,0.02,2.0,0.1,10,estimate,,True,sell_side; buy_side; valuations,Financial Services,Sale and purchase of IFA / financial planning businesses and client banks; 250+ acquirers on its books,,0208 0044 162,https://www.ifa-acquisitions.co.uk/ifa-acquisitions-team/,https://ifa-acquisitions.co.uk/contact-us,,"Wiltshire-based IFA broker, part of Premier Jobs UK, brokering the sale of IFA and financial planning businesses from sole traders to multi-million-pound firms.",,10778007,Active,https://ifa-acquisitions.co.uk; https://ifa-acquisitions.co.uk/contact-us; https://www.ifa-acquisitions.co.uk/ifa-acquisitions-team/,90,ifa-acquisitions-co-uk
Ikarus Capital,https://www.ikaruscapital.com,Sector specialist,,Richmond,London,Richmond,international,London,,,4.0,30.0,20,150,estimate,"'50+ transactions' with 'combined transaction value in excess of €3.5bn'; e.g. €100m convertible bond for 600MW UK PV+BESS (2026), sale of 75MWp UK solar project (2025), sale of 120MWp German solar project (2023)",False,sell_side; buy_side; debt_advisory; fundraising,Energy & Renewables,"Renewables and clean power only (solar PV, BESS, wind) across Europe and emerging markets; M&A, project finance, refinancing, equity raising",,+44 20 3846 6322,,https://www.ikaruscapital.com/contact,https://www.linkedin.com/company/ikarus-capital/,"Richmond (London) based M&A, financing and strategic advisory boutique founded in 2011, dedicated to renewables and clean power: sales of solar/wind projects and portfolios, project finance and refinancing across Europe and emerging markets.",,,,https://www.ikaruscapital.com/; https://www.ikaruscapital.com/transactions; https://www.ikaruscapital.com/our-difference; https://find-and-update.company-information.service.gov.uk/company/10030004,90,ikaruscapital-com
IMAP UK,https://www.imap.com,Investment bank / broker,IMAP,London,London,London,national,London; South East; South West; East of England; East Midlands; West Midlands; Yorkshire and the Humber; North West; North East; Scotland; Wales; Northern Ireland,,,2.0,30.0,10,150,estimate,,True,sell_side; buy_side; debt_advisory; fundraising,Generalist,,info@imap.com,,,https://www.imap.com/en/contact,,"UK member of the IMAP global mid-market M&A partnership, offering M&A, debt advisory and equity advice to UK lower mid-market owner-managed businesses.",,,,https://www.imap.com/en; https://imap.com/en/news/2023/imap-uk-appoints-graham-cooke-as-partner-and-head-of-uk-debt-advisory~n,90,imap-com
Imperium Corporate Finance,https://www.imperiumcf.com,Independent boutique,,Angmering,South East,Angmering,national,London; South East; South West; East of England; East Midlands; West Midlands; Yorkshire and the Humber; North West; North East; Scotland; Wales; Northern Ireland,2,team_page,0.4,6.0,2,30,estimate,,True,sell_side; buy_side,Generalist,Also provides interim CEO/CFO and non-executive support,simon@imperiumcf.com,+44 7973 908330,https://www.imperiumcf.com/team,https://www.imperiumcf.com/contact,,"West Sussex M&A adviser founded in 2009, offering senior-led sale, acquisition and buy-and-build advice plus interim executive support.",,,,https://www.imperiumcf.com/; https://www.imperiumcf.com/team; https://www.imperiumcf.com/contact,100,imperiumcf-com
IMPROVED Corporate Finance,https://improvedcf.com,Sector specialist,,Amsterdam,International,London,international,London,,,1.0,20.0,5,100,estimate,,True,sell_side; buy_side; fundraising,Energy & Renewables; Transport & Logistics; Technology & Software,"Technology, energy and mobility (EV charging, energy software) M&A and private placements",info@improvedcf.com,+31 (0)20 792 0006,https://improvedcf.com/team/,https://improvedcf.com/contact/,https://www.linkedin.com/company/improved-corporate-finance,Amsterdam-headquartered technology/energy/mobility investment banking boutique with a London office (IMPROVED Corporate Finance UK Ltd); deals include sales to Siemens Energy and Dow Jones.,,,,https://improvedcf.com; https://improvedcf.com/contact/,90,improvedcf-com
Independence Exits,https://independenceexits.co.uk,Independent boutique,Independence Capital,,,,national,London; South East; South West; East of England; East Midlands; West Midlands; Yorkshire and the Humber; North West; North East; Scotland; Wales; Northern Ireland,,,0.2,4.0,1,20,estimate,"Privately-owned £2m to £50m turnover, UK-based, any sector",True,sell_side; due_diligence,Generalist,,,,,https://independenceexits.co.uk/contact,,"Sell-side M&A adviser to UK SME owner-managers (£2m-£50m turnover), part of the Independence Capital buy-and-build investor/adviser group; does not act for private equity or corporates.",,,,https://independenceexits.co.uk; https://independenceexits.co.uk/who-do-we-help; https://independenceexits.co.uk/the-independence-story,70,independenceexits-co-uk
Independent Businesses For Sale,https://www.independentbusinessesforsale.com,Business broker,Business Transfer Group,Bury,North West,Bury,national,London; South East; South West; East of England; East Midlands; West Midlands; Yorkshire and the Humber; North West; North East; Scotland; Wales; Northern Ireland,,,0.01,0.2,0.03,1,estimate,,False,sell_side; buy_side,Generalist,,,0333 370 0000,https://www.independentbusinessesforsale.com/contact/,https://www.independentbusinessesforsale.com/contact/,,"UK business transfer specialist, part of Business Transfer Group (founded by Chris Rowlands), head office in Bury; sells small businesses nationwide.",,,,https://www.independentbusinessesforsale.com/; https://www.independentbusinessesforsale.com/about/; https://www.independentbusinessesforsale.com/contact/,90,independentbusinessesforsale-com
Infinity Corporate Finance,https://infinitycf.co.uk,Independent boutique,,London,London,London,national,London; South East; South West; East of England; East Midlands; West Midlands; Yorkshire and the Humber; North West; North East; Scotland; Wales; Northern Ireland,1,stated,0.4,6.0,2,30,estimate,"founder-led, owner-managed businesses usually selling for the first time",True,sell_side,Generalist,,andy@infinitycf.co.uk,+44 7541 958391,https://infinitycf.co.uk/about,https://infinitycf.co.uk/contact,,"One-person London M&A boutique (incorporated 2025) that works with founders of owner-managed businesses for 2-3 years before and through a first-time sale, often in a non-executive role.",,16615083,Active,https://infinitycf.co.uk/; https://infinitycf.co.uk/about; https://infinitycf.co.uk/contact,100,infinitycf-co-uk
Initium,https://www.initium.com,Independent boutique,,Newbury,South East,Newbury,national,London; South East; South West; East of England; East Midlands; West Midlands; Yorkshire and the Humber; North West; North East; Scotland; Wales; Northern Ireland,,,1,,10,,stated,targets privately owned businesses with at least £1m EBITDA and sale price expectations of at least £10m,True,sell_side; valuations; mbo,Generalist; Healthcare; Food & Beverage; Industrials & Manufacturing; Technology & Software,"Also testing/inspection/certification; sales to trade, PE, MBO and employee ownership.",info@initium.com,0118 207 9800,https://www.initium.com/about-us/our-team/,,,"Employee-owned sell-side corporate finance firm (formerly BCMS) based at Kingsclere near Newbury, advising owners of private businesses on sales to strategic acquirers, private equity, MBOs and EOTs; 'hundreds of transactions' completed.",,,,https://www.initium.com/; https://www.insidermedia.com/business_directory/detail/business-4255,90,initium-com
Insight Corporate Finance,https://www.insightcf.com,Independent boutique,,London,London,London,national,London; South East; South West; East of England; East Midlands; West Midlands; Yorkshire and the Humber; North West; North East; Scotland; Wales; Northern Ireland,,,0.4,10.0,2,50,estimate,£1bn aggregate transactional value; 15.6x average EBITDA multiple,True,sell_side; fundraising,Generalist,,contact@insightcf.com,+44 (0)20 3576 3257,https://www.insightcf.com/partners-and-values,https://www.insightcf.com/contact,,"Small London corporate finance firm advising entrepreneurs, founders and business owners on company sales and capital raising.",,,,https://www.insightcf.com; https://www.insightcf.com/contact,90,insightcf-com
Insite M&A,https://www.insite-ma.com,Sector specialist,,St Albans,East of England,St Albans,national,London; South East; South West; East of England; East Midlands; West Midlands; Yorkshire and the Humber; North West; North East; Scotland; Wales; Northern Ireland,12,team_page,0.1,50.0,0.5,250,stated,£500k – £250m typical transaction size,True,sell_side; buy_side; valuations,Professional Services; Financial Services,"Specialist M&A for accountancy, legal and other professional services firms (succession, investment, full or partial exits).",info@insite-ma.com,020 8163 5404,https://www.insite-ma.com/about-us/our-team/,https://www.insite-ma.com/contact-us/,https://www.linkedin.com/company/insite-m-and-a-ltd/,"St Albans-based specialist M&A adviser for accountancy, law and professional services firms, running sale processes and buy-side searches; credited on Midlands law-firm deals in Insider Media coverage.",,,,https://www.insite-ma.com; https://www.insite-ma.com/about-us/our-team/; https://www.insite-ma.com/contact-us/; https://www.insidermedia.com/news/midlands/knights-completes-4m-deal-for-longstanding-firm,100,insite-ma-com
Integritas Advisory,https://integritasadvisory.co.uk,Independent boutique,,London,London,London,national,London; South East; South West; East of England; East Midlands; West Midlands; Yorkshire and the Humber; North West; North East; Scotland; Wales; Northern Ireland,,,4.0,100.0,20,500,estimate,,False,mbo; buy_side; sell_side,Generalist,"Specialist adviser to management teams on private equity transactions (e.g. Catalis, Fosroc, TEG/MJR).",mark@integritasadvisory.co.uk,+44 28 2585 7468,https://integritasadvisory.co.uk/team/,https://integritasadvisory.co.uk/contact/,,"Boutique advisory firm founded by Mark Davis in 2019 giving independent senior advice to management teams, family offices and private equity on buyouts and acquisitions.",,09169281,Active,https://integritasadvisory.co.uk; https://www.insidermedia.com/event/midlands-dealmakers-awards-2025/shortlist,90,integritasadvisory-co-uk
Intelligent,https://intelligent.co.uk,Business broker,,,,,national,London; South East; South West; East of England; East Midlands; West Midlands; Yorkshire and the Humber; North West; North East; Scotland; Wales; Northern Ireland,,,0.01,1.0,0.05,5,estimate,,True,sell_side; valuations,Generalist,,info@intelligent.co.uk,0800 987 0813,,https://intelligent.co.uk/contact-us,https://www.linkedin.com/company/intelligent-bp/,"National business broker selling owner-managed SMEs across sectors; says it has sold 1,000+ businesses (one a day last year) and runs a corporate sales arm. HQ not confirmed.",,,,https://intelligent.co.uk/; https://intelligent.co.uk/sell-a-business,70,intelligent-co-uk
Intelligent Corporate Finance,https://intelligentcf.co.uk,Independent boutique,,Cannock,West Midlands,Cannock,regional,West Midlands,1,team_page,0.2,3.0,1,15,estimate,,True,sell_side; buy_side; mbo; fundraising,Generalist,,info@intelligentcf.co.uk,07980 756 602,https://intelligentcf.co.uk/about/,https://intelligentcf.co.uk/contact/,,"Cannock (Staffordshire) one-partner corporate finance practice run by Steve Thornhill (ex KPMG, BDO and RSM Tenon CF partner) advising owner-managed businesses on sales, acquisitions, working capital and management incentivisation.",,,,https://intelligentcf.co.uk; https://intelligentcf.co.uk/about/; https://intelligentcf.co.uk/contact/,100,intelligentcf-co-uk
Interpath,https://interpath.com,Accountancy firm CF team,,London,London,London; Birmingham; Manchester; Leeds; Glasgow; Edinburgh; Aberdeen; Bristol; Belfast; Newcastle,national,London; South East; South West; East of England; East Midlands; West Midlands; Yorkshire and the Humber; North West; North East; Scotland; Wales; Northern Ireland,,,4.0,100.0,20,500,estimate,,False,sell_side; buy_side; debt_advisory; due_diligence; valuations; restructuring,Generalist,,,,https://interpath.com/services/?_capability=restructuring,https://interpath.com/contact-interpath/,https://www.linkedin.com/company/interpath-advisory/,"Advisory firm (spun out of KPMG's restructuring practice) whose deal advisory and corporate finance teams advise on mid-market M&A, debt advisory and restructuring-led transactions.",,13225134,Active,https://interpath.com/,90,interpath-com
Inveniam Corporate Finance,https://inveniam.co.uk,Independent boutique,,Newcastle upon Tyne,North East,Newcastle upon Tyne,local,North East,,,0.1,2.0,0.5,10,estimate,,True,sell_side; buy_side; fundraising; due_diligence,Generalist,,,,,,,"Small advisory boutique working with start-ups, established SMEs and owner-managed businesses on business planning, M&A, due diligence and finance raising. Website blocks automated reading; Newcastle location taken from its site title (company registered office is in Cheshire) - verify.",,,,https://inveniam.co.uk/; https://find-and-update.company-information.service.gov.uk/,80,inveniam-co-uk
Inventure,https://inventure.uk,Sector specialist,,London,London,London,national,London; South East; South West; East of England; East Midlands; West Midlands; Yorkshire and the Humber; North West; North East; Scotland; Wales; Northern Ireland,,,1.0,10.0,5,50,stated,focused on £5m to £50m transactions,True,sell_side; buy_side; fundraising,Technology & Software; Media & Marketing,"Technology, SaaS, IT services and media; partner-led, success-fee focused; 20+ completed transactions, £200m+ value advised.",info@inventure.uk,,https://inventure.uk/team,https://inventure.uk/contact,,"London boutique corporate finance adviser for entrepreneur-led technology, SaaS, IT services and media businesses on exits, acquisitions and growth capital in the £5m-£50m range.",,,,https://inventure.uk/; https://inventure.uk/team,90,inventure-uk
Investec,https://www.investec.com,Investment bank / broker,,London,London,London,national,London; South East; South West; East of England; East Midlands; West Midlands; Yorkshire and the Humber; North West; North East; Scotland; Wales; Northern Ireland,,,10.0,400.0,50,2000,estimate,,False,sell_side; buy_side; fundraising; ecm; debt_advisory,Generalist,,,,,,,"UK/South African banking group whose London investment banking arm provides corporate broking, ECM and M&A advice to UK listed mid-caps.",,,,https://www.investec.com/,80,investec-com
Isca Ventures,https://iscaventures.co.uk,Independent boutique,,Exeter,South West,Exeter,regional,South West,,,0.4,6.0,2,30,estimate,,True,sell_side; buy_side; mbo; fundraising,Generalist; Leisure & Hospitality; Business Services,Published deals include Exeter Rugby Group's acquisition by Black Knight and the acquisition of Spruce Services.,,,https://iscaventures.co.uk,https://iscaventures.co.uk,,"Exeter-based partner-led specialist corporate finance advisory firm (incorporated 2024, Exeter Science Park); shortlisted for Corporate Finance Advisory Team of the Year at the 2025 Insider South West Dealmakers Awards.",,15889256,Active,https://iscaventures.co.uk/; https://firmbase.co/resources/industry-lists/ma-advisory-companies-in-the-uk; https://www.insidermedia.com/news/south-west/shortlists-announced-for-2025-south-west-dealmakers-awards,90,iscaventures-co-uk
James Cowper Kreston,https://www.jamescowperkreston.co.uk,Accountancy firm CF team,Kreston Global,Reading,South East,Reading; Oxford; Newbury; Henley-on-Thames; Southampton,regional,South East; London,,,0.4,10.0,2,50,deals,award-shortlisted deals in the 'under £10m' and '£10m-£50m' categories,True,sell_side; buy_side; mbo; fundraising; debt_advisory; due_diligence; valuations,Generalist,,info@jamescowperkreston.co.uk,,https://www.jamescowperkreston.co.uk/james-cowper-partners-and-directors/,https://www.jamescowperkreston.co.uk/contact-us--jck/,https://www.linkedin.com/company/james-cowper-kreston,Thames Valley accountancy firm with an award-winning corporate finance team active on deals from under £10m to £10m-£50m.,,OC341068,Active,https://www.jamescowperkreston.co.uk/; https://www.jamescowperkreston.co.uk/news/james-cowper-kreston-corporate-finance-shortlisted-for-seven-awards/,90,jamescowperkreston-co-uk
Jamieson Corporate Finance,https://jamiesoncf.com,Independent boutique,,London,London,London,international,London,,,10.0,,50,,estimate,,False,mbo,Generalist,Specialist adviser to management teams on equity incentives in PE transactions (not sell-side),contact@jamiesoncf.com,,https://jamiesoncf.com/team/,,https://www.linkedin.com/company/jamieson-corporate-finance,London-founded (2005) independent management advisory firm advising management teams on equity incentive terms in private equity buyouts and exits; 50+ staff globally.,,OC308682,Active,https://jamiesoncf.com/; https://jamiesoncf.com/about/; https://jamiesoncf.com/team/,90,jamiesoncf-com
Jefferies,https://www.jefferies.com,Investment bank / broker,,New York,International,London,international,London; South East; South West; East of England; East Midlands; West Midlands; Yorkshire and the Humber; North West; North East; Scotland; Wales; Northern Ireland,,,50.0,2000.0,250,10000,estimate,,False,sell_side; buy_side; ecm; debt_advisory; restructuring,Generalist,,,,https://www.jefferies.com/our-services/wealth-management/our-team/,https://www.jefferies.com/contact-us/,,Global investment bank with a large London M&A and capital markets team.,,01978621,Active,https://www.jefferies.com/,90,jefferies-com
JEGI LEONIS,https://jl-co.com,Sector specialist,,New York,International,London,international,London,,,,,,,,,,sell_side; buy_side,Media & Marketing; Technology & Software; Business Services,"Media, marketing & tech services, B2B information & events, legal tech, fintech, healthcare IT.",,+44 20 3047 1500,https://jl-co.com/our-team/,https://jl-co.com/contact/,https://www.linkedin.com/company/jegileonis,"Sector-specialist M&A adviser to media, marketing, information, events and technology businesses (900+ transactions), with a London office in Mayfair that it expanded in 2026.",,,,https://jl-co.com; https://jl-co.com/contact/,80,jl-co-com
Jerroms,https://www.jerroms.co.uk,Accountancy firm CF team,Sumer,Solihull,West Midlands,Solihull; Stourbridge; Leamington Spa,regional,West Midlands,,,0.1,3.0,0.5,15,estimate,,True,sell_side; buy_side; mbo; fundraising; debt_advisory; due_diligence; valuations,Generalist,,,0121 693 5000,https://www.jerroms.co.uk/jerroms-corporate-finance/about,https://www.jerroms.co.uk/contact-us,https://www.linkedin.com/company/jerroms/,"West Midlands accountancy firm (part of Sumer Group) with a dedicated Jerroms Corporate Finance team advising owner-managed businesses on sales, acquisitions and funding.",,11459888,Active,https://www.jerroms.co.uk/; https://www.jerroms.co.uk/jerroms-corporate-finance/about,90,jerroms-co-uk
Johnston Carmichael,https://johnstoncarmichael.com,Accountancy firm CF team,Moore Global,Aberdeen,Scotland,Aberdeen; Edinburgh; Glasgow; Dundee; Inverness; London,regional,Scotland; North East; London,,,0.4,15.0,2,75,estimate,,True,sell_side; buy_side; mbo; fundraising; debt_advisory; due_diligence; valuations; restructuring,Energy & Renewables; Food & Beverage; Technology & Software; Generalist,,,,https://johnstoncarmichael.com/our-services/corporate-finance/,https://johnstoncarmichael.com/contact/,https://www.linkedin.com/company/johnston-carmichael/,"Scotland's largest independent accountancy firm (Moore UK member) with a corporate finance team covering M&A, due diligence, fundraising, valuations and project finance.",,SO303232,Active,https://johnstoncarmichael.com/; https://johnstoncarmichael.com/our-services/corporate-finance/; https://www.moore.co.uk/about-us/moore-uk-member-firms,90,johnstoncarmichael-com
Jonathan Fagan Business Brokers,https://jonathanfagan.co.uk,Business broker,,London,London,London; Bristol; Brighton; Glasgow,national,London; South East; South West; East of England; East Midlands; West Midlands; Yorkshire and the Humber; North West; North East; Scotland; Wales; Northern Ireland,4,team_page,0.04,1.0,0.2,5,deals,listings e.g. turnover c£550k to c£1.8m (EBITDA £413k),True,sell_side; buy_side; valuations,Professional Services,Law firms and accountancy practices,jf@jonathanfagan.co.uk,0207 127 4343,https://jonathanfagan.co.uk/our-people/,https://jonathanfagan.co.uk/contact/,,"Specialist business broker for the sale, merger and valuation of law firms and accountancy practices, with a database of 700+ law firm buyers.",,,,https://jonathanfagan.co.uk/; https://jonathanfagan.co.uk/our-people/,100,jonathanfagan-co-uk
JWR Accountants,https://jwraccountants.co.uk,Accountancy firm CF team,,Portsmouth,South East,Portsmouth,local,South East,,,0.1,1.0,0.5,5,estimate,,True,sell_side; buy_side; fundraising; due_diligence; valuations,Generalist,,enquiries@jwraccountants.co.uk,023 9226 9977,https://jwraccountants.co.uk/app-stack-our-partners/,https://jwraccountants.co.uk/contact-us/,https://www.linkedin.com/company/jwr-accountants,"Hampshire chartered accountants (Corporate Finance Network member since 2024) offering exit planning and business sale support, acquisitions and financing for small owner-managed businesses.",,03579241,Active,https://jwraccountants.co.uk/exit-planning-and-selling-your-business/; https://www.thecfn.org.uk/hampshire-experts-join-the-corporate-finance-network/; https://www.thecfn.org.uk/category/deals/; https://jwraccountants.co.uk/,90,jwraccountants-co-uk
K3 Deal Advisory,https://k3dealadvisory.com,Independent boutique,K3 Advisory Group,London,London,London; Manchester; Birmingham; Southampton; Maidenhead; Warrington,national,London; South East; South West; East of England; East Midlands; West Midlands; Yorkshire and the Humber; North West; North East; Scotland; Wales; Northern Ireland,34,team_page,1.0,20.0,5,100,estimate,"founder-led businesses, family-owned groups and management teams, typically with revenues between £5m and £100m",True,sell_side; buy_side; mbo; fundraising; debt_advisory; valuations; due_diligence,Technology & Software; Business Services; Industrials & Manufacturing; Healthcare; Transport & Logistics; Telecoms; Construction & Property,"Sector teams: IT, cyber & comms; business services; manufacturing; healthcare; infrastructure & transport; software and digital services",info@k3dealadvisory.com,020 3092 0793,https://k3dealadvisory.com/about-us/meet-the-team/,https://k3dealadvisory.com/contact/,https://www.linkedin.com/company/k3da/,"Unified M&A advisory arm of K3 Capital Group, combining the corporate finance practices of KBS Corporate Finance, Knight Corporate Finance and Quantuma; advises owner-managed and PE-backed businesses on exits, acquisitions and capital raises.",,06102618,Active,https://k3dealadvisory.com/; https://k3dealadvisory.com/contact/; https://k3dealadvisory.com/about-us/meet-the-team/; https://www.quantuma.com/services/corporate-finance; https://www.k3dealadvisory.com/; https://k3dealadvisory.com/selling-your-business/sectors-business-services/,100,k3dealadvisory-com
KBS Corporate,https://www.kbscorporate.com,Business broker,K3 Advisory Group,Bolton,North West,Bolton; Manchester,national,London; South East; South West; East of England; East Midlands; West Midlands; Yorkshire and the Humber; North West; North East; Scotland; Wales; Northern Ireland,,,0.2,4.0,1,20,estimate,Corporate Finance division works on sales valued up to £200million; core KBS business sales are smaller owner-managed companies,True,sell_side; valuations,Generalist,,,+44 (0) 161 258 0118,https://www.kbscorporate.com/about-us/meet-the-team/,https://www.kbscorporate.com/contact/,https://www.linkedin.com/company/kbs-corporate,"Volume sell-side business sales adviser (formerly Knightsbridge) within K3 Advisory Group (owned by Sun European Partners), selling owner-managed SMEs nationally; consistently tops UK deal-count league tables.",,04141555,Active,https://www.kbscorporate.com/; https://www.kbscorporate.com/about-us/; https://www.kbscorporate.com/sell-a-company/corporate-finance/,90,kbscorporate-com
Keenan CF,https://www.keenancf.com,Independent boutique,,Belfast,Northern Ireland,Belfast,local,Northern Ireland,6,estimate,0.2,5.0,1,25,estimate,,True,sell_side; buy_side; mbo; fundraising; restructuring,Generalist,Combines corporate finance with restructuring and insolvency.,info@keenancf.com,028 9023 3023,https://www.keenancf.com/people,https://www.keenancf.com/contact,https://www.linkedin.com/company/keenan-corporate-finance-limited,"Independent Belfast advisory firm founded in 2008 by former Deloitte NI corporate finance head Tom Keenan; corporate finance transactions, fundraising and restructuring.",,,,https://www.keenancf.com; https://www.keenancf.com/people,100,keenancf-com
Keystone Partners,https://keystonecf.com,Independent boutique,,Birmingham,West Midlands,Birmingham,regional,West Midlands; East Midlands,5,team_page,0.4,4.0,2,20,estimate,,True,sell_side; buy_side; fundraising; debt_advisory,Business Services; Technology & Software; Construction & Property,,mail@keystonecf.com,+44 (0)121 231 3190,https://keystonecf.com/team/,https://keystonecf.com/contact/,,"Small Birmingham independent corporate finance adviser working with owner-managers on selling, buying and fundraising, including debt advisory.",,01704303,Active,https://keystonecf.com/; https://keystonecf.com/team/,100,keystonecf-com
Kinetix Corporate Finance,https://www.kinetixcf.com,Sector specialist,,Oxford,South East,Oxford,international,South East; London,6,team_page,0.4,10.0,2,50,deals,"Published fundraises e.g. £4.2m, £5.3m, $8m",True,sell_side; buy_side; fundraising; valuations; due_diligence,Technology & Software; Energy & Renewables; Financial Services; Life Sciences,"Cleantech & circular economy, deeptech, fintech, healthtech & life sciences",,+44 (0)7768 124829,https://www.kinetixcf.com/about-us,https://www.kinetixcf.com/contact,,"Oxford-based independent corporate finance firm (2010) doing M&A, fundraising and vendor due diligence for technology-innovation companies, largely cross-border.",,OC357140,Active,https://www.kinetixcf.com/; https://www.kinetixcf.com/about-us; https://www.kinetixcf.com/contact; https://www.kinetixcf.com/deals-1,100,kinetixcf-com
Kingsbrook,https://www.kingsbrook.co.uk,Independent boutique,,Kingsclere,South East,Kingsclere,national,London; South East; South West; East of England; East Midlands; West Midlands; Yorkshire and the Humber; North West; North East; Scotland; Wales; Northern Ireland,,,0.2,4.0,1,20,estimate,,True,sell_side,Generalist,,info@kingsbrook.co.uk,01635 736741,https://www.kingsbrook.co.uk/about-us/meet-your-kingsbrook-team,https://www.kingsbrook.co.uk/about-us,,"Family-led sell-side M&A firm from the Rebbettes family (founders of BCMS in 1989), based in Kingsclere, Berkshire; says it has sold well over 1,000 private companies over 30 years.",,,,https://www.kingsbrook.co.uk/; https://www.kingsbrook.co.uk/about-us,90,kingsbrook-co-uk
Kingscott Dix,https://kingscott-dix.co.uk,Accountancy firm CF team,,Gloucester,South West,Gloucester; Cheltenham,local,South West,,,0.1,2.0,0.5,10,estimate,,True,sell_side; buy_side; due_diligence; valuations; fundraising,Generalist,,,,https://kingscott-dix.co.uk/people/directors/,https://kingscott-dix.co.uk/contact-us/gloucester/,https://www.linkedin.com/company/kingscott-dix-limited,"Gloucestershire chartered accountants (Gloucester and Cheltenham) advising owner-managed businesses on acquisitions, sales, valuations, due diligence and acquisition funding.",,07118109,Active,https://kingscott-dix.co.uk/; https://kingscott-dix.co.uk/strategic-focus/business-sales-valuation/,90,kingscott-dix-co-uk
Kingsman Partners,https://kingsmanpartners.com,Sector specialist,,London,London,London,national,London; South East; South West; East of England; East Midlands; West Midlands; Yorkshire and the Humber; North West; North East; Scotland; Wales; Northern Ireland,2,team_page,0.04,1.0,0.2,5,estimate,,True,sell_side; buy_side; valuations,Professional Services,Accountancy practices and solicitors / professional and support services firms,info@kingsmanpartners.com,0808 501 5385,https://kingsmanpartners.com/meet-the-team/,https://kingsmanpartners.com/contact-us/,https://www.linkedin.com/company/kingsmanpartners,"Hendon (London) M&A brokerage founded 2025 for accountancy practices and other professional/support services firms, covering sales, acquisitions, pre-deal advice and post-deal integration.",,,,https://kingsmanpartners.com; https://kingsmanpartners.com/meet-the-team/; https://kingsmanpartners.com/contact-us/,100,kingsmanpartners-com
Kingsworth Corporate Finance,https://www.kingsworth.co.uk,Independent boutique,,Henley-on-Thames,South East,Henley-on-Thames,national,London; South East; South West; East of England; East Midlands; West Midlands; Yorkshire and the Humber; North West; North East; Scotland; Wales; Northern Ireland,1,stated,0.4,6.0,2,30,estimate,,True,sell_side; buy_side; fundraising; mbo,Generalist,,john.buxton@kingsworth.co.uk,+44 (0)7921 587148,https://www.kingsworth.co.uk/about_us.html,https://www.kingsworth.co.uk/contact_us.html,,"One-principal independent M&A adviser run by John Buxton, focused on disposals and acquisitions for family businesses and shareholders of privately-owned companies.",,11642200,Active,https://www.kingsworth.co.uk/; https://www.kingsworth.co.uk/about_us.html; https://www.kingsworth.co.uk/contact_us.html,100,kingsworth-co-uk
Kinmont,https://www.kinmontadvisory.co.uk,Independent boutique,,London,London,London,national,London; South East; South West; East of England; East Midlands; West Midlands; Yorkshire and the Humber; North West; North East; Scotland; Wales; Northern Ireland,2,team_page,2.0,40.0,10,200,estimate,,True,sell_side; buy_side; mbo; ecm; debt_advisory; fundraising,Generalist,,enquiries@kinmontadvisory.co.uk,+44 (0)20 7087 9100,,https://www.kinmontadvisory.co.uk/contact/,,"London corporate finance boutique founded in 2003 by Gavin Kelly, advising owner-managers of public and private companies on M&A, trade sales, MBOs, capital markets and management advisory.",,03456766,Active,https://www.kinmontadvisory.co.uk; https://www.kinmontadvisory.co.uk/contact/,100,kinmontadvisory-co-uk
Kirk Rice,https://www.kirkrice.co.uk,Accountancy firm CF team,,Ascot,South East,Ascot,regional,South East; London,,,0.2,3.0,1,15,estimate,,True,sell_side; buy_side; mbo,Generalist,,,,,,,"Berkshire/Hampshire chartered accountants with a corporate finance service advising on business sales, acquisitions and MBOs (site behind captcha; details from general knowledge, unverified).",,OC354936,Active,https://www.kirkrice.co.uk/,80,kirkrice-co-uk
Kite Advisory,https://www.kiteadvisory.com,Sector specialist,,Benfleet,East of England,Benfleet,national,London; South East; South West; East of England; East Midlands; West Midlands; Yorkshire and the Humber; North West; North East; Scotland; Wales; Northern Ireland,2,team_page,0.2,4.0,1,20,estimate,John Pett has achieved total equity value of more than £200 Million for owners,True,sell_side; valuations,Technology & Software; Telecoms,"MSPs, IT, telecoms and technology SMEs",enquiries@kiteadvisory.com,0333 091 2960,https://www.kiteadvisory.com/about,https://www.kiteadvisory.com/contact,,"Essex-based M&A and consultancy firm (John Pett, Nigel Waddell) selling small and medium-sized MSP, IT and telecoms businesses, from valuation through to exit.",,16052190,Active,https://www.kiteadvisory.com; https://www.kiteadvisory.com/about; https://www.kiteadvisory.com/contact,100,kiteadvisory-com
KLV Corporate Finance,https://klvcorporatefinance.com,Independent boutique,,,,,international,London; South East; South West; East of England; East Midlands; West Midlands; Yorkshire and the Humber; North West; North East; Scotland; Wales; Northern Ireland,2,team_page,1.0,40.0,5,200,stated,Robert Kidson's transactions have ranged in size from £5 million to £200 million,True,sell_side; buy_side; fundraising,Media & Marketing; Business Services; Financial Services; Leisure & Hospitality; Automotive; Generalist,Founder-led businesses; media/publishing track record,,,https://klvcorporatefinance.com/team,https://klvcorporatefinance.com/contact,https://www.linkedin.com/company/klv-corporate-finance/,"Boutique LLP formed 2025 by Robert Kidson (ex Deutsche Bank, Morgan Stanley; 250+ transactions) and John Lee advising founder-led businesses on M&A and fundraising.",,,,https://klvcorporatefinance.com; https://klvcorporatefinance.com/team; https://find-and-update.company-information.service.gov.uk/company/OC455198; https://klvcorporatefinance.com/contact/,80,klvcorporatefinance-com
Knight Corporate Finance,https://knightcf.com,Sector specialist,K3 Advisory Group,Manchester,North West,Manchester; London; Warrington,national,London; South East; South West; East of England; East Midlands; West Midlands; Yorkshire and the Humber; North West; North East; Scotland; Wales; Northern Ireland,12,stated,0.4,10.0,2,50,estimate,"'£1b+ value realised for clients', '200+ transactions across the Technology sector'",True,sell_side; buy_side; fundraising; mbo,Technology & Software; Telecoms,"Technology specialist: managed IT services, telecoms, software, cyber",enquiries@knightcf.com,01925 377 001,https://knightcf.com/meet-the-team/,https://knightcf.com/contact/,https://www.linkedin.com/company/knight-corporate-finance,"Technology-sector corporate finance boutique founded 2008 (now part of K3 Advisory Group) advising tech entrepreneurs, particularly managed IT and telecoms businesses, on sales and investment; offices in Manchester and London.",,,,https://knightcf.com/; https://knightcf.com/meet-the-team/,100,knightcf-com
Knights Lowe,https://www.knightslowe.co.uk,Accountancy firm CF team,,Bury St Edmunds,East of England,Bury St Edmunds; Ipswich; Thetford,local,East of England,,,0.1,2.0,0.5,10,estimate,,True,sell_side; buy_side; fundraising; valuations,Generalist,,info@knightslowe.co.uk,01284 701300,https://www.knightslowe.co.uk/company/team/,https://www.knightslowe.co.uk/,https://www.linkedin.com/company/knights-lowe,"Suffolk/Norfolk chartered accountants with a corporate finance service covering business sales and purchases, funding plans, valuations and exit strategies for owner-managed businesses; adviser on Insider Central & East Dealmakers 2025 shortlisted deals.",,07257545,Active,https://www.knightslowe.co.uk/; https://www.knightslowe.co.uk/corporate-finance/; https://www.insidermedia.com/event/central-and-east-of-england-dealmakers-awards-2025/shortlist,90,knightslowe-co-uk
Knightsbridge Business Sales,https://www.knightsbridgeplc.com,Business broker,K3 Advisory Group,Bolton,North West,Bolton,national,London; South East; South West; East of England; East Midlands; West Midlands; Yorkshire and the Humber; North West; North East; Scotland; Wales; Northern Ireland,,,0.06,1.0,0.3,5,estimate,,True,sell_side; valuations,Generalist,,,,https://www.knightsbridgeplc.com/about/meet-the-team/,https://www.knightsbridgeplc.com/contact-us/,https://www.linkedin.com/company/knightsbridge-business-sales/,"Long-established business sales brand (Knightsbridge Commercial) within K3 Advisory Group, selling smaller owner-managed businesses nationally; sister brand to KBS Corporate.",,08924297,Active,https://www.knightsbridgeplc.com/; https://www.knightsbridgeplc.com/about/,90,knightsbridgeplc-com
Knightstone Healthcare,https://knightstonehealthcare.com,Business broker,,,,,national,London; South East; South West; East of England; East Midlands; West Midlands; Yorkshire and the Humber; North West; North East; Scotland; Wales; Northern Ireland,,,0.1,3.0,0.5,15,estimate,,True,sell_side; buy_side; valuations,Care; Healthcare,Care homes and domiciliary care,admin@knightstonehealthcare.com,,,,,"Dedicated healthcare brokerage founded by care operators, specialising in the sale of care homes and domiciliary care businesses.",,,,https://knightstonehealthcare.com/; https://carehome.co.uk/supplier.cfm/searchazref/65432246956,70,knightstonehealthcare-com
KPMG,https://kpmg.com/uk/en.html,Big 4,,London,London,London; Birmingham; Bristol; Cambridge; Cardiff; Edinburgh; Glasgow; Aberdeen; Leeds; Manchester; Newcastle; Nottingham; Reading; Southampton; Milton Keynes; Liverpool,national,London; South East; South West; East of England; East Midlands; West Midlands; Yorkshire and the Humber; North West; North East; Scotland; Wales; Northern Ireland,,,10.0,,50,,estimate,,False,sell_side; buy_side; fundraising; debt_advisory; due_diligence; valuations; ecm; restructuring,Business Services; Technology & Software; Healthcare; Life Sciences; Consumer & Retail; Industrials & Manufacturing; Energy & Renewables; Financial Services; Construction & Property; Transport & Logistics; Media & Marketing,,,+44 (0)20 7311 1000,https://kpmg.com/uk/en/insights/culture.html,https://kpmg.com/uk/en/misc/contact-form.html,https://www.linkedin.com/company/kpmg-uk/,"Big Four firm; KPMG UK Deal Advisory provides M&A, transaction services and debt advisory to corporates and private equity, including regional mid-market teams.",,,,https://kpmg.com/uk/en.html; https://kpmg.com/uk/en/services/deal-advisory.html,90,kpmg-com
Kreston Reeves,https://www.krestonreeves.com,Accountancy firm CF team,Kreston Global,London,London,London; Canterbury; Chatham; Brighton; Crawley; Chichester; Worthing,regional,London; South East,,,0.2,6.0,1,30,estimate,,True,sell_side; buy_side; mbo; fundraising; debt_advisory; due_diligence; valuations; ecm,Education; Agriculture; Charity & Public Sector; Media & Marketing; Technology & Software; Financial Services; Life Sciences; Industrials & Manufacturing; Professional Services; Construction & Property,,,+44 (0)330 124 1399,https://www.krestonreeves.com/business/corporate-finance/,https://www.krestonreeves.com/contact-us/,https://www.linkedin.com/company/kreston-reeves,"London, Kent and Sussex accountancy firm with a corporate finance team offering lead advisory (buy-side, sell-side, MBO/MBI, EOT) and transaction services.",,OC328775,Active,https://www.krestonreeves.com/; https://www.krestonreeves.com/business/corporate-finance/,90,krestonreeves-com
Kroll,https://www.kroll.com/en,Investment bank / broker,Kroll,London,London,London; Manchester,national,London; South East; South West; East of England; East Midlands; West Midlands; Yorkshire and the Humber; North West; North East; Scotland; Wales; Northern Ireland,,,5.0,100.0,25,500,estimate,,False,sell_side; buy_side; debt_advisory; valuations; restructuring,Generalist,,mediarelations@kroll.com,+1 212 593 1000,,https://www.kroll.com/en/contactus,https://www.linkedin.com/company/kroll/,"Global advisory firm (formerly Duff & Phelps) with a UK M&A/investment banking team advising mid-market corporates and private equity, plus valuation and restructuring services.",,,,https://www.kroll.com/en,90,kroll-com
La Salle Corporate,https://www.lasallecorporate.com,Independent boutique,,Manchester,North West,Manchester,national,London; South East; South West; East of England; East Midlands; West Midlands; Yorkshire and the Humber; North West; North East; Scotland; Wales; Northern Ireland,2,team_page,2,,,,stated,"""typically in the lower mid-market with EBITDA from £2m upwards""; deals include targets with £10m-£30m turnover",True,sell_side; buy_side; valuations; fundraising,Generalist; Industrials & Manufacturing; Education; Care,"Sector-agnostic; recent deals in manufacturing (Eurofilms, Elite Electronic Systems), nurseries (Mulberry Bush/Foresight) and specialist care (Vivre Care).",info@lasallecorporate.com,0161 975 1521,https://www.lasallecorporate.com/about-us,https://www.lasallecorporate.com/contact-us,http://linkedin.com/company/lasallecorp,Didsbury/Manchester partner-led sell-side M&A boutique (partners Matt and Sarah; advising owners since 2010) selling owner-managed businesses to trade and PE buyers.,,06786436,Active,https://www.lasallecorporate.com; https://www.lasallecorporate.com/about-us; https://www.lasallecorporate.com/deal-highlights; https://www.insidermedia.com/business_directory/detail/business-4572,100,lasallecorporate-com
Lambert Chapman,https://www.lambert-chapman.co.uk,Accountancy firm CF team,,Braintree,East of England,Braintree; Maldon; London,local,East of England,,,0.1,1.0,0.5,5,estimate,,True,sell_side; buy_side; valuations,Generalist,,info@lambert-chapman.co.uk,01376 326266,https://www.lambert-chapman.co.uk/about-us/people/,https://www.lambert-chapman.co.uk/contact-us/,https://www.linkedin.com/company/lambert-chapman-llp,"Essex chartered accountants advising owner-managers on buying and selling businesses, acquisitions, disposals and exit planning.",,OC328593,Active,https://www.lambert-chapman.co.uk/specialist-areas/corporate-finance/; https://www.lambert-chapman.co.uk/,90,lambert-chapman-co-uk
Lamont Johnson,https://www.lamontjohnson.com,Business broker,,,,,national,London; South East; South West; East of England; East Midlands; West Midlands; Yorkshire and the Humber; North West; North East; Scotland; Wales; Northern Ireland,2,team_page,0.06,1.0,0.3,5,estimate,,True,sell_side; buy_side,Care,Discreet sale of care homes (going concerns) and C2 development land only.,office@lamontjohnson.com,01937 842758,,https://www.lamontjohnson.com/contact-lamont-johnson/,,"Small specialist agency run by directors Grayson and Dawn Taylor, selling care homes of all sizes nationwide on a discreet basis with no up-front fees; property/going-concern sales rather than corporate finance.",,,,https://www.lamontjohnson.com,80,lamontjohnson-com
Langricks (Navig8 Advisory),https://www.langricks.com,Accountancy firm CF team,,Wilmslow,North West,Wilmslow; Holmfirth,regional,North West; Yorkshire and the Humber,,,0.4,6.0,2,30,estimate,,True,sell_side; buy_side; due_diligence; valuations,Generalist,"Chartered accountants whose business-sale advisory arm is branded Navig8 (vendor assist, financial modelling); supported the £390m sale of DIY Kitchens to Howdens.",info@langricks.com,0330 0437088,https://www.langricks.com/about/,https://www.langricks.com/about/strategic-services/acquisitions-mergers-sales/,https://www.linkedin.com/company/langricks,"Wilmslow and Holmfirth chartered accountants with an acquisitions, mergers and sales team (Navig8 Advisory) offering vendor assist, due diligence and sale advice; ranked in an Experian MarketIQ regional value table (H1 2021).",,07015840,Active,https://www.langricks.com/about/strategic-services/acquisitions-mergers-sales/; https://www.experian.co.uk/content/dam/marketing/uki/uk/en/pdf/experian-miq-ma-report-uk-roi-h1-2021.pdf; https://www.langricks.com/,90,langricks-com
Larking Gowen,https://www.larking-gowen.co.uk,Accountancy firm CF team,,Norwich,East of England,Norwich; Ipswich; Colchester; Diss; Fakenham,regional,East of England,,,0.2,2.0,1,10,stated,"James Lay (Partner and Chairman, CF qualified): ""Over the years James has advised hundreds of business owners on their corporate transactions. These businesses cover a range of sectors and the sale prices are typically in the range of £1m to £10m.""",True,sell_side; buy_side; valuations,Generalist,,enquiry@larking-gowen.co.uk,01603 624181,https://www.larking-gowen.co.uk/what-we-offer/by-industry/medical-accounting/gp-partnerships-and-partners/,https://www.larking-gowen.co.uk/contact-us/,https://www.linkedin.com/company/larking-gowen,"Norfolk, Suffolk and Essex accountancy firm offering buying, selling and valuing businesses advice to owner-managed businesses (no standalone corporate finance division).",,OC419486,Active,https://www.larking-gowen.co.uk/,90,larking-gowen-co-uk
LAVA Advisory Partners,https://www.lavaadvisory.com,Independent boutique,,London,London,London,national,London; South East; South West; East of England; East Midlands; West Midlands; Yorkshire and the Humber; North West; North East; Scotland; Wales; Northern Ireland,13,team_page,1.0,20.0,5,100,estimate,Advises owners of 'UK mid-market businesses'; also New York office for US PE,True,sell_side; buy_side; fundraising; mbo,Business Services; Professional Services; Construction & Property; Consumer & Retail; Education; Healthcare; Technology & Software; Recruitment & Staffing; Environmental Services,"Deals across business/corporate services (incl. trust & corporate services), defence, education, healthcare, TICC, waste; EOT work",hello@lavaadvisory.com,020 4526 8056,https://www.lavaadvisory.com/lava-ma-advisory-team,https://www.lavaadvisory.com/contact,https://www.linkedin.com/company/lava-advisory-partners/,"Independent, employee-owned London mid-market M&A adviser (founded 2020) running sale processes for entrepreneurs and working with UK and US private equity on buy- and sell-side mandates.",,12866595,Active,https://www.lavaadvisory.com/; https://www.lavaadvisory.com/lava-ma-advisory-team; https://www.lavaadvisory.com/contact; https://www.lavaadvisory.com/deals,100,lavaadvisory-com
Law Mergers & Acquisitions,https://www.lawmergers.co.uk,Sector specialist,,London,London,London,national,London; South East; South West; East of England; East Midlands; West Midlands; Yorkshire and the Humber; North West; North East; Scotland; Wales; Northern Ireland,,,0.04,2.0,0.2,10,estimate,,True,sell_side; buy_side; valuations; fundraising,Professional Services,"Sales, mergers and bolt-ons of UK law firms",info@lawmergers.co.uk,+44 (0)20 8204 3600,,https://www.lawmergers.co.uk/contact-us/,,"London-based specialist adviser (since 1980) on the sale, merger, valuation and bolt-on acquisition of law firms across the UK.",,,,https://lawmergers.co.uk; https://lawmergers.co.uk/contact-us/,90,lawmergers-co-uk
Lazard,https://www.lazard.com,Investment bank / broker,,New York,International,London,international,London; South East; South West; East of England; East Midlands; West Midlands; Yorkshire and the Humber; North West; North East; Scotland; Wales; Northern Ireland,,,50.0,4000.0,250,20000,estimate,,False,sell_side; buy_side; restructuring; debt_advisory,Generalist,,,,https://www.lazard.com/our-people/,https://www.lazard.com/news-announcements/media-contacts/,,"Global financial advisory and asset management firm with a London M&A, restructuring and capital solutions practice.",,,,https://www.lazard.com/,90,lazard-com
Lecale CF,https://lecalecf.com,Independent boutique,,Belfast,Northern Ireland,Belfast,local,Northern Ireland,,,0.2,3.0,1,15,estimate,,True,sell_side; buy_side; mbo; fundraising; debt_advisory; restructuring,Generalist,,info@lecalecf.com,+4402890803888,,https://lecalecf.com,,"Northern Ireland adviser on corporate finance (M&A, MBOs, fundraising, debt advisory) plus restructuring and independent business reviews.",,,,https://lecalecf.com,90,lecalecf-com
LEES Accountants,https://leesaccountants.co.uk,Accountancy firm CF team,,Norwich,East of England,Norwich; London,regional,East of England; London; South East,,,0.1,2.0,0.5,10,estimate,,True,sell_side; buy_side; mbo; fundraising,Generalist,,mail@leesaccountants.co.uk,,https://leesaccountants.co.uk/About-us/Our-People,https://leesaccountants.co.uk/Contact,,"Norwich/London chartered accountants and member of The Corporate Finance Network, arranging disposals, mergers/acquisitions, MBOs/MBIs and finance raising for owner-managed businesses.",,,,https://leesaccountants.co.uk/Services/Corporate-finance; https://leesaccountants.co.uk/Contact/LEES-Central-London,90,leesaccountants-co-uk
Leith Mergers & Acquisitions,https://leithma.co.uk,Independent boutique,,Dorking,South East,Dorking; London,national,London; South East; South West; East of England; East Midlands; West Midlands; Yorkshire and the Humber; North West; North East; Scotland; Wales; Northern Ireland,4,team_page,0.5,15.0,3,75,stated,Transaction size £3m — £75m; owner-managed businesses typically with an EBITDA in excess of £500k,True,sell_side; buy_side; valuations,Generalist,,info@leithma.co.uk,+44 (0)1306 272 200,https://leithma.co.uk/about/,https://leithma.co.uk/contact-us/,https://www.linkedin.com/company/leith-mergers-%26-acquisitions-limited,"Privately owned, director-led M&A adviser founded in 2012 by David Nelson, selling and buying owner-managed businesses from offices in Dorking and central London.",,07969563,Active,https://leithma.co.uk/; https://leithma.co.uk/about/; https://leithma.co.uk/contact-us/; https://www.platinummediagroup.co.uk/surrey-chambers-of-commerce-magazine/2018/05/dorking-business-profile-leith-mergers-and-acquisitions/,100,leithma-co-uk
Leonard Curtis,https://www.leonardcurtis.co.uk,Accountancy firm CF team,,Manchester,North West,Manchester; London; Birmingham; Leeds; Bristol; Newcastle; Southampton; Liverpool,national,London; South East; South West; East of England; East Midlands; West Midlands; Yorkshire and the Humber; North West; North East; Scotland; Wales; Northern Ireland,,,0.2,5.0,1,25,estimate,,True,sell_side; buy_side; mbo; fundraising; debt_advisory; restructuring,Agriculture; Automotive; Energy & Renewables; Financial Services; Transport & Logistics; Healthcare; Industrials & Manufacturing; Professional Services; Construction & Property; Recruitment & Staffing; Consumer & Retail; Leisure & Hospitality,,hello@leonardcurtis.co.uk,0161 696 3520,https://www.leonardcurtis.co.uk/service-category/m-and-a-advisory,https://www.leonardcurtis.co.uk/contact,https://www.linkedin.com/company/leonard-curtis-business-solutions-group,"Business recovery and advisory group with an M&A advisory team handling disposals, acquisitions and MBOs for private companies, family offices and private equity, often alongside its funding team.",,09820186,Active,https://www.leonardcurtis.co.uk/; https://www.leonardcurtis.co.uk/service-category/m-and-a-advisory,90,leonardcurtis-co-uk
Lerner Associates,https://lernerassociates.com,Sector specialist,,,London,,international,London; South East; South West; East of England; East Midlands; West Midlands; Yorkshire and the Humber; North West; North East; Scotland; Wales; Northern Ireland,,,0.2,6.0,1,30,estimate,,True,sell_side; buy_side; fundraising,Technology & Software; Construction & Property,SMB/SME PropTech and real estate software M&A only.,info@lernerassociates.com,+44 (0) 208 04 03 04 1,https://lernerassociates.com/meet-the-team/,https://lernerassociates.com/contact-us/,https://www.linkedin.com/company/lernerassociates,"Boutique M&A adviser specialising in SMB/SME PropTech (founder Ben Lerner): sell-side, buy-side and growth capital; credits include Rated People to Checkatrade and Valos to Altus Group. No postal address is published; the London (020) phone number is the basis for the London region, which is unconfirmed.",,,,https://lernerassociates.com/; https://lernerassociates.com/contact-us/,70,lernerassociates-com
Leslie James Acquisitions,https://lesliejamesacquisitions.com,Sector specialist,,London,London,London,national,London; South East; South West; East of England; East Midlands; West Midlands; Yorkshire and the Humber; North West; North East; Scotland; Wales; Northern Ireland,,,0.2,3.0,1,15,deals,"'50+ insurance businesses sold in the last 5 years, exceeding £158 million in valuation'; deals are brokers with c.£1.2m-£30m GWP",True,sell_side,Financial Services,"Insurance sector only: insurance brokers, PMI/employee benefits brokers, MGAs, loss adjusters, IFAs, wealth managers, mortgage & protection brokers. Fees paid by acquirers, no charge to vendors. Repeat buyers include Partners&, Seventeen Group/James Hallam, JMG Group, JM Glendinning",david.leslie@lesliejamesacquisitions.com,0800 912 9994,,https://lesliejamesacquisitions.com/contact/,,"London insurance-sector M&A broker selling insurance brokers, MGAs and IFAs to consolidators (49th completed sale in July 2026, e.g. Senate Insurance Brokers to Seventeen Group, Chaseside to Partners&).",,12711287,Active,https://lesliejamesacquisitions.com/; https://lesliejamesacquisitions.com/recent-deals/; https://lesliejamesacquisitions.com/contact/; https://find-and-update.company-information.service.gov.uk/company/12711287,90,lesliejamesacquisitions-com
Leyland Capital,https://leylandcapital.co.uk,Independent boutique,,,,,national,London; South East; South West; East of England; East Midlands; West Midlands; Yorkshire and the Humber; North West; North East; Scotland; Wales; Northern Ireland,,,0.2,6.0,1,30,deals,£340M+ in completed transactions,True,sell_side; buy_side; mbo; valuations; fundraising,Generalist; Media & Marketing; Consumer & Retail; Technology & Software,"Sector agnostic; deals in sports talent management, beauty e-commerce, software",info@leylandcapital.co.uk,,,,,"Director-led M&A boutique founded by Christian Hitchen advising owner-managers and SMEs on sell-side, buy-side, MBOs, EOTs and valuations; 13 published deals incl. TGI Sport/Insignia, CSM/Phoenix Management and Citation/Timetastic.",,,,https://leylandcapital.co.uk; https://find-and-update.company-information.service.gov.uk/company/10506203,70,leylandcapital-co-uk
Liberty Corporate Finance,https://www.liberty-cf.com,Sector specialist,,London,London,London,international,London; South East; South West; East of England; East Midlands; West Midlands; Yorkshire and the Humber; North West; North East; Scotland; Wales; Northern Ireland,,,10.0,400.0,50,2000,deals,£200bn+ transaction values; 750+ management teams advised,False,mbo; buy_side; sell_side,Generalist,"Specialist adviser to management teams in private equity transactions (management terms, incentive plans); offices in London, Madrid, Munich, Stockholm, Sydney. Advised management on Lanes Group and Lomond deals (Insider Yorkshire Dealmakers 2025 shortlist).",,,https://www.liberty-cf.com/team,https://www.liberty-cf.com/contact,,"London-headquartered specialist corporate finance adviser to management teams on private equity buyouts and secondary deals, mainly mid-to-large cap.",,,,https://www.liberty-cf.com; https://www.insidermedia.com/news/yorkshire/shortlist-unveiled-for-yorkshire-dealmakers-awards-2025,90,liberty-cf-com
Lily Head Dental Practice Sales,https://www.dentalpracticesales.co.uk,Business broker,,Leamington Spa,West Midlands,Leamington Spa,national,London; South East; South West; East of England; East Midlands; West Midlands; Yorkshire and the Humber; North West; North East; Scotland; Wales; Northern Ireland,8,team_page,0.06,2.0,0.3,10,estimate,,True,sell_side; buy_side; valuations; debt_advisory,Dental & Veterinary,Dental practices only: single-handed practices to groups; sister firm Lily Head Finance arranges practice finance.,dentalbrokers@lilyhead.co.uk,+44 333 772 0654,https://www.dentalpracticesales.co.uk/about-us/meet-the-team/,https://www.dentalpracticesales.co.uk/contact-us/,https://www.linkedin.com/company/lily-head-dental-practice-sales/,"Dental practice broker founded in 2010 by Lily Head, selling, buying, valuing and financing dental practices across every UK region; team of directors, dental brokers and sales negotiators.",,07308179,Active,https://www.dentalpracticesales.co.uk/about-us/; https://www.dentalpracticesales.co.uk/about-us/meet-the-team/; https://www.lilyhead.co.uk/,100,dentalpracticesales-co-uk
Lincoln International,https://www.lincolninternational.com,Investment bank / broker,,Chicago,International,London,international,London; South East; South West; East of England; East Midlands; West Midlands; Yorkshire and the Humber; North West; North East; Scotland; Wales; Northern Ireland,,,10.0,200.0,50,1000,estimate,,False,sell_side; buy_side; debt_advisory; valuations,Generalist,,,+44 20 7022 9880,https://www.lincolninternational.com/about-us/,https://www.lincolninternational.com/contact/,,Global mid-market M&A and capital advisory firm with a London team advising private equity and corporates.,,,,https://www.lincolninternational.com/; https://www.lincolninternational.com/offices/london/,90,lincolninternational-com
Link Stone Advisory,https://linkstoneadvisory.com,Accountancy firm CF team,,Bath,South West,Bath,national,London; South East; South West; East of England; East Midlands; West Midlands; Yorkshire and the Humber; North West; North East; Scotland; Wales; Northern Ireland,,,0.2,6.0,1,30,estimate,scores of buy-side and sell-side corporate transactions with a cumulative value of over £0.5bn,True,sell_side; buy_side; due_diligence; fundraising; valuations,Generalist,,,,https://linkstoneadvisory.com,https://linkstoneadvisory.com/contact-us/,https://www.linkedin.com/company/link-stone-advisory,"Bath-based ICAEW-regulated advisory and corporate finance practice advising owner-managed businesses on sell-side and buy-side deals, EOTs, funding and pre-sale value-gap work alongside board, finance and tax services.",,12327242,Active,https://linkstoneadvisory.com/our-services/corporate-finance/; https://linkstoneadvisory.com/contact-us/; https://linkstoneadvisory.com/,90,linkstoneadvisory-com
Linsey Bissell Associates,https://www.lba-info.co.uk,Sector specialist,,,,,international,London; South East; South West; East of England; East Midlands; West Midlands; Yorkshire and the Humber; North West; North East; Scotland; Wales; Northern Ireland,1,estimate,0.2,6.0,1,30,estimate,,True,sell_side; buy_side; valuations,Recruitment & Staffing,Recruitment and staffing businesses,john@lba-info.co.uk,+44 7785 748459,https://www.lba-info.co.uk/contact/,https://www.lba-info.co.uk/contact/,,"Recruitment-sector M&A consultancy run by John Bissell since 1991: around 350 recruitment business sales and 2,000 valuations, plus buy-and-build advice.",,,,https://uk.apsco.org/find-partners/john-bissell,80,lba-info-co-uk
LionTree,https://liontree.com,Sector specialist,,New York,International,London,international,London; South East; South West; East of England; East Midlands; West Midlands; Yorkshire and the Humber; North West; North East; Scotland; Wales; Northern Ireland,,,50.0,4000.0,250,20000,estimate,,False,sell_side; buy_side; fundraising,Media & Marketing; Technology & Software; Telecoms,,info@liontree.com,,,https://liontree.com/contact/,https://www.linkedin.com/company/liontree/,"Independent investment bank focused on technology, media and telecommunications, with a London office; advises on large TMT M&A.",,,,https://liontree.com/,90,liontree-com
Lithgow Perkins,https://www.lithgow-perkins.co.uk,Accountancy firm CF team,,Harrogate,Yorkshire and the Humber,Harrogate,local,Yorkshire and the Humber,2,team_page,0.1,2.0,0.5,10,estimate,,True,sell_side; buy_side; mbo; fundraising,Generalist,,enquiries@lithgow-perkins.co.uk,01423 564446,https://www.lithgow-perkins.co.uk/about-us/team/,https://www.lithgow-perkins.co.uk/contact/,,"Harrogate chartered accountants offering corporate finance (Tom Rhodes, Tom Lowry): arranging disposals, mergers/acquisitions, MBOs/MBIs and finance raising.",,OC301233,Active,https://www.lithgow-perkins.co.uk/services/business-advisory/corporate-finance/,100,lithgow-perkins-co-uk
Livingstone Partners,https://livingstonepartners.com,Investment bank / broker,,London,London,London,international,London; South East; South West; East of England; East Midlands; West Midlands; Yorkshire and the Humber; North West; North East; Scotland; Wales; Northern Ireland,,,2.0,60.0,10,300,estimate,,True,sell_side; buy_side; debt_advisory,Generalist,,marketing@livingstonepartners.com,,https://livingstonepartners.com/team/,https://livingstonepartners.com/contact-us/,,"International mid-market M&A and debt advisory firm (offices across the US, Europe and Asia, incl. a listed London office) advising private equity and owner-managed businesses.",,,,https://livingstonepartners.com/; https://livingstonepartners.com/en/; https://livingstonepartners.com/en/team/; https://find-and-update.company-information.service.gov.uk/company/06720751/filing-history,90,livingstonepartners-com
LockDutton Corporate Finance,https://ldcf.co.uk,Independent boutique,,Guildford,South East,Guildford,regional,South East; London,7,team_page,0.4,6.0,2,30,estimate,"Boutique, director-led corporate finance firm for small and medium sized businesses",True,sell_side; mbo; debt_advisory,Generalist,,info@ldcf.co.uk,01483 323541,https://ldcf.co.uk/who-we-are/,https://ldcf.co.uk/,https://uk.linkedin.com/company/lockdutton-corporate-finance,"Director-led corporate finance boutique founded by Andrew Lock and Craig Hewitt-Dutton, advising SME owners on business sales, partial exits, MBOs and debt; shortlisted adviser in Insider South East Dealmakers. Surrey/Guildford base inferred from its 01483 number.",,,,https://ldcf.co.uk/who-we-are/; https://www.insidermedia.com/event/south-east-dealmakers-awards-2025/shortlist,100,ldcf-co-uk
Logros Advisory Partners,https://www.logros.co.uk,Independent boutique,,Wilmslow,North West,Wilmslow; Solihull,national,North West; West Midlands; Yorkshire and the Humber,13,team_page,0.3,5.0,1.5,25,deals,"Published deals range from a £1.5m sale to a £70m sale; most £2m-£15m (sales to EOTs, MBIs, PLCs)",True,sell_side; buy_side; fundraising; debt_advisory; mbo,Technology & Software; Industrials & Manufacturing; Healthcare; Business Services; Transport & Logistics,,info@logros.co.uk,03301 595 611,https://www.logros.co.uk/team,https://www.logros.co.uk/contact,https://www.linkedin.com/company/logros-ltd/,"Partner-led business advisory and corporate finance firm based in Cheshire (Wilmslow) with a Midlands office, advising SMEs on company sales, EOTs, acquisitions and fundraising alongside business advisory/CFO services.",,10872350,Active,https://www.logros.co.uk/; https://www.logros.co.uk/deals; https://www.logros.co.uk/team,100,logros-co-uk
Longspur Capital,https://longspur.com,Sector specialist,,Edinburgh,Scotland,Edinburgh; London,international,London; South East; South West; East of England; East Midlands; West Midlands; Yorkshire and the Humber; North West; North East; Scotland; Wales; Northern Ireland,8,estimate,2.0,50.0,10,250,estimate,,True,sell_side; buy_side; fundraising; ecm,Energy & Renewables,"Clean energy / energy transition specialist: renewables, storage, bioenergy, hydrogen and efficiency; also provides equity research and investment management.",,+44 (0)131 516 6480,https://longspur.com/team/,https://longspur.com/contact/,https://www.linkedin.com/company/longspur/,"Edinburgh-based clean energy specialist offering corporate finance advisory, capital raising and research to energy transition businesses in the UK and Europe.",,11011596,Active,https://longspur.com; https://longspur.com/team/; https://longspur.com/services/corporate-finance-advisory/; https://acumon.com/blog/ma-advisory-services-companies-edinburgh/,100,longspur-com
Lovewell Blake,https://www.lovewell-blake.co.uk,Accountancy firm CF team,,Norwich,East of England,Norwich; Great Yarmouth; Lowestoft; Thetford; North Walsham; Halesworth,local,East of England,,,0.1,2.0,0.5,10,estimate,,True,sell_side; buy_side; valuations,Agriculture; Professional Services; Healthcare; Generalist,,info@lovewell-blake.co.uk,0800 652 6623,https://www.lovewell-blake.co.uk/services/specialist-services/corporate-finance,https://www.lovewell-blake.co.uk/contact/staff,https://www.linkedin.com/company/lovewell-blake-chartered-accountants/,"Norfolk and Suffolk accountancy firm with a small corporate finance team (two partners) helping owner-managed businesses buy, sell and value companies.",,,,https://www.lovewell-blake.co.uk/; https://www.lovewell-blake.co.uk/services/specialist-services/corporate-finance,90,lovewell-blake-co-uk
Lubbock Fine,https://www.lubbockfine.co.uk,Accountancy firm CF team,Russell Bedford International,London,London,London,regional,London; South East,,,0.4,10.0,2,50,estimate,,True,sell_side; buy_side; mbo; fundraising; debt_advisory; due_diligence; valuations; ecm,Charity & Public Sector; Leisure & Hospitality; Financial Services; Energy & Renewables; Professional Services; Construction & Property; Technology & Software,,stephenbanks@lubbockfine.co.uk,+44 (0)20 7490 7766,https://www.lubbockfine.co.uk/services/corporate-finance/,https://www.lubbockfine.co.uk/contact/,https://www.linkedin.com/company/lubbock-fine,"London accountancy firm with a corporate finance team (three partners) offering M&A lead advisory, due diligence, MBO/MBI, AIM reporting and valuations.",,OC310826,Active,https://www.lubbockfine.co.uk/; https://www.lubbockfine.co.uk/services/corporate-finance/,90,lubbockfine-co-uk
Lucas & Weston,https://www.lucasweston.com,Business broker,,Bath,South West,Bath,national,London; South East; South West; East of England; East Midlands; West Midlands; Yorkshire and the Humber; North West; North East; Scotland; Wales; Northern Ireland,,,0.1,2.0,0.5,10,stated,"""Deal sizes are typically in the region of £500,000 to £10 million""",True,sell_side; valuations; buy_side,Generalist,,ask@lucasweston.com,01225 460 777,https://www.lucasweston.com/about,https://www.lucasweston.com/contact,,"Bath-based independent business broker (founded 2003, owned by Howard and Jeanette Weston) selling UK owner-managed businesses, typically £0.5m-£10m deal value; acted as lead adviser on sales reported in Business Sale Report.",,05113980,Active,https://www.lucasweston.com; https://www.lucasweston.com/about; https://www.lucasweston.com/contact; https://www.business-sale.com/news/business-sale/precision-engineering-business-acquired-by-pebacked-group-229096,90,lucasweston-com
Lumina Corporate Finance,https://www.luminacf.com,Sector specialist,,London,London,London,international,London; South East; South West; East of England; East Midlands; West Midlands; Yorkshire and the Humber; North West; North East; Scotland; Wales; Northern Ireland,,,,,,,,+£300m combined deal value,,sell_side; buy_side; mbo; fundraising; valuations,Business Services; Environmental Services; Engineering,"Testing, inspection, certification & compliance (TICC) sector specialist",chris@luminacf.com,+44 (0) 7832 335 804,,https://www.luminacf.com/contact,https://www.linkedin.com/company/lumina-corporate-finance/,"London-based M&A adviser focused on the TICC (testing, inspection, certification & compliance) sector: sell-side for owners, M&A broking and buy-and-build for acquirers, MBOs and valuations.",,,,https://www.luminacf.com; https://www.luminacf.com/about; https://www.luminacf.com/contact,80,luminacf-com
LuxCap Partners,https://luxcap-partners.com,Independent boutique,,London,London,London,international,London,2,team_page,1.0,20.0,5,100,estimate,,True,sell_side; buy_side; fundraising,Generalist,,,,https://www.luxcap-partners.com/,https://luxcap-partners.com,,"London and Paris M&A boutique founded in 2023 by Karan and Kayash Luximon (ex investment banks, hedge funds and multi-family offices) advising entrepreneurs and families on sell-side, buy-side and strategic options.",,15181090,Active,https://luxcap-partners.com; https://find-and-update.company-information.service.gov.uk/company/15181090,100,luxcap-partners-com
M&A Advisory,https://www.mandaadvisory.com,Sector specialist,,London,London,London,international,London; South East; South West; East of England; East Midlands; West Midlands; Yorkshire and the Humber; North West; North East; Scotland; Wales; Northern Ireland,2,estimate,0.2,6.0,1,30,estimate,,True,sell_side; buy_side,Media & Marketing,"Marketing communications, PR, design and digital agencies",,+44 (0)207 680 9849,,https://www.mandaadvisory.com/contact-us/,,"Niche M&A firm focused on marketing communications, design and digital agencies; recommended M&A partner of the PRCA and ICCO.",,,,https://www.mandaadvisory.com/; https://www.dba.org.uk/?p=22880,100,mandaadvisory-com
M+A Partners,https://www.mapartners.co.uk,Accountancy firm CF team,,Norwich,East of England,Norwich; Attleborough; Cromer,local,East of England,,,0.1,2.0,0.5,10,estimate,,True,sell_side; buy_side; mbo; fundraising; due_diligence,Generalist,,enquiries@mapartners.co.uk,01603 227600,https://www.mapartners.co.uk/about-us/our-team/,https://www.mapartners.co.uk/contact/,https://www.linkedin.com/company/mapartners/,"Norfolk chartered accountants with corporate finance specialists handling company sales, acquisitions, MBOs/MBIs, equity and debt raising and due diligence.",,,,https://www.mapartners.co.uk/,90,mapartners-co-uk
Maneely McCann,https://www.maneelymccann.ie,Accountancy firm CF team,,Belfast,Northern Ireland,Belfast,regional,Northern Ireland,,,0.2,3.0,1,15,estimate,,True,sell_side; mbo,Generalist,Advised on the CBRE NI employee ownership trust deal (Insider NI Dealmakers 2026 shortlist).,,,,,,"Belfast chartered accountants (Aisling House, Stranmillis Embankment; directors include Cathal Maneely FCA) shortlisted for Corporate Finance Advisory Firm of the Year at the Insider Northern Ireland Dealmakers Awards 2026; shares an address with Lecale CF.",,,,https://www.insidermedia.com/event/northern-ireland-dealmakers-awards-2026/shortlist; https://find-and-update.company-information.service.gov.uk/company/NI635804/officers; https://www.auditregister.org.uk/firm/firmdetails/3760882,80,maneelymccann-ie
Marathon Capital,https://marathoncapital.com,Sector specialist,,Chicago,International,London,international,London,,,,,,,,,,sell_side; buy_side; fundraising; debt_advisory,Energy & Renewables,"Renewable energy, energy transition and infrastructure M&A and capital raising.",,,https://marathoncapital.com/who-we-are/our-people,https://marathoncapital.com/contact,,US energy-transition and infrastructure investment bank with a London office (25 Upper Brook Street) advising renewable developers and investors on M&A and capital raising.,,,,https://marathoncapital.com; https://marathoncapital.com/contact,80,marathoncapital-com
Marktlink,https://www.marktlink.com/uk,Independent boutique,Marktlink,Hengelo,International,London; Birmingham,national,London; South East; South West; East of England; East Midlands; West Midlands; Yorkshire and the Humber; North West; North East; Scotland; Wales; Northern Ireland,,,0.4,10.0,2,50,estimate,SME segment M&A,True,sell_side; buy_side; valuations,Generalist,,info@marktlink.com,+44 (0)7469 140080,https://www.marktlink.com/uk/insights/marktlink-opens-first-italian-office-in-milan-with-gianluca-magonio-and-team,https://www.marktlink.com/uk/about-us/offices/london,https://www.linkedin.com/company/marktlink,"Dutch-founded European SME M&A adviser. Its UK team, led from London (Cheapside) with a Birmingham office, sells and buys owner-managed businesses using a cross-border buyer network.",,,,https://www.marktlink.com/uk/about-us/offices/london; https://www.marktlink.com/uk/about-us/offices; https://www.marktlink.com/uk,90,marktlink-com
Marlborough Partners,https://www.marlboroughpartners.com,Debt adviser,,London,London,London,international,London; South East; South West; East of England; East Midlands; West Midlands; Yorkshire and the Humber; North West; North East; Scotland; Wales; Northern Ireland,40,estimate,20.0,400.0,100,2000,estimate,,False,debt_advisory; restructuring,Generalist,,,+44 (0)20 3053 3608,https://www.marlboroughpartners.com/,https://www.marlboroughpartners.com,,"Independent, employee-owned capital solutions/debt adviser founded in London in 2010, advising private equity, corporate and public clients on leveraged and acquisition financings across Europe (€64bn+ across 415 transactions).",,,,https://www.marlboroughpartners.com/; https://www.unquote.com/uk/news/84788/debt-adviser-marlborough-partners-launched,100,marlboroughpartners-com
MarshBerry,https://www.marshberry.com/eu,Sector specialist,,Cleveland,International,London,international,London; South East; South West; East of England; East Midlands; West Midlands; Yorkshire and the Humber; North West; North East; Scotland; Wales; Northern Ireland,,,1.0,100.0,5,500,estimate,,True,sell_side; buy_side; fundraising; valuations,Financial Services,Insurance brokerage / insurance distribution M&A,marshberry@marshberry.com,+31 20 218 7800,https://www.marshberry.com/about/our-team/,https://www.marshberry.com/eu/about/contact/,https://www.linkedin.com/company/marshberry-europe/,"US-headquartered M&A and capital-raising adviser to insurance brokers and wealth firms; its UK arm is IMAS Corporate Finance LLP (London financial-services boutique), which trades as MarshBerry in the UK.",,,,https://www.marshberry.com/; https://www.marshberry.com/eu/; https://www.marshberry.com/eu/about/contact/; https://www.imas.uk.com/,90,marshberry-com-eu
Mayfield Merger Strategies,https://www.mayfieldmerger.com,Sector specialist,,London,London,London,international,London,3,estimate,1.0,26.0,5,130,deals,"Transactions listed on its site include Hyve Group disposals in Azerbaijan and Uzbekistan (""The total consideration is up to £9.5million"", described as ""a small but complex transaction""), Breakbulk to ITE Group (""ITE paid $40m"") and CloserStill Media to Inflexion (""a £127m sale"", as co-adviser with DC Advisory)",True,sell_side; buy_side,Media & Marketing; Leisure & Hospitality,"Exhibitions, conferences and events",info@mayfieldmerger.com,+44 (0)20 8992 3329,,https://www.mayfieldmerger.com/contact/,,"London (Acton) M&A adviser specialising in the exhibitions and events industry, with 20+ years selling businesses to international event organisers.",,09890481,Active,https://www.mayfieldmerger.com/; https://firmbase.co/resources/industry-lists/boutique-m-and-a-companies-in-the-uk-london,100,mayfieldmerger-com
McCabe Ford Williams (MFW),https://www.mfw.co.uk,Accountancy firm CF team,,Maidstone,South East,Maidstone; Ashford; Cranbrook; Dover; Herne Bay; Rochester; Sittingbourne,local,South East,,,0.1,2.0,0.5,10,estimate,,True,sell_side; buy_side; due_diligence; valuations,Generalist,,maidstone@mfw.co.uk,(01233) 504954,https://www.mfw.co.uk/partners/,https://www.mfw.co.uk,,"Kent accountancy firm with multiple offices advising owner-managed businesses on acquisitions and disposals, including structuring, tax, valuations and negotiation support.",,,,https://www.mfw.co.uk/services/advisory/acquisitions-and-disposals/,90,mfw-co-uk
MCF Corporate Finance,https://www.mcfcorpfin.com,Independent boutique,,Hamburg,International,London,international,London,,,4.0,60.0,20,300,estimate,,False,sell_side; buy_side; debt_advisory,Business Services; Consumer & Retail; Industrials & Manufacturing; Technology & Software; Healthcare,,london@mcfcorpfin.com,+44 20 7968 2760,https://www.mcfcorpfin.com/team/,https://www.mcfcorpfin.com/contact/,https://www.linkedin.com/company/mcf-corporate-finance/,"European mid-market M&A and debt advisory partnership (~80 staff, six offices incl. London) focused on cross-border sell-side deals, allied with D.A. Davidson.",,04673347,Active,https://www.mcfcorpfin.com/about-mcf/; https://www.mcfcorpfin.com/contact/; https://www.mcfcorpfin.com/team/,90,mcfcorpfin-com
MDH,https://www.mdh.me.uk,Accountancy firm CF team,,Croydon,London,Croydon,local,London; South East,,,0.1,2.0,0.5,10,estimate,,True,sell_side; buy_side; fundraising,Generalist; Construction & Property,,info@mdh.me.uk,020 8647 0297,https://www.mdh.me.uk/our-amazing-team/,https://www.mdh.me.uk/contact/,https://www.linkedin.com/company/mdh-business-advisers-limited/,"South London accountancy and business growth specialists and CFN member (Michael Hemme), advising on exits, acquisition strategies (e.g. plant hire, estate agency) and funding.",,,,https://www.mdh.me.uk/; https://www.thecfn.org.uk/about-us/; https://www.thecfn.org.uk/mdh-advises-on-successful-exit-achieving-4x-increase-in-value/,90,mdh-me-uk
MDW Capital Partners,https://www.mdwcapital.co.uk,Debt adviser,,London,London,London,international,London; South East; South West; East of England; East Midlands; West Midlands; Yorkshire and the Humber; North West; North East; Scotland; Wales; Northern Ireland,,,,,,,stated,"debt raises: smallest deal €3m, largest €1.5bn; >235 deals completed (principals' track record)",,debt_advisory; fundraising,Generalist; Business Services; Technology & Software; Healthcare; Facilities Management,"Debt/capital advisory for sponsor-backed and owner-managed companies; credentials include building maintenance services, security & surveillance, technical inspection & maintenance.",dculpan@mdwcapital.co.uk,+44 20 3432 5070,https://www.mdwcapital.co.uk/deal-team/,https://www.mdwcapital.co.uk/contact/,https://linkedin.com/company/mdw-capital-partners,"London capital advisory firm founded in 2018 by ex-Lyceum Capital partner Andrew Aylwin and David Culpan, raising unitranche, senior and acquisition debt for mid-market companies and their shareholders (advised Longacre Group on debt for its Veracity video-surveillance acquisition).",,OC423429,Active,https://www.mdwcapital.co.uk/; https://www.mdwcapital.co.uk/deal-team/; https://www.mdwcapital.co.uk/deal-activity/; https://www.mdwcapital.co.uk/contact/; https://www.business-sale.com/news/business-sale/investment-group-longacre-seals-video-surveillance-purchase-226849,80,mdwcapital-co-uk
Menzies,https://www.menzies.co.uk,Accountancy firm CF team,HLB International,London,London,London; Farnborough; Guildford; Leatherhead; Reading; Winchester; Cardiff; Basingstoke; Birmingham; Derby; Nottingham; Leicester,national,London; South East; South West; East of England; East Midlands; West Midlands; Yorkshire and the Humber; North West; North East; Scotland; Wales; Northern Ireland,,,0.4,10.0,2,50,estimate,,True,sell_side; buy_side; mbo; fundraising; debt_advisory; due_diligence; valuations,Generalist,,,020 7291 0230,https://www.menzies.co.uk/about-us/people/,https://www.menzies.co.uk/contact-us/,https://www.linkedin.com/company/menzies-llp/,"Top-25 UK accountancy firm (merged with Beever and Struthers) with a deal advisory team advising owner-managed and PE-backed businesses on M&A, due diligence and funding.",,OC336077,Active,https://www.menzies.co.uk/; https://www.menzies.co.uk/services/deal-advisory/; https://www.menzies.co.uk/menzies-llp-and-beever-and-struthers-merger/,90,menzies-co-uk
Mercer & Hole,https://www.mercerhole.co.uk,Accountancy firm CF team,,St Albans,East of England,St Albans; London; Milton Keynes,regional,East of England; London; South East,,,0.2,4.0,1,20,estimate,,True,sell_side; buy_side; mbo; due_diligence; valuations,Generalist,,,,,,,"Hertfordshire/London chartered accountants with a corporate finance team offering sell-side, buy-side and MBO advice; ICAEW Corporate Finance Faculty member firm.",,,,https://www.mercerhole.co.uk/; https://www.icaew.com/technical/corporate-finance/corporate-finance-faculty/member-firms,80,mercerhole-co-uk
Mergers.co.uk,https://mergers.co.uk,Business broker,,Woking,South East,Woking,national,London; South East; South West; East of England; East Midlands; West Midlands; Yorkshire and the Humber; North West; North East; Scotland; Wales; Northern Ireland,,,0.2,3.0,1,15,estimate,"established companies, generally with £2m–£25m turnover",True,sell_side,Generalist,,nextstep@mergers.co.uk,0330 133 2020,,https://mergers.co.uk/contact,https://www.linkedin.com/company/mergersuk/,"Sell-side only adviser led by Tony Vaughan (150+ completed lower mid-market deals), advising UK SME founders with £2m-£25m turnover on full and partial sales and staged exits.",,11721705,Active,https://mergers.co.uk/; https://mergers.co.uk/about,90,mergers-co-uk
Meridian Corporate Finance,https://www.meridiancf.com,Independent boutique,,Southampton,South East,Southampton,regional,South East; South West; London,7,team_page,0.4,6.0,2,30,estimate,Deals include a £5m MBO funding; has overseen deals over £110m,True,sell_side; buy_side; mbo; fundraising,Generalist,,info@meridiancf.com,+44 (0)23 8026 8793,https://www.meridiancf.com/Team,https://www.meridiancf.com/contact-us/MeridianCorporateFinance,https://www.linkedin.com/company/meridian-corporate-finance,"Award-winning independent corporate finance firm based near Southampton since 2002, advising owners and management teams in the South on company sales, MBOs and fundraising.",,09340384,Active,https://www.meridiancf.com/; https://www.meridiancf.com/Team; https://www.meridiancf.com/deals/MeridianCorporateFinance; https://thebusinessmagazine.co.uk/companies/southampton-meridian-overseas-110m-deals/,100,meridiancf-com
Merlin Corporate Finance,https://www.merlincf.com,Independent boutique,,Nottingham,East Midlands,Nottingham,local,East Midlands,2,team_page,0.2,2.0,1,10,estimate,,True,sell_side; buy_side; fundraising; restructuring,Generalist,,,+44 (0)115 941 5193,https://www.merlincf.com/our-expertise/,https://www.merlincf.com/contact-us/,,"Small Nottingham corporate finance practice (two directors plus consultant) helping owner-managed businesses with sales, acquisitions, finance raising and challenged situations.",,10599444,Active,https://www.merlincf.com/; https://www.merlincf.com/our-expertise/; https://www.merlincf.com/contact-us/,100,merlincf-com
Meta Corporate Finance,https://www.metacorporatefinance.co.uk,Independent boutique,,Aylesford,South East,Aylesford,regional,South East; London,2,team_page,0.4,5.0,2,25,deals,e.g. £4.45m Foresight investment into DP Medical Systems,True,sell_side; buy_side; mbo; fundraising,Generalist,"Deals across aerospace & defence, chemicals, food/leisure, construction, recruitment, healthcare",admin@metacf.co.uk,01892 822228,https://metacorporatefinance.co.uk/our-people/,https://metacorporatefinance.co.uk/contact-us/,https://www.linkedin.com/company/metacf/,"Kent-based corporate finance boutique (Peter Counsell and Mark Ledger-Beadell) delivering company sales, MBOs/MBIs, acquisitions and private equity development capital deals, focused on London and the South East; KCFA member.",,03766866,Active,https://www.metacorporatefinance.co.uk; https://metacorporatefinance.co.uk/our-people/; https://kcfa.co.uk/member/meta-corporate-finance-ltd/; https://metacorporatefinance.co.uk/; https://metacorporatefinance.co.uk/about-us/,100,metacorporatefinance-co-uk
MHA,https://www.mha.co.uk,Accountancy firm CF team,Baker Tilly International,London,London,London; Leicester; Northampton; Milton Keynes; Newcastle; Manchester; Preston; Cardiff; Birmingham; Reading,national,London; South East; South West; East of England; East Midlands; West Midlands; Yorkshire and the Humber; North West; North East; Scotland; Wales; Northern Ireland,,,0.4,10.0,2,50,estimate,,True,sell_side; buy_side; mbo; fundraising; debt_advisory; due_diligence; valuations,Generalist,,,,,,https://www.linkedin.com/company/mha-uk/,"Listed UK accountancy group (incl. former MacIntyre Hudson, Tait Walker, Moore and Smalley, Watts Gregory) with corporate finance teams advising owner-managed businesses on sales, acquisitions, MBOs and EOTs.",,,,https://www.mha.co.uk/; https://lancashirebusinessview.co.uk/latest-news-and-features/new-recruits-join-growing-corporate-finance-team-at-mha-moore-and-smalley,80,mha-co-uk
Milestone Advisory,https://milestoneadvisory.co.uk,Sector specialist,,London,London,London,national,London; South East; South West; East of England; East Midlands; West Midlands; Yorkshire and the Humber; North West; North East; Scotland; Wales; Northern Ireland,5,team_page,0.4,6.0,2,30,estimate,,True,sell_side; buy_side; fundraising,Media & Marketing; Technology & Software,"Marketing, communications, technology and data businesses",angela@milestoneadvisory.co.uk,,https://www.milestoneadvisory.co.uk/about,https://milestoneadvisory.co.uk/contact,https://www.linkedin.com/company/milestone-advisory/,"London M&A and growth adviser to founders of marketing, communications and technology businesses, covering sell-side, buy-side and fundraising.",,14251025,Active,https://milestoneadvisory.co.uk; https://milestoneadvisory.co.uk/about; https://milestoneadvisory.co.uk/contact; https://www.milestoneadvisory.co.uk/about,100,milestoneadvisory-co-uk
Miller Commercial,https://www.miller-commercial.co.uk,Business broker,,,South West,,regional,South West,,,0.01,0.6,0.05,3,estimate,,True,sell_side; buy_side; valuations,Leisure & Hospitality; Consumer & Retail,"Business Transfer team sells hotels, guesthouses and B&Bs, pubs, restaurants, campsites and holiday cottages, convenience stores and post offices in Cornwall and Devon.",all@miller-commercial.co.uk,01872 247000,https://www.miller-commercial.co.uk/about-us/our-people/,https://www.miller-commercial.co.uk/contact/,https://www.linkedin.com/company/miller-commercial/,Cornwall and Devon chartered surveyors and business property specialists whose Business Transfer team sells owner-operated hospitality and retail businesses across the South West (Truro 01872 and Plymouth 01752 numbers; office addresses not confirmed).,,OC373087,Active,https://www.miller-commercial.co.uk/; https://www.miller-commercial.co.uk/contact/,70,miller-commercial-co-uk
Milsted Langdon (Harbourside Corporate Finance),https://www.milstedlangdon.co.uk,Accountancy firm CF team,,Bristol,South West,Bristol; Bath; Taunton; Yeovil; London,regional,South West; London,,,0.2,4.0,1,20,estimate,,True,sell_side; buy_side; mbo; fundraising; due_diligence; valuations,Generalist,,privacy@milstedlangdon.co.uk,0117 945 2500,https://www.milstedlangdon.co.uk/about-us/meet-the-team/,https://www.milstedlangdon.co.uk/contact-us/,https://www.linkedin.com/company/milsted-langdon-llp/,"South West chartered accountants whose corporate finance team trades as Harbourside Corporate Finance, guiding business owners through valuation, structuring, negotiation and completion of sales and acquisitions.",,OC329479,Active,https://www.milstedlangdon.co.uk/services-for-businesses/corporate-finance/,90,milstedlangdon-co-uk
Mitchell Charlesworth,https://www.mitchellcharlesworth.co.uk,Accountancy firm CF team,,Liverpool,North West,Liverpool; Chester; Manchester; Stockport; Widnes,regional,North West,,,0.2,3.0,1,15,estimate,,True,sell_side; buy_side; mbo,Generalist,,,,,,,"North West chartered accountants whose corporate finance practice, led by a partner, works with SME owners selling a business, acquiring an additional business or raising finance (site behind captcha; offices from general knowledge).",,,,https://www.mitchellcharlesworth.co.uk/,80,mitchellcharlesworth-co-uk
Moelis & Company,https://www.moelis.com,Investment bank / broker,,New York,International,London,international,London; South East; South West; East of England; East Midlands; West Midlands; Yorkshire and the Humber; North West; North East; Scotland; Wales; Northern Ireland,,,50.0,2000.0,250,10000,estimate,,False,sell_side; buy_side; restructuring,Generalist,,investor.relations@moelis.com,,https://www.moelis.com/who-we-are/,,,Global independent investment bank with a London advisory team for large M&A and restructuring.,,,,https://www.moelis.com/,90,moelis-com
Momentum Corporate Finance,https://momentumcf.com,Independent boutique,,Bristol,South West,Bristol; London,national,London; South East; South West; East of England; East Midlands; West Midlands; Yorkshire and the Humber; North West; North East; Scotland; Wales; Northern Ireland,8,team_page,2.0,40.0,10,200,stated,Our transaction values typically range from £10 million to £200 million.,True,sell_side; buy_side; mbo,Technology & Software; Engineering; Business Services; Education,"Sector-agnostic; team experience in technology, cyber security, engineering and business services; over half of deals cross-border.",,+44 (0)117 9200 130,https://momentumcf.com/team,https://momentumcf.com/contact-us,,"Bristol-founded (2005) independent corporate finance boutique advising on company sales, acquisitions and management advisory/MBOs; over 100 transactions worth over £3.5bn, many with international buyers.",,OC311180,Active,https://momentumcf.com; https://momentumcf.com/about-us,100,momentumcf-com
Monahans,https://monahans.co.uk,Accountancy firm CF team,Sumer,Bath,South West,Bath; Chippenham; Swindon; Trowbridge; Glastonbury,regional,South West,,,0.1,2.0,0.5,10,estimate,,True,sell_side; buy_side; mbo; fundraising; debt_advisory; due_diligence; valuations,Generalist,,dominic.bourquin@monahans.co.uk,01225 472800,https://monahans.co.uk/services/corporate-finance,https://monahans.co.uk/contact-us,https://www.linkedin.com/company/mhamonahans,Wiltshire and Somerset accountancy firm (part of Sumer Group) with a corporate finance team advising West Country owner-managed businesses.,,,,https://monahans.co.uk/; https://monahans.co.uk/services/corporate-finance; https://www.sumer.co.uk/services/corporate-finance/,90,monahans-co-uk
Montane Care,https://montanecare.co.uk,Business broker,Montane Group,,,,national,London; South East; South West; East of England; East Midlands; West Midlands; Yorkshire and the Humber; North West; North East; Scotland; Wales; Northern Ireland,4,team_page,0.06,2.0,0.3,10,estimate,,True,sell_side; buy_side; debt_advisory,Care,"Care home sales and acquisitions, plus care-sector finance and insurance broking (Montane Finance/Insurance).",darren.edwards@montanecare.co.uk,07546932811,https://montanecare.co.uk/about-us/,https://montanecare.co.uk/contact-us/,https://www.linkedin.com/company/montane-care,"Boutique care-home transaction agency (part of Montane Group) advising on the sale and acquisition of care homes UK-wide, with linked finance and insurance broking for care operators.",,,,https://montanecare.co.uk/; https://montanecare.co.uk/about-us/,80,montanecare-co-uk
Moore Kingston Smith,https://mooreks.co.uk,Accountancy firm CF team,Moore Global,London,London,London; St Albans; Romford; Redhill; Chichester; Guildford; Salisbury; Southampton,regional,London; South East; East of England; South West,35,stated,1.0,30.0,5,150,stated,£5m to £150m valuations,True,sell_side; buy_side; mbo; fundraising; debt_advisory; due_diligence; valuations,Media & Marketing; Technology & Software; Education; Industrials & Manufacturing; Distribution & Wholesale; Facilities Management,,mail@mks.co.uk,+44 (0)20 4582 1000,https://mooreks.co.uk/services/advisory/corporate-finance/,https://mooreks.co.uk/contact-us/,https://www.linkedin.com/company/moore-kingston-smith,"London and South East accountancy firm with a 35-strong corporate finance team advising owner-managed and founder-led businesses on M&A, private equity and growth capital.",,07694501,Active,https://mooreks.co.uk/; https://mooreks.co.uk/services/advisory/corporate-finance/; https://www.mooresouth.co.uk/; https://www.moore.co.uk/,100,mooreks-co-uk
Moore NI,https://www.moore-ni.co.uk,Accountancy firm CF team,Moore Global,Belfast,Northern Ireland,Belfast,regional,Northern Ireland,,,0.4,6.0,2,30,estimate,,True,sell_side; buy_side; due_diligence; valuations,Generalist,,,,,https://www.moore-ni.co.uk/cdn-cgi/l/email-protection,,"Belfast member of the Moore Global accountancy network; appears in Experian MarketIQ's Northern Ireland financial adviser top-ten for 2023. Website was a 'coming soon' holding page when checked, so service detail is unverified.",,,,https://www.moore-ni.co.uk/; https://www.experian.co.uk/content/dam/marketing/uki/uk/en/pdf/MarketIQ-Report-FY-2023.pdf; https://www.experian.co.uk/content/dam/marketing/uki/uk/en/pdf/MarketIQ-Report-YTD-2023.pdf; https://find-and-update.company-information.service.gov.uk/company/NC001060,90,moore-ni-co-uk
Moorgate Capital,http://www.moorgate-capital.com,Independent boutique,,London,London,London,international,London,,,10.0,,50,,estimate,,False,sell_side; buy_side; fundraising,Generalist,Pan-European cross-border M&A with emerging-markets focus,info@moorgate-capital.com,+44 20 7060 7009,http://www.moorgate-capital.com/people.html,http://www.moorgate-capital.com/contact.html,,"Independent London corporate finance and M&A advisory firm serving multinationals, family businesses, sponsors and management teams, mainly on pan-European cross-border and emerging-market transactions.",,,,http://www.moorgate-capital.com; http://www.moorgate-capital.com/contact.html; http://www.moorgate-capital.com/people.html,90,moorgate-capital-com
Morphose Capital Partners,https://www.morphose.co.uk,Independent boutique,,London,London,London,national,London; South East; South West; East of England; East Midlands; West Midlands; Yorkshire and the Humber; North West; North East; Scotland; Wales; Northern Ireland,,,0.4,10.0,2,50,estimate,,True,sell_side; fundraising; debt_advisory,Generalist,,info@morphose.co.uk,,https://www.morphose.co.uk/about,https://www.morphose.co.uk/contact,https://www.linkedin.com/company/1433824,"FCA-regulated London adviser helping growth companies and owners with equity and debt raises, trade sales and exits.",,,,https://www.morphose.co.uk/; https://www.morphose.co.uk/contact,90,morphose-co-uk
Morris & Young,https://www.morrisandyoung.co.uk,Accountancy firm CF team,,Perth,Scotland,Perth,local,Scotland,,,0.1,2.0,0.5,10,estimate,,True,sell_side; buy_side; due_diligence; valuations,Generalist,,info@morrisandyoung.co.uk,01738 626257,https://morrisandyoung.co.uk/about-us/meet-the-team/,https://morrisandyoung.co.uk/business-development/,,"Perth chartered accountants whose Business Development division supports owner-managed businesses with buying and selling businesses, due diligence and business valuations.",,,,https://www.morrisandyoung.co.uk/; https://morrisandyoung.co.uk/business-development/,90,morrisandyoung-co-uk
Morton Christie,https://www.mortonchristie.co.uk,Business broker,,Coventry,West Midlands,Coventry,regional,West Midlands; East Midlands,1,team_page,0.05,0.5,0.25,2.5,stated,broker service best serves businesses with a valuation between £250k and £2.5M; director has brokered deals ranging from £50k to £12M,True,sell_side; valuations,Generalist; Industrials & Manufacturing,,,+44 1788 229 497,https://www.mortonchristie.co.uk/about-us/,https://www.mortonchristie.co.uk/contact-us/,,"Coventry business broker owned by Chris Elliott (10 years brokering) selling owner-managed businesses, including manufacturing firms, per client testimonials; also runs the Sell My Small Business brand from the same address.",,12024050,Active,https://www.mortonchristie.co.uk/; https://www.mortonchristie.co.uk/contact-us/; https://www.sellmysmallbusiness.co.uk/; https://www.mortonchristie.co.uk/about-us/,100,mortonchristie-co-uk
Motion Advisory Partners,https://www.motionadvisorypartners.com,Sector specialist,,London,London,London,international,London; South East; South West; East of England; East Midlands; West Midlands; Yorkshire and the Humber; North West; North East; Scotland; Wales; Northern Ireland,2,team_page,0.4,10.0,2,50,estimate,,True,sell_side; buy_side,Media & Marketing; Technology & Software,"Marketing agencies, martech/adtech, data & insights, events, digital media",team@motionadvisorypartners.com,+44 (0)20 3137 7815,https://www.motionadvisorypartners.com/about,https://www.motionadvisorypartners.com/contact,https://www.linkedin.com/company/motionadvisory/,London M&A boutique (LLP) founded by Rick Palmer and Rob Reid advising founders and investors in marketing services and marketing technology on sell-side and buy-side transactions.,,OC458452,Active,https://www.motionadvisorypartners.com; https://www.motionadvisorypartners.com/about; https://find-and-update.company-information.service.gov.uk/company/OC458452,100,motionadvisorypartners-com
MP Corporate Finance,https://www.mp-corporatefinance.com,Investment bank / broker,,Vienna,International,London,international,,,,4.0,50.0,20,250,estimate,,False,sell_side; buy_side; fundraising,Industrials & Manufacturing; Automotive; Technology & Software; Healthcare; Life Sciences,"Industrial M&A specialist: advanced manufacturing, automotive & mobility, electronics/tech/IoT, packaging, healthcare & life sciences, metals, wood & paper; buy & build, carve-outs",london@mp-corporatefinance.com,,https://www.mp-corporatefinance.com/de/ueber-uns/team/,https://www.mp-corporatefinance.com/en/contact/,,"Vienna-headquartered industrial M&A adviser ('85+ M&A experts from 26 countries') advising on sell-side, buy-side, buy & build and carve-outs, with a London office at Berkeley Square House.",,,,https://www.mp-corporatefinance.com/de/; https://www.mp-corporatefinance.com/en/contact/; https://www.mp-corporatefinance.com/de/ueber-uns/team/; https://find-and-update.company-information.service.gov.uk/company/17481743,90,mp-corporatefinance-com
Muras Baker Jones,https://muras.co.uk,Accountancy firm CF team,,Wolverhampton,West Midlands,Wolverhampton,local,West Midlands,,,0.1,2.0,0.5,10,estimate,,True,sell_side; buy_side; mbo; fundraising; debt_advisory; due_diligence; valuations,Generalist,,enquiries@muras.co.uk,01902 393000,https://muras.co.uk/about-us/meet-the-team/,https://muras.co.uk/contact-us/,,Wolverhampton accountancy firm with a corporate finance service for Black Country owner-managed businesses.,,,,https://muras.co.uk/; https://muras.co.uk/our-services/corporate-finance/; https://find-and-update.company-information.service.gov.uk/company/09055904,90,muras-co-uk
Myers La Roche,https://myerslaroche.co.uk,Business broker,,Altrincham,North West,Altrincham,national,London; South East; South West; East of England; East Midlands; West Midlands; Yorkshire and the Humber; North West; North East; Scotland; Wales; Northern Ireland,,,0.01,0.6,0.05,3,estimate,,True,sell_side; buy_side; valuations,Healthcare,Independent optical / optometry practices,,0161 929 8389,https://myerslaroche.co.uk/Meet_the_Myers_La_Roche_Team,https://myerslaroche.co.uk/contact,https://www.linkedin.com/company/myers-la-roche-limited/,"Specialist adviser for buying, selling, valuing and exit planning of independent optical (opticians) practices.",,05740090,Active,https://myerslaroche.co.uk/,90,myerslaroche-co-uk
Mystic Capital Advisors,https://mysticcapital.com,Sector specialist,Mystic Capital Advisors Group,New York,International,London,international,London,1,team_page,1.0,20.0,5,100,estimate,"Claims 1,000+ transactions over 25 years; published deals are mainly US insurance agency/MGA sales. Range is an estimate.",True,sell_side; buy_side; due_diligence; valuations; fundraising,Financial Services,"Insurance specialist: retail and specialty insurance brokers, agencies, MGAs and carriers",,+44 (0) 7767 865185,https://mysticcapital.com/about/#our-team,https://mysticcapital.com/contact/,,"US insurance-sector investment bank (M&A, valuations, due diligence, capital raising) with a London subsidiary, Mystic Capital Advisors Limited, at 1 Cornhill.",,,,https://mysticcapital.com/; https://mysticcapital.com/contact/; https://mysticcapital.com/about/; https://find-and-update.company-information.service.gov.uk/company/09054134,100,mysticcapital-com
Nationwide Businesses,https://nationwidebusinesses.co.uk,Business broker,,Purley,London,Purley,national,London; South East; South West; East of England; East Midlands; West Midlands; Yorkshire and the Humber; North West; North East; Scotland; Wales; Northern Ireland,,,0.0,0.1,0.02,0.5,deals,Showcase listings c. £85k-£350k,False,sell_side,Consumer & Retail; Leisure & Hospitality; Food & Beverage,"Restaurants, takeaways, cafes, convenience stores, off licences, newsagents.",info@nationwidebusinesses.co.uk,020 8763 1777,,https://nationwidebusinesses.co.uk/contact/index.asp,https://www.linkedin.com/company/nationwide-businesses,"'No sale no fee' business transfer agent established in 1959 (founded as Trinder & Partners), based in Purley, with 1,000+ small businesses listed nationwide.",,00621763,Active,https://nationwidebusinesses.co.uk/; https://nationwidebusinesses.co.uk/contact/about-nationwide.asp; https://nationwidebusinesses.co.uk/contact/index.asp,90,nationwidebusinesses-co-uk
Nelson Advisors,https://www.nelsonadvisors.co.uk,Sector specialist,,London,London,London,international,London; South East; South West; East of England; East Midlands; West Midlands; Yorkshire and the Humber; North West; North East; Scotland; Wales; Northern Ireland,,,4.0,40.0,20,200,stated,Lower to Mid Market ranging from $25M to $250M EV,False,sell_side; buy_side; fundraising; valuations,Healthcare; Technology & Software; Life Sciences,"HealthTech, MedTech, digital health, healthcare IT and healthcare AI",lloyd@nelsonadvisors.co.uk,,https://nelsonadvisors.co.uk/thought-leadership,https://www.nelsonadvisors.co.uk,,"London LLP (Portland Place) advising European HealthTech, MedTech and digital health companies on sell-side and buy-side M&A, divestitures and growth investment, run by former HealthTech founders.",,OC456267,Active,https://www.nelsonadvisors.co.uk,90,nelsonadvisors-co-uk
Newbrook Capital Solutions,https://newcapsolutions.com,Debt adviser,,London,London,London,international,London; South East; South West; East of England; East Midlands; West Midlands; Yorkshire and the Humber; North West; North East; Scotland; Wales; Northern Ireland,14,estimate,10.0,200.0,50,1000,deals,,False,debt_advisory,Generalist,,contact@newcapsolutions.com,,https://newcapsolutions.com/,,,"Independent debt and capital structure adviser (London and Madrid) to private equity, corporates and business owners on acquisition financings, refinancings and holdco/fund finance.",,OC450315,Active,https://newcapsolutions.com/,100,newcapsolutions-com
NGA Care,https://www.ngacare.co.uk,Sector specialist,,Leicester,East Midlands,Leicester,national,London; South East; South West; East of England; East Midlands; West Midlands; Yorkshire and the Humber; North West; North East; Scotland; Wales; Northern Ireland,,,0.1,8.0,0.5,40,stated,"""Priced between £500,000 for boutique operations to medium sized care groups valued in excess of £40,000,000.""",True,sell_side; valuations,Care; Healthcare,Care home and healthcare business brokerage.,nick@ngacare.co.uk,07943 107887,,https://www.ngacare.co.uk/contact-us,,"Independent care home brokerage in Leicester founded by Nick Greaves, who has completed over 100 care deals; buys and sells care homes and healthcare businesses UK-wide.",,11782714,Active,https://www.ngacare.co.uk/; https://www.ngacare.co.uk/contact-us,90,ngacare-co-uk
Nicholsons,https://www.nicholsonscharteredaccountants.co.uk,Accountancy firm CF team,,Lincoln,East Midlands,Lincoln,regional,East Midlands,,,0.1,2.0,0.5,10,estimate,,True,sell_side; buy_side; mbo; fundraising; valuations,Generalist,,hello@nicholsonsca.co.uk,01522 815100,https://www.nicholsonscharteredaccountants.co.uk/about-us/our-team/,https://www.nicholsonscharteredaccountants.co.uk/contact/,https://www.linkedin.com/company/nicholsons-chartered-accountants/,"Lincoln chartered accountants and member of The Corporate Finance Network, with a corporate finance team supporting Lincolnshire owner-managers on sales, acquisitions, MBOs and structuring.",,09774814,Active,https://www.nicholsonscharteredaccountants.co.uk/our-services/corporate-finance/,90,nicholsonscharteredaccountants-co-uk
NINE58,https://www.nine58.com,Independent boutique,,London,London,London,international,London,8,team_page,1.0,20.0,5,100,estimate,focus on small to mid-cap transactions,True,sell_side; buy_side; fundraising; debt_advisory; valuations,Energy & Renewables; Technology & Software; Telecoms; Industrials & Manufacturing; Consumer & Retail,"Anglo-French team (London HQ, Paris office); energy, TMT, industrials & services, consumer & retail, infrastructure",info@nine58.com,+44 77 48 14 80 62,https://www.nine58.com/our-team-2,https://www.nine58.com,https://www.linkedin.com/company/nine58/,"London-headquartered M&A boutique with a Paris office focused on small to mid-cap M&A, fundraising, debt and valuations, often cross-border UK/France.",,,,https://www.nine58.com/; https://www.nine58.com/our-team-2; https://www.nine58.com/selected-credentials,100,nine58-com
NJB Corporate Finance,https://njbcorporatefinance.com,Independent boutique,,Omagh,Northern Ireland,Omagh,regional,Northern Ireland,,,0.1,2.0,0.5,10,estimate,'Our Partners have advised and supported on Private Company transactions in excess of £90m',True,sell_side; buy_side; fundraising; debt_advisory,Generalist,"Owner-managed businesses: succession planning/business sales and acquisitions, debt/equity and grant funding, R&D tax credits, business recovery",info@njbcorporatefinance.com,+44 (0) 77 3694 8296,,https://njbcorporatefinance.com/,,"Omagh (Co Tyrone) corporate finance practice advising owner-managers on business sales and acquisitions, succession planning and debt, equity and public-sector funding.",,NI671631,Active,https://njbcorporatefinance.com/; https://find-and-update.company-information.service.gov.uk/company/NI671631,90,njbcorporatefinance-com
Noble & Co,https://nobleandcompany.com,Independent boutique,,Edinburgh,Scotland,Edinburgh,regional,Scotland,4,team_page,1.0,20.0,5,100,estimate,,True,sell_side; buy_side; mbo; fundraising; debt_advisory; valuations; restructuring,Financial Services; Energy & Renewables; Food & Beverage; Technology & Software; Charity & Public Sector,"Generalist with particular expertise in financial services, energy and power, food and drink, infrastructure, technology and sustainability; also advises public sector bodies.",,+44 (0)131 603 7680,https://nobleandcompany.com/who-we-are/,https://nobleandcompany.com/contact-us-2/,,"Edinburgh-headquartered independent Scottish financial advisory firm advising companies and public sector bodies on M&A, fundraising, MBOs/MBIs, succession planning, strategic reviews and restructuring.",,SC420569,Active,https://nobleandcompany.com; https://nobleandcompany.com/our-services/; https://nobleandcompany.com/who-we-are/; https://nobleandcompany.com/contact-us-2/; https://acumon.com/blog/ma-advisory-services-companies-edinburgh/,100,nobleandcompany-com
Novistra Capital,https://novistra.com,Sector specialist,,London,London,London,international,London; South East; South West; East of England; East Midlands; West Midlands; Yorkshire and the Humber; North West; North East; Scotland; Wales; Northern Ireland,,,1.0,20.0,5,100,estimate,,True,sell_side; buy_side; fundraising,Media & Marketing; Technology & Software; Education,"Events & exhibitions, media, tech/ITeS, education",info@novistra.com,+44 20 39966879,https://novistra.com/industries/hospitality/,https://novistra.com/contact-us/,https://www.linkedin.com/company/novistra-capital/,"Boutique M&A adviser to growth companies with domain expertise in media & events, technology/IT-enabled services and education; offices in UK, US and India.",,,,https://novistra.com/; https://novistra.com/industries/education/,90,novistra-com
NovitasFTCL,https://www.novitasftcl.com,Sector specialist,,London,London,London,international,London; South East; South West; East of England; East Midlands; West Midlands; Yorkshire and the Humber; North West; North East; Scotland; Wales; Northern Ireland,,,2.0,60.0,10,300,estimate,,True,sell_side; buy_side; fundraising,Financial Services; Technology & Software,"Payments, fintech, financial software, data, BPO and securities services",info@novitasftcl.com,+44 203 968 8570,https://www.novitasftcl.com/transactions/digilytics/,https://www.novitasftcl.com/about/,https://www.linkedin.com/company/10458069,"Independent corporate finance adviser to the European fintech industry with a core focus on payments, financial software, data and market infrastructure; 200+ transactions.",,08360208,Active,https://www.novitasftcl.com/,90,novitasftcl-com
NurserySales.co.uk (Oakhurst Corporate),https://nurserysales.co.uk,Business broker,,Winchester,South East,Winchester; Chester,national,London; South East; South West; East of England; East Midlands; West Midlands; Yorkshire and the Humber; North West; North East; Scotland; Wales; Northern Ireland,,,0.1,2.0,0.5,10,estimate,,True,sell_side; buy_side; debt_advisory,Education,"Day nurseries / childcare only: off-market, success-only-fee nursery sales and acquisitions; sister site NurseryFinance.co.uk arranges nursery finance.",info@nurserysales.co.uk,01962 842 612,https://nurserysales.co.uk/about/,https://nurserysales.co.uk/contact/,,"Day nursery sales and acquisitions specialist run by Oakhurst Corporate (director Rhett Hill, 20+ years in nursery finance and off-market deals), with offices in Winchester and Chester and nationwide coverage.",,,,https://nurserysales.co.uk/; https://nurserysales.co.uk/about/; https://nurserysales.co.uk/contact/; https://nurseryfinance.co.uk,90,nurserysales-co-uk
Oakmead Finance,https://oakmeadfinance.com,Debt adviser,,,,,national,London; South East; South West; East of England; East Midlands; West Midlands; Yorkshire and the Humber; North West; North East; Scotland; Wales; Northern Ireland,,,0.2,6.0,1,30,estimate,"Funding solutions ranging from £250,000 to £15 million+",True,debt_advisory,Generalist,,,01732 424340,,https://oakmeadfinance.com/contact-us/,,"Independent capital and debt advisory firm (and credit broker) arranging acquisition, growth and working capital funding for UK SMEs from £250k to £15m+, with £300m+ arranged since 2015.",,,,https://oakmeadfinance.com/,70,oakmeadfinance-com
Oakvale Capital,https://oakvalecapital.com,Sector specialist,,London,London,London,international,London; South East; South West; East of England; East Midlands; West Midlands; Yorkshire and the Humber; North West; North East; Scotland; Wales; Northern Ireland,,,2.0,100.0,10,500,estimate,,True,sell_side; buy_side; fundraising,Leisure & Hospitality; Technology & Software,"Gambling, igaming, gaming and sports",info@oakvalecapital.com,+44 (0)20 7580 3838,,,,"FCA-regulated London corporate finance boutique specialising in gambling, gaming and sports M&A and capital raising.",,OC369646,Active,https://oakvalecapital.com/,90,oakvalecapital-com
Oasis Europe,https://oasiseurope.com,Independent boutique,,Reading,South East,Reading; London; Falmouth,national,London; South East; South West; East of England; East Midlands; West Midlands; Yorkshire and the Humber; North West; North East; Scotland; Wales; Northern Ireland,,,0.4,20.0,2,100,stated,"typically in the business value range of £2m to £100m; majority sell-side, SMEs in EV range £2-£100M",True,sell_side; buy_side,Generalist,,oasis@oasiseurope.com,+44 (0)118 958 5588,https://oasiseurope.com/about-oasis-mergers-and-acquisitions/,https://oasiseurope.com/contact-us/,,"Reading-based adviser to owners of private businesses on share sales and acquisitions since 1984, with 500+ completed transactions and offices in London and Falmouth.",,02336331,Active,https://oasiseurope.com/; https://oasiseurope.com/contact-us/,90,oasiseurope-com
Oberon Capital,https://oberoninvestments.com,Investment bank / broker,Oberon Investments Group,London,London,London,national,London; South East; South West; East of England; East Midlands; West Midlands; Yorkshire and the Humber; North West; North East; Scotland; Wales; Northern Ireland,,,2.0,40.0,10,200,estimate,,True,ecm; fundraising; buy_side; sell_side,Generalist,Small and mid-cap quoted companies (corporate broking),info@oberoninvestments.com,020 3179 5300,https://oberoninvestments.com/oberon-group-people/,https://oberoninvestments.com/contact-us/,https://www.linkedin.com/company/oberon-investments/,"Corporate broking and advisory division of London financial services group Oberon Investments, offering fundraising, equity research, broking and financial advisory/M&A to small and mid-cap companies.",,02198303,Active,https://oberoninvestments.com/corporate-advisory-complete/; https://oberoninvestments.com/contact-us/; https://oberoninvestments.com/,90,oberoninvestments-com
Oghma Partners,https://oghmapartners.com,Sector specialist,,London,London,London,international,London; South East; South West; East of England; East Midlands; West Midlands; Yorkshire and the Humber; North West; North East; Scotland; Wales; Northern Ireland,9,team_page,1.0,20.0,5,100,deals,"deals include £12m Cool Logistics, £23.5m McCambridge cake division, £84m Icelandic Group UK",True,sell_side; buy_side; fundraising,Food & Beverage; Leisure & Hospitality; Agriculture,,info@oghmapartners.com,+44 (0) 20 3931 9875,https://oghmapartners.com/team/,https://oghmapartners.com/contact-us/,https://www.linkedin.com/company/oghma-partners,"Corporate finance boutique specialising in food, beverage, agribusiness and hospitality, bringing investment-bank skills to smaller transactions; 56 deals completed.",,OC344257,Active,https://oghmapartners.com/; https://oghmapartners.com/team/,100,oghmapartners-com
Old Mill,https://om.uk,Accountancy firm CF team,,Yeovil,South West,Yeovil; Exeter; Wells; Ilminster; Chippenham,regional,South West,,,0.2,3.0,1,15,estimate,,True,sell_side; buy_side; mbo; fundraising; due_diligence; valuations,Generalist,Also advises on employee ownership trust transactions,,,https://om.uk/contact-us/our-people/,https://om.uk/contact-us/,http://www.linkedin.com/company/473828/,"South West accountancy firm with a dedicated corporate finance team operating like a boutique: business sales, MBOs, acquisitions, private equity raises and due diligence.",,,,https://om.uk/services/corporate-finance/,90,om-uk
Ondra Partners,https://www.ondra.com,Independent boutique,,London,London,London,international,London,,,20.0,,100,,estimate,,False,buy_side; sell_side; restructuring; debt_advisory,Generalist,,contact@ondra.com,,https://www.ondra.com/team/,https://www.ondra.com/contact/,,"Independent European financial advisory firm founded in 2008, with partners in London, Paris and Zurich, advising boards and investors on strategic, capital structure and special situations work. Its deals are well above SME size.",,15554069,Active,https://www.ondra.com/; https://www.ondra.com/contact/; https://www.ondra.com/team/,90,ondra-com
ONEtoONE UK,https://www.onetoonecf.com/ctgb/,Independent boutique,ONEtoONE Corporate Finance (global network),Birmingham,West Midlands,Birmingham; London,national,London; South East; South West; East of England; East Midlands; West Midlands; Yorkshire and the Humber; North West; North East; Scotland; Wales; Northern Ireland,6,team_page,1.0,20.0,5,100,estimate,"'Proven track record in 200+ UK deals', mid-market acquisitions to cross-border transactions",True,sell_side; buy_side; valuations; fundraising; debt_advisory,Technology & Software; Energy & Renewables; Healthcare; Industrials & Manufacturing; Financial Services,,info.gb@onetoonecf.com,,https://www.onetoonecf.com/ctgb/,https://www.onetoonecf.com/ctgb/,https://www.linkedin.com/company/onetoone-corporate-finance,"UK arm of the ONEtoONE global M&A advisory network (90+ cities), with offices in Birmingham (St Paul's Square) and London, advising owners, PE and corporates on sell-side, buy-side, valuations and capital raising with a cross-border buyer reach.",,,,https://www.onetoonecf.com/ctgb/,100,onetoonecf-com-ctgb
Onward Advisory,https://onwardadvisory.co.uk,Independent boutique,,Sudbury,East of England,Sudbury,regional,East of England; London,1,team_page,0.4,2.0,2,10,stated,£2m–£10m typical enterprise value (EV) of the businesses we advise,True,sell_side; valuations,Generalist,"Exit preparation, value creation and transition for owner-managed businesses",mervyn@onwardadvisory.co.uk,07899 977763,,https://onwardadvisory.co.uk,,"Suffolk transition adviser led by Mervyn Douglas (business owner, PE and investment background) preparing and selling owner-managed businesses of typically £2m-£10m EV.",,17307850,Active,https://onwardadvisory.co.uk,100,onwardadvisory-co-uk
Optima Corporate Finance,https://www.optimacf.com,Sector specialist,,London,London,London,international,London; South East; South West; East of England; East Midlands; West Midlands; Yorkshire and the Humber; North West; North East; Scotland; Wales; Northern Ireland,5,team_page,0.4,10.0,2,50,estimate,,True,sell_side; buy_side; fundraising,Recruitment & Staffing; Business Services; Technology & Software,"Human capital only: recruitment/staffing agencies and HR tech and services; 30+ years in the sector, many cross-border deals.",info@optimacf.com,+44 20 7164 6664,https://www.optimacf.com/team/,https://www.optimacf.com/,,"London human capital investment bank (founder Philip Ellis) advising recruitment, staffing and HR tech/services companies on sales and acquisitions, e.g. RE Recruitment's sale to Adama-backed Taskmaster.",,,,https://www.optimacf.com/; https://www.optimacf.com/team/; https://www.optimacf.com/transactions/; https://www.optimacf.com/about/,100,optimacf-com
Optiva Securities,https://optivasecurities.com,Investment bank / broker,,London,London,London,national,London; South East; South West; East of England; East Midlands; West Midlands; Yorkshire and the Humber; North West; North East; Scotland; Wales; Northern Ireland,,,0.4,20.0,2,100,estimate,,True,ecm; fundraising,Generalist,,info@optivasecurities.com,020 3137 1902,,,,London stockbroker providing corporate broking and equity fundraising for small-cap AIM and LSE-quoted companies.,,03068464,Active,https://optivasecurities.com/,90,optivasecurities-com
Opus Advisory Group (Opus Deal Advisors),https://opusllp.com,Accountancy firm CF team,,London,London,London; Birmingham; Bristol; Croydon; Edinburgh,national,London; South East; West Midlands; South West; Scotland,,,0.4,6.0,2,30,estimate,,True,sell_side; buy_side; fundraising; valuations; restructuring,Business Services; Technology & Software; Industrials & Manufacturing; Engineering; Consumer & Retail,"Sectors listed: business services, gaming, software, technology services, aerospace & defence, consumer, manufacturing & engineering",,+4402033266454,https://opusllp.com/about-us/our-people/,https://opusllp.com/contact-us/,https://www.linkedin.com/company/opus-advisory-group-uk,"Restructuring and advisory group whose Opus Deal Advisors arm provides sell-side, buy-side, growth fundraising and valuation advice to mid-market and SME businesses.",,,,https://opusllp.com/dealadvisory/; https://opusllp.com/dealadvisory/about/; https://opusllp.com/,90,opusllp-com
Opus Corporate Finance,https://opuscf.com,Sector specialist,,London,London,London,international,London,19,team_page,2.0,60.0,10,300,estimate,,True,sell_side; buy_side; fundraising,Energy & Renewables; Environmental Services,"Energy transition and sustainable economy: renewables, battery storage, EV charging, heat networks",,+44 20 7025 3600,https://opuscf.com/our-people/,https://opuscf.com/contact-us/,https://www.linkedin.com/company/opus-corporate-finance-llp/,"London specialist investment bank (founded 2006) delivering M&A and growth capital for energy transition infrastructure, services and technology clients across Europe.",,OC324433,Active,https://opuscf.com/; https://opuscf.com/contact-us/; https://opuscf.com/our-transactions/; https://opuscf.com/our-people/,100,opuscf-com
Ovation Corporate Finance,https://ovationcf.com,Sector specialist,,London,London,London,international,London,,,1.0,40.0,5,200,estimate,,True,sell_side; buy_side; fundraising,Leisure & Hospitality; Media & Marketing,"Sport and media: rights holders, clubs and sports/media business owners",contact@ovationcf.com,020 7965 7210,,,,"Fulham-based corporate finance adviser (appointed representative of Red Sky Capital Solutions LLP) on investment and exit strategies for sports rights holders, clubs and sport/media businesses.",,14390912,Active,https://ovationcf.com/,90,ovationcf-com
Owen Froebel,https://owenfroebel.co.uk,Business broker,,Coventry,West Midlands,Coventry,national,London; South East; South West; East of England; East Midlands; West Midlands; Yorkshire and the Humber; North West; North East; Scotland; Wales; Northern Ireland,,,0.06,2.0,0.3,10,estimate,,True,sell_side; buy_side; valuations,Education,Day nurseries and preschools only; publishes a nursery benchmarking report.,hello@owenfroebel.co.uk,02476 013929,,https://owenfroebel.co.uk/contact-us/,https://www.linkedin.com/company/owen-froebel-limited/,"Specialist UK broker and valuer of day nurseries and preschools, run by a team with backgrounds in healthcare and childcare M&A; sells single settings and small groups to operators and consolidators.",,13971855,Active,https://owenfroebel.co.uk; https://owenfroebel.co.uk/about-us/,90,owenfroebel-co-uk
Palmstone Capital,https://www.palmstone-capital.com,Debt adviser,Palmstone Group,London,London,London,international,London; South East; South West; East of England; East Midlands; West Midlands; Yorkshire and the Humber; North West; North East; Scotland; Wales; Northern Ireland,,,1.0,100.0,5,500,estimate,lower mid-market bank loans £1m-£10m; sponsor-backed packages £10m-£100m+,True,debt_advisory; sell_side; buy_side,Generalist,,,,,https://www.palmstone-capital.com/contact,,"M&A and debt advisory division of Palmstone Group (London, New York, Singapore, Cyprus) offering independent debt advisory from lower mid-market bank loans to unitranche, plus sell-side and buy-side M&A.",,,,https://www.palmstone-capital.com/debt-advisory/uk; https://www.palmstone-capital.com/contact,90,palmstone-capital-com
Panmure Liberum,https://www.panmureliberum.com,Investment bank / broker,,London,London,London; Leeds,national,London; South East; South West; East of England; East Midlands; West Midlands; Yorkshire and the Humber; North West; North East; Scotland; Wales; Northern Ireland,,,6.0,200.0,30,1000,estimate,,False,sell_side; buy_side; fundraising; ecm; debt_advisory,Generalist,,,+44 (0)20 3100 2000,https://www.panmureliberum.com/about,https://www.panmureliberum.com/contact,,"UK investment bank formed from the merger of Panmure Gordon and Liberum, offering corporate broking, ECM, M&A and debt advice to small and mid-cap companies.",,04915201,Active,https://www.panmureliberum.com/; https://www.panmureliberum.com/contact,90,panmureliberum-com
Park Place Corporate Finance,https://www.ppcf.co.uk,Independent boutique,,Leeds,Yorkshire and the Humber,Leeds,regional,Yorkshire and the Humber,,,2.0,30.0,10,150,deals,over 150 completed transactions with an aggregate deal value in excess of £7.8bn; deals shown include a £30m carve-out MBO (William Blythe) and a mid/large-cap secondary buyout (BRUSH),True,mbo; sell_side; buy_side; fundraising; debt_advisory,Generalist,,,,,https://www.ppcf.co.uk/contact-us/,,"Leeds corporate finance boutique (19 Park Place) best known for advising management teams on MBOs and secondary buyouts, plus disposals and acquisitions; over 150 completed deals worth more than £7.8bn in aggregate, mostly mid-market. Shortlisted at Insider's Yorkshire Dealmakers.",,09299372,Active,https://www.ppcf.co.uk/; https://www.ppcf.co.uk/contact/; https://www.insidermedia.com/event/yorkshire-dealmakers-awards-2024/shortlist,90,ppcf-co-uk
Parker Barras,https://parkerbarras.co.uk,Business broker,,Middlesbrough,North East,Middlesbrough,national,London; South East; South West; East of England; East Midlands; West Midlands; Yorkshire and the Humber; North West; North East; Scotland; Wales; Northern Ireland,,,0.0,0.2,0.02,1,estimate,,False,sell_side; valuations,Generalist; Consumer & Retail; Construction & Property,,hello@parkerbarras.co.uk,01642 987987,https://parkerbarras.co.uk/about-us/meet-the-team,https://parkerbarras.co.uk/contact,,Middlesbrough commercial property consultants and business transfer agents selling owner-managed businesses across the UK with no upfront fees.,,,,https://parkerbarras.co.uk/; https://parkerbarras.co.uk/contact,90,parkerbarras-co-uk
ParkHill Corporate Finance,https://www.parkhillcf.com,Independent boutique,,Wetherby,Yorkshire and the Humber,Wetherby,national,London; South East; South West; East of England; East Midlands; West Midlands; Yorkshire and the Humber; North West; North East; Scotland; Wales; Northern Ireland,2,estimate,0.4,6.0,2,30,estimate,,True,sell_side; buy_side; mbo; fundraising,Engineering; Consumer & Retail; Leisure & Hospitality; Generalist,"Particular expertise in precision engineering and health, beauty and well-being",info@parkhillcf.com,+44 1937 378119,,https://www.parkhillcf.com,,"Wetherby-based lead advisory boutique (principals incl. Miles Stanyard) executing disposals, acquisitions, MBOs and selective fundraisings; deals include Market Town Taverns sale and Avingtrans' acquisition of Transkem Plant.",,14295596,Active,https://www.parkhillcf.com,100,parkhillcf-com
Parsons,https://parsons.co.uk,Accountancy firm CF team,,Wakefield,Yorkshire and the Humber,Wakefield; York,regional,Yorkshire and the Humber,,,0.2,2.0,1,10,estimate,,True,sell_side; buy_side; mbo; fundraising; due_diligence,Generalist; Industrials & Manufacturing; Construction & Property; Healthcare; Technology & Software,,info@parsons.co.uk,01924 669 500,https://parsons.co.uk/our-team/,https://parsons.co.uk/contact/,https://www.linkedin.com/company/parsonsaccountants,"Independent Wakefield/York chartered accountants (40+ staff) with a corporate finance team led by MD Ian Parsons, advising on M&A, MBOs/MBIs, fundraising and due diligence; advised on the family buyout of PDS Design & Build.",,07533129,Active,https://parsons.co.uk; https://parsons.co.uk/corporate-finance/; https://www.business-sale.com/news/mbo-mbi/family-buyout-for-west-yorkshire-design-build-company-227574,90,parsons-co-uk
PCB Partners,https://www.pcbpartners.co.uk,Sector specialist,,London,London,London,international,London; South East; South West; East of England; East Midlands; West Midlands; Yorkshire and the Humber; North West; North East; Scotland; Wales; Northern Ireland,14,team_page,1.0,20.0,5,100,estimate,,True,sell_side; buy_side,Technology & Software; Professional Services; Media & Marketing; Business Services; Recruitment & Staffing,"Technology services, management consulting, digital/media/marketing agencies and human capital management (HR/people) businesses; strong buy-side programme work",team@pcbpartners.co.uk,+44 (0)20 3795 9084,https://pcbpartners.co.uk/the-team/,https://pcbpartners.co.uk/contact-us/,https://www.linkedin.com/company/pcb-partners,"Boutique M&A adviser for the 'digital first economy', running sell-side and global buy-side mandates for technology services, consulting, marketing and HR businesses and their PE backers; shortlisted at Insider North West Dealmakers.",,11167550,Active,https://www.pcbpartners.co.uk/; https://pcbpartners.co.uk/the-team/; https://transactionriskprofessionals.com/shortlists-revealed-for-north-west-dealmakers/,100,pcbpartners-co-uk
Peel Hunt,https://www.peelhunt.com,Investment bank / broker,,London,London,London,national,London; South East; South West; East of England; East Midlands; West Midlands; Yorkshire and the Humber; North West; North East; Scotland; Wales; Northern Ireland,,,10.0,400.0,50,2000,estimate,,False,sell_side; buy_side; fundraising; ecm,Generalist,,,,,,,"Leading UK mid-cap investment bank and corporate broker providing ECM, public M&A and advisory services to UK quoted companies.",,OC357088,Active,https://www.peelhunt.com/,80,peelhunt-com
PEM Corporate Finance,https://www.pemcf.com,Accountancy firm CF team,PEM,Cambridge,East of England,Cambridge,regional,East of England; London,4,team_page,0.2,5.0,1,25,estimate,£100M+ value of transactions,True,sell_side; buy_side; mbo; fundraising; debt_advisory; valuations; due_diligence,Generalist; Technology & Software; Life Sciences,,info@pemcf.com,01223 728222,https://www.pemcf.com/about-us/our-team/,https://www.pemcf.com/contact-us/,https://www.linkedin.com/company/pem-corporate-finance-llp/,"Corporate finance arm of Cambridge accountants Peters Elworthy & Moore, advising owner-managed businesses in Cambridgeshire, London and East Anglia on sales, MBOs, fundraising and due diligence; ICAEW CF Faculty member.",,OC302288,Active,https://www.pemcf.com/; https://www.icaew.com/technical/corporate-finance/corporate-finance-faculty/member-firms,100,pemcf-com
Perella Weinberg Partners,https://pwpartners.com,Investment bank / broker,,New York,International,London,international,London,,,50.0,,250,,estimate,,False,sell_side; buy_side; restructuring; fundraising,Energy & Renewables; Generalist,Includes TPH&Co. energy investment banking; acquired London boutique Gleacher Shacklock.,,,https://pwpartners.com/our-people/,,,"Global independent investment bank with a London advisory team (incl. former Gleacher Shacklock and TPH&Co. energy business) advising on large-cap M&A, restructuring and capital raising.",,,,https://pwpartners.com; https://tphco.com; https://investors.pwpartners.com/news-releases/news-release-details/perella-weinberg-acquire-gleacher-shacklock-leading-independent; https://www.execcapital.co.uk/ranking-top-20-uk-corporate-finance-ma-boutiques/; https://www.pwpartners.com/; https://www.experian.co.uk/content/dam/marketing/uki/uk/en/pdf/MarketIQ-Report-FY-2024.pdf,90,pwpartners-com
PFM Dental,https://www.pfmdental.co.uk,Business broker,,York,Yorkshire and the Humber,York,national,London; South East; South West; East of England; East Midlands; West Midlands; Yorkshire and the Humber; North West; North East; Scotland; Wales,,,0.05,1.0,0.25,5,estimate,,True,sell_side; buy_side; valuations,Dental & Veterinary,Dental practices only,sales@pfmdental.co.uk,01904 670820,,https://pfmdental.co.uk/contact/,,"Yorkshire-based dental-only professional services firm offering practice sales and valuations, plus dental legal, accountancy and wealth services, nationwide.",,,,https://www.pfmdental.co.uk/,90,pfmdental-co-uk
Pharmacy Sales UK,https://www.pharmacysalesuk.com,Sector specialist,,Tranent,Scotland,Tranent,regional,Scotland; North East; North West,,,0.1,1.0,0.5,5,deals,listed sold pharmacies with turnover c.£0.7m-£3.8m; 'concluded sales in excess of £330m in pharmacy sales turnover',True,sell_side; buy_side; valuations,Pharmacy,,,01506 843444,,https://www.pharmacysalesuk.com/contact-us.php,,"Family-run pharmacy business agent and stocktaker (Tranent, East Lothian) that values and sells community pharmacies, mainly in Scotland; publishes a sold list (Glasgow, Edinburgh, Aberdeen, Ayrshire, Lanarkshire pharmacies) and cites £330m+ of pharmacy turnover sold.",,,,https://www.pharmacysalesuk.com/; https://www.pharmacysalesuk.com/pharmacy-sales.php; https://www.pharmacysalesuk.com/contact-us.php,90,pharmacysalesuk-com
PharmaVentures,https://www.pharmaventures.com,Sector specialist,,Oxford,South East,Oxford; London,international,South East; London,30,stated,,,,,,,,sell_side; buy_side; due_diligence; valuations,Life Sciences; Healthcare,"Pharma/biotech/consumer health licensing, M&A, divestments and strategic alliances.",enquiries@pharmaventures.com,+44 (0) 1865 332 700,https://www.pharmaventures.com/about-us/experienced-team/,https://www.pharmaventures.com/contact-us/,https://www.linkedin.com/company/pharmaventures/,"Oxford and London based transaction advisory firm for the pharma and life sciences industry, advising on 1,000+ licensing, M&A, divestment and JV projects over 30 years; employs over 30 professionals (stated, not all deal staff).",,03419584,Active,https://www.pharmaventures.com,90,pharmaventures-com
Pierce,https://www.pierce.co.uk,Accountancy firm CF team,,Blackburn,North West,Blackburn; Bolton; Bury,regional,North West,,,0.2,4.0,1,20,estimate,,True,sell_side; buy_side; mbo; fundraising; due_diligence; valuations,Generalist,,enquiries@pierce.co.uk,01254 688100,https://www.pierce.co.uk/our-team,https://www.pierce.co.uk/contact,https://www.linkedin.com/company/pierce-c.-a.-limited,"Lancashire accountancy group with a dedicated Pierce Corporate Finance team (Kevin Steven, Jimmy Moore) advising on business sales, MBOs, valuations, modelling and transaction support; PE-backed deals include Panoramic Growth Equity.",,,,https://www.pierce.co.uk/services/corporate-finance; https://www.pierce.co.uk/our-offices,90,pierce-co-uk
Pinpoint Advisory,https://pinpointadvisory.co.uk,Independent boutique,,Halesowen,West Midlands,Halesowen,regional,West Midlands,1,team_page,0.2,4.0,1,20,estimate,,True,sell_side; buy_side; mbo; fundraising; debt_advisory,Generalist,,phil@pinpointadvisory.co.uk,07966 302409,,https://pinpointadvisory.co.uk,,"Corporate finance adviser (Pinpoint Advisory Limited, registered in Halesowen) offering M&A, MBO, debt/equity funding and retained board advice to shareholders, management teams and investors; cites £1bn+ of transaction experience.",,09384165,Active,https://pinpointadvisory.co.uk; https://find-and-update.company-information.service.gov.uk/company/09384165,100,pinpointadvisory-co-uk
"Piper Sandler (European Consumer, ex-Stamford Partners)",https://pipersandler.com/consumer/european-consumer-investment-banking,Investment bank / broker,Piper Sandler,London,London,London,international,London; South East; South West; East of England; East Midlands; West Midlands; Yorkshire and the Humber; North West; North East; Scotland; Wales; Northern Ireland,,,4.0,200.0,20,1000,estimate,,False,sell_side; buy_side; fundraising,Food & Beverage; Consumer & Retail,,,,https://www.pipersandler.com/who-we-are,https://www.pipersandler.com/locations,,"London-based European consumer investment banking team of Piper Sandler, formed from food & beverage specialist Stamford Partners (acquired 2022).",,03846990,Active,https://pipersandler.com/consumer/european-consumer-investment-banking; https://www.thegrocer.co.uk/mergers-and-acquisitions/food-and-drink-manda-specialist-stamford-partners-snapped-up-by-us-investment-bank-piper-sandler/663219.article,90,pipersandler-com-consumer-european-consumer-investment-banking
PJT Partners,https://www.pjtpartners.com,Investment bank / broker,,New York,International,London,international,London,,,100.0,,500,,estimate,,False,sell_side; buy_side; restructuring; fundraising,Generalist,,info@pjtpartners.com,,https://www.pjtpartners.com/about/who-we-are,,,"Global independent advisory firm with a significant London team covering strategic M&A, restructuring and shareholder advisory on large transactions.",,,,https://www.pjtpartners.com; https://www.execcapital.co.uk/ranking-top-20-uk-corporate-finance-ma-boutiques/,90,pjtpartners-com
PKF Francis Clark,https://pkf-francisclark.co.uk,Accountancy firm CF team,PKF International,Exeter,South West,Bristol; Exeter; Plymouth; Poole; Salisbury; Southampton; Taunton; Torquay; Truro,regional,South West; South East; Wales,50,stated,0.2,10.0,1,50,estimate,over 100 completed deals every year,True,sell_side; buy_side; mbo; fundraising; debt_advisory; due_diligence; valuations,Energy & Renewables; Generalist,Specialist energy and renewables deal team; employee ownership trusts,,,https://pkf-francisclark.co.uk/services/corporate-finance/,https://pkf-francisclark.co.uk/contact-us/,https://www.linkedin.com/company/francis-clark-chartered-accountants/,South West accountancy firm with a 50+ strong corporate finance team completing over 100 deals a year; ranked most active financial adviser in the South West (Experian 2025).,,,,https://pkf-francisclark.co.uk/; https://pkf-francisclark.co.uk/services/corporate-finance/,100,pkf-francisclark-co-uk
PKF Littlejohn,https://www.pkf-l.com,Accountancy firm CF team,PKF International,London,London,London; Leeds; Manchester,national,London; South East; South West; East of England; East Midlands; West Midlands; Yorkshire and the Humber; North West; North East; Scotland; Wales; Northern Ireland,,,1.0,20.0,5,100,estimate,,True,due_diligence; valuations; ecm; buy_side; sell_side; restructuring,Financial Services; Technology & Software; Energy & Renewables; Construction & Property,Strong in AIM/capital markets and natural resources,,020 7516 2200,https://www.pkf-l.com/services/transaction-advisory/,https://www.pkf-l.com/contact-us/,https://www.linkedin.com/company/littlejohn,"Large London-headquartered audit and advisory firm in the PKF network; its transaction advisory team covers due diligence, valuations, IPO/capital markets and corporate finance for mid-market and listed companies.",,OC342572,Active,https://www.pkf-l.com/; https://www.pkf-l.com/services/transaction-advisory/,90,pkf-l-com
PKF Smith Cooper,https://www.pkfsmithcooper.com,Accountancy firm CF team,PKF International,Derby,East Midlands,Derby; Nottingham; Birmingham; Ashbourne,regional,East Midlands; West Midlands,,,1.0,10.0,5,50,stated,"We specialise in transactions valued between £5 million and £50 million, while also having the capability to handle deals ranging from £2 million to £150 million; 2025: total deal value £400m, average deal size £23.5m, largest £85m",True,sell_side; buy_side; mbo; fundraising; debt_advisory; due_diligence; valuations,Food & Beverage; Construction & Property; Automotive; Business Services; Dental & Veterinary; Education,"Food and drink, self storage, fire and security, automotive, dental",,,,https://www.pkfsmithcooper.com/contact/,https://www.linkedin.com/company/pkf-smith-cooper/,"Midlands accountancy firm whose corporate finance team advised on deals worth £400m in 2025 (average deal £23.5m, largest £85m), with sector depth in food and drink, self storage, fire and security and automotive.",,,,https://www.pkfsmithcooper.com/; https://www.pkfsmithcooper.com/wp-content/uploads/2026/02/CF-Annual-Deals-Book-2025.pdf; https://www.pkfsmithcooper.com/corporate-finance/growing-your-business/,90,pkfsmithcooper-com
Plutus Corporate Finance,https://plutuscf.com,Debt adviser,,Bury,North West,Bury,regional,North West,,,0.2,2.0,1,10,estimate,'corporate finance transactions for all sizes of business ... with a particular focus on owner-managed businesses',True,debt_advisory; fundraising; mbo; sell_side; buy_side,Generalist,"Banker-led funding adviser: acquisition/MBO funding, asset-based lending, invoice/asset/stock finance, mezzanine and property loans; also project-manages acquisitions, MBOs and business sales",finance@plutuscf.com,0161 447 8361,,https://plutuscf.com/contactus.html,,"Bury-based corporate finance firm run by ex-NatWest banker Mark Jenkinson, mainly raising debt and asset-based funding for owner-managed businesses, including MBO and acquisition funding and business sales.",,,,https://plutuscf.com/; https://plutuscf.com/services.html; https://plutuscf.com/raisingfunds.html; https://plutuscf.com/contactus.html; https://find-and-update.company-information.service.gov.uk/company/OC315303,90,plutuscf-com
PM+M,https://www.pmm.co.uk,Accountancy firm CF team,,Blackburn,North West,Blackburn; Manchester,regional,North West,,,0.2,3.0,1,15,estimate,,True,sell_side; buy_side; mbo; fundraising; due_diligence; valuations,Generalist,,enquiries@pmm.co.uk,01254 679131,https://www.pmm.co.uk/about/who-we-are/,https://www.pmm.co.uk/contact/,https://www.linkedin.com/company/pm-m-solutions-for-business-llp/,"Lancashire chartered accountants with a corporate finance team (Stephen Robinson) advising shareholders on business sales, acquisitions and MBOs, and running a businesses-for-sale service.",,03661915,Active,https://www.pmm.co.uk/services/corporate-finance/,90,pmm-co-uk
Polestar CF,https://polestarcf.com,Independent boutique,,Guildford,South East,Guildford,national,London; South East; South West; East of England; East Midlands; West Midlands; Yorkshire and the Humber; North West; North East; Scotland; Wales; Northern Ireland,,,1.0,20.0,5,100,estimate,worked on over £6bn of transactions; mid-market private businesses,True,sell_side; buy_side; mbo; fundraising; debt_advisory,Environmental Services; Technology & Software; Media & Marketing; Business Services; Industrials & Manufacturing; Distribution & Wholesale; Healthcare; Education,,rgarland@polestarcf.com,,https://polestarcf.com/our-team/,https://polestarcf.com/contact-us/,,"B Corp-certified, FCA-regulated Guildford corporate finance boutique advising mid-market private businesses on exits, M&A, MBOs, equity and debt raising.",,OC318902,Active,https://polestarcf.com/; https://firmbase.co/resources/industry-lists/boutique-m-and-a-companies-in-the-uk,90,polestarcf-com
Power Accountants,https://www.power-accountants.co.uk,Accountancy firm CF team,,Chester,North West,Chester,local,North West; Wales,,,0.1,2.0,0.5,10,estimate,,True,sell_side; buy_side,Generalist,,adam@power-accountants.co.uk,,,,,"Chester accountancy firm and The Corporate Finance Network's member for Chester and North Wales (contact Adam Owens), advising owner-managed businesses on sales and acquisitions (own site not reachable; listing from CFN).",,,,https://www.thecfn.org.uk/about-us/,90,power-accountants-co-uk
PPS Business Transfer Agents,https://www.paviourpropertyservices.co.uk,Business broker,,,East of England,,national,London; South East; South West; East of England; East Midlands; West Midlands; Yorkshire and the Humber; North West; North East; Scotland; Wales; Northern Ireland,,,0.0,0.4,0.02,2,estimate,,False,sell_side; valuations,Leisure & Hospitality; Consumer & Retail; Food & Beverage,"Business transfer agent for leasehold and freehold small businesses: convenience stores, cafes, takeaways, pubs and other retail and hospitality.",,01702 667 111,,https://paviourpropertyservices.co.uk/contact-us/,,"Paviour Property Services (PPS), an Essex-headquartered business transfer agent with London and Kent lines, dealing solely in the sale of leasehold and freehold businesses. Head office in Essex (town not stated); London and Kent phone lines.",,05743909,Active,https://www.paviourpropertyservices.co.uk/; https://paviourpropertyservices.co.uk/about-us/,70,paviourpropertyservices-co-uk
Practice Sales,https://www.practicesales.co.uk,Business broker,,Harrogate,Yorkshire and the Humber,Harrogate; Taunton,national,London; South East; South West; East of England; East Midlands; West Midlands; Yorkshire and the Humber; North West; North East; Scotland; Wales; Northern Ireland,2,team_page,0.02,0.6,0.1,3,estimate,,True,sell_side; buy_side; valuations,Professional Services,Accountancy practices,info@practicesales.co.uk,01423 603085,https://www.practicesales.co.uk/about,https://www.practicesales.co.uk/contact,,Accountancy practice brokerage (merged with Owens Professional Partnership in 2023) helping accountants buy and sell practices.,,12773994,Active,https://www.practicesales.co.uk/; https://www.practicesales.co.uk/about,100,practicesales-co-uk
Premier Corporate Finance,https://premiercf.co.uk,Sector specialist,,London,London,London; Manchester,national,London; South East; South West; East of England; East Midlands; West Midlands; Yorkshire and the Humber; North West; North East; Scotland; Wales; Northern Ireland,3,team_page,0.2,6.0,1,30,estimate,£800m + deal involvement since 1990,True,sell_side; buy_side; mbo; fundraising,Business Services; Construction & Property; Facilities Management; Environmental Services; Healthcare; Life Sciences; Industrials & Manufacturing,"Testing, inspection & certification (TIC), construction services, FM, environmental consulting",brendan@premiercf.co.uk,+44 (0)7768 936 886,https://premiercf.co.uk/about/,https://premiercf.co.uk/contact/,https://www.linkedin.com/company/11162986,"Owner-manager corporate finance boutique founded 1994 by Brendan Farrell (Premier M&A Services Ltd), with London and Manchester contacts, specialising in TIC, construction services, FM and environmental deals (e.g. sales to Phenna Group and Applus+).",,07826585,Active,https://premiercf.co.uk; https://premiercf.co.uk/about/; https://premiercf.co.uk/contact/; https://premiercf.co.uk/deals/,100,premiercf-co-uk
Price Bailey,https://www.pricebailey.co.uk,Accountancy firm CF team,,Bishop's Stortford,East of England,Norwich; Cambridge; London; Bishop's Stortford,regional,East of England; London; South East,20,stated,1.0,10.0,5,50,stated,"Typically £5m-£50m, with some exceptions",True,sell_side; buy_side; mbo; fundraising; debt_advisory; due_diligence; valuations,Technology & Software; Industrials & Manufacturing; Healthcare; Dental & Veterinary; Care; Professional Services; Consumer & Retail; Construction & Property; Financial Services; Media & Marketing; Leisure & Hospitality,,web.enquiry@pricebailey.co.uk,0800 434 6460,https://www.pricebailey.co.uk/services/corporate-finance/,,https://www.linkedin.com/company/price-bailey-llp/,"East of England and London accountancy firm with 20+ corporate finance professionals (5 partners) advising on business sales, MBOs, EOTs, due diligence and funding, typically £5m-£50m.",,,,https://www.pricebailey.co.uk/; https://www.pricebailey.co.uk/services/corporate-finance/,100,pricebailey-co-uk
Princelet Partners,https://www.princelet.com,Sector specialist,,London,London,London,international,London,6,estimate,2.0,10.0,10,50,stated,£10m - £50m deals specialists,True,sell_side; buy_side,Technology & Software,"SaaS, AI, data centres, industrial IoT, marketplaces, proptech, hardware",info@princelet.com,020 3126 4907,https://www.princelet.com/about-us,https://www.princelet.com/contact-us,https://www.linkedin.com/company/princelet-partners/,Mayfair technology M&A boutique founded in 2010 advising shareholders of tech businesses on £10m-£50m transactions.,,07519905,Active,https://www.princelet.com/; https://www.princelet.com/contact-us,100,princelet-com
Prism Corporate Broking,https://www.prismcorporatebroking.com,Sector specialist,,Newmarket,East of England,Newmarket,national,London; South East; South West; East of England; East Midlands; West Midlands; Yorkshire and the Humber; North West; North East; Scotland; Wales; Northern Ireland,3,team_page,0.2,5.0,1,25,estimate,transactions involving technology businesses within a £1m to £30m turnover range,True,sell_side; buy_side,Technology & Software; Telecoms,"IT services, managed service providers, B2B software",info@prismcorporatebroking.com,+44 (0)1638 743 123,https://www.prismcorporatebroking.com/our-team/,https://www.prismcorporatebroking.com/contact/,https://www.linkedin.com/company/prism-corporate-broking,"Specialist M&A adviser to owner-managed tech/IT businesses (IT services, MSPs, B2B software) for over 20 years; sell-side and buy-side.",,04825898,Active,https://www.prismcorporatebroking.com/; https://www.prismcorporatebroking.com/our-team/,100,prismcorporatebroking-com
Provantage,https://provantagecf.com,Independent boutique,,Nottingham,East Midlands,Nottingham; Birmingham; London,national,London; South East; South West; East of England; East Midlands; West Midlands; Yorkshire and the Humber; North West; North East; Scotland; Wales; Northern Ireland,12,team_page,2.0,20.0,10,100,stated,businesses with an expected value of between £10m and £100m,True,sell_side; buy_side; mbo; fundraising,Generalist,,letstalk@provantagecf.com,0845 646 2216,https://provantagecf.com/about-us/,https://provantagecf.com/contact/,https://www.linkedin.com/company/provantagecf,"Nottingham-founded (2018) independent corporate finance firm with Birmingham and London offices advising owners on company sales, MBOs, private equity and acquisitions; UK founding member of the 7oceans M&A alliance.",,,,https://provantagecf.com/; https://provantagecf.com/about-us/,100,provantagecf-com
Pura Advisory,https://www.pura-advisory.com,Independent boutique,,London,London,London,national,London; South East; South West; East of England; East Midlands; West Midlands; Yorkshire and the Humber; North West; North East; Scotland; Wales; Northern Ireland,5,team_page,2.0,50.0,10,250,estimate,founders have advised on deals from £10m to more than £1bn,True,sell_side; buy_side; fundraising,Technology & Software; Media & Marketing; Consumer & Retail; Leisure & Hospitality; Construction & Property; Business Services,"Tech, media, consumer, retail, leisure, real estate and business services; takes only a handful of mandates a year.",,,https://www.pura-advisory.com,https://www.pura-advisory.com/contact,https://www.linkedin.com/company/pura-advisory,"Mid-market corporate finance boutique launched by three founding partners (ex-Deutsche Numis, Grant Thornton/NOR Capital, consumer and leisure M&A) advising founders and PE funds on sales, investment and acquisitions.",,16177616,Active,https://www.pura-advisory.com; https://www.consultancy.uk/news/39841/pura-advisory-launches-to-support-corporate-finance-clients-across-uk; https://www.pura-advisory.com/team,100,pura-advisory-com
PwC,https://www.pwc.co.uk,Big 4,,London,London,London; Birmingham; Bristol; Cambridge; Cardiff; Edinburgh; Glasgow; Aberdeen; Leeds; Manchester; Newcastle; Nottingham; Reading; Southampton; Milton Keynes; Belfast,national,London; South East; South West; East of England; East Midlands; West Midlands; Yorkshire and the Humber; North West; North East; Scotland; Wales; Northern Ireland,,,10.0,,50,,estimate,,False,sell_side; buy_side; fundraising; debt_advisory; due_diligence; valuations; ecm; restructuring,Business Services; Technology & Software; Healthcare; Life Sciences; Consumer & Retail; Industrials & Manufacturing; Energy & Renewables; Financial Services; Construction & Property; Transport & Logistics; Media & Marketing,,,+44 (0)20 7583 5000,https://www.pwc.co.uk/who-we-are.html,https://www.pwc.co.uk/contact-us.html,https://www.linkedin.com/company/pwc-uk/,"Big Four firm; its UK Deals practice (lead advisory, transaction services, debt advisory) covers large-cap and mid-market M&A from London and regional offices.",,,,https://www.pwc.co.uk/; https://www.pwc.co.uk/services/deals.html,90,pwc-co-uk
Qatalyst Partners,https://qatalyst.com,Sector specialist,,San Francisco,International,London,international,London; South East; South West; East of England; East Midlands; West Midlands; Yorkshire and the Humber; North West; North East; Scotland; Wales; Northern Ireland,,,50.0,10000.0,250,50000,estimate,,False,sell_side; buy_side,Technology & Software,,info@qatalyst.com,+44.20.3700.8820,https://qatalyst.com/team/,https://qatalyst.com/contact/,https://www.linkedin.com/company/qatalyst-partners/,Global independent investment bank giving strategic and M&A advice to established and emerging technology companies; London office covers Europe.,,07844621,Active,https://qatalyst.com/,90,qatalyst-com
Qiao,https://qiao.co.uk,Sector specialist,,,,,national,London; South East; South West; East of England; East Midlands; West Midlands; Yorkshire and the Humber; North West; North East; Scotland; Wales; Northern Ireland,,,0.2,10.0,1,50,stated,We typically cover deals in the £1-£50m enterprise value range,True,sell_side; buy_side,Technology & Software; Education,Tech-enabled and digital businesses; case study: sale of Spiral (edtech) to Discovery,kelwyn@qiao.co.uk,+316131743,,https://qiao.co.uk/contact,,"Small-cap M&A adviser for the digital economy (Qiao Capital Advisors Ltd, 13448601) running sell-side and buy-side processes for tech-enabled SMEs; case study on the sale of Spiral to Discovery Education.",,,,https://qiao.co.uk/; https://qiao.co.uk/about-us; https://qiao.co.uk/cases/spiral-discovery; https://find-and-update.company-information.service.gov.uk/company/13448601,70,qiao-co-uk
QMPF,https://www.qmpf.co.uk,Sector specialist,,Edinburgh,Scotland,Edinburgh,national,London; South East; South West; East of England; East Midlands; West Midlands; Yorkshire and the Humber; North West; North East; Scotland; Wales; Northern Ireland,15,stated,2.0,100.0,10,500,estimate,advised on projects with a transactions value of more than £4bn in the last five years,True,sell_side; buy_side; debt_advisory; fundraising; valuations; restructuring,Education; Energy & Renewables; Construction & Property; Charity & Public Sector,"Infrastructure, PPP, project finance, student accommodation, university debt, renewables and heat networks.",info@qmpf.co.uk,,https://www.qmpf.co.uk/our-people,https://www.qmpf.co.uk/contact-us,https://www.linkedin.com/company/quayle-munro-project-finance-llp,"Independent Edinburgh corporate finance adviser (spun out of Quayle Munro in 2012) focused on education, energy and low carbon, infrastructure and property: project finance, debt advisory and M&A.",,SO304024,Active,https://www.qmpf.co.uk; https://www.qmpf.co.uk/about-us,100,qmpf-co-uk
Quantify Advisors,https://quantify-advisors.co.uk,Independent boutique,,Aberdeen,Scotland,Aberdeen,regional,Scotland; Wales,8,estimate,0.6,10.0,3,50,deals,Debut year 2025: 23 completed deals with cumulative value exceeding £280 million.,True,sell_side; buy_side; due_diligence; valuations,Energy & Renewables; Engineering; Technology & Software; Construction & Property; Generalist,Strong oil & gas / energy transition and oilfield services experience; large financial due diligence practice for PE (BGF etc.).,info@quantify-advisors.co.uk,01224 007066,https://quantify-advisors.co.uk/about,https://quantify-advisors.co.uk/contact,https://www.linkedin.com/company/quantifyadvisors,"Aberdeen-based partner-led corporate finance and transaction services firm founded 2024/25 by ex-DSW Scotland partners Tom Faichnie and Melanie Clark; lead advisory and financial due diligence for owner-managers, corporates and PE.",,,,https://quantify-advisors.co.uk; https://www.scottishfinancialnews.com/articles/quantify-advisors-eyes-further-growth-after-impressive-first-year-in-business-for-boutique-corporate-finance-firm,100,quantify-advisors-co-uk
Quantuma,https://www.quantuma.com,Accountancy firm CF team,K3 Advisory Group,London,London,,national,London; South East; South West; East of England; East Midlands; West Midlands; Yorkshire and the Humber; North West; North East; Scotland; Wales; Northern Ireland,,,0.2,10.0,1,50,estimate,,True,sell_side; buy_side; valuations; restructuring; due_diligence,Generalist,,,0330 053 1660,https://www.quantuma.com/our-team,https://www.quantuma.com/contact,,"Advisory firm within K3 Capital Group (sister to KBS Corporate and Knight Corporate Finance) offering restructuring, insolvency, disputes, valuations, tax and corporate finance/transaction support from a UK-wide office network.",,12743937,Active,https://www.quantuma.com/,80,quantuma-com
Quercus International,https://www.quercuscf.co.uk,Independent boutique,,London,London,London; Reading,international,London; South East,9,team_page,1.0,30.0,5,150,estimate,,True,sell_side; buy_side; fundraising,Industrials & Manufacturing; Environmental Services; Business Services; Technology & Software; Construction & Property,"Industrial technology, circular economy, business services, software, built environment",hello@quercuscf.co.uk,+44 (0)20 3728 8381,https://www.quercuscf.co.uk/team/,,https://www.linkedin.com/company/quercus-corporate-finance-llp,"Independent, partner-led M&A firm established 2013 and headquartered in London (registered in Reading), advising on founder exits, PE exits, acquisitions and capital raising.",,,,https://www.quercuscf.co.uk/; https://www.quercuscf.co.uk/team/; https://www.quercuscf.co.uk/about-us/,100,quercuscf-co-uk
Quest Corporate,https://www.questcorporate.com,Independent boutique,,Edinburgh,Scotland,Edinburgh,regional,Scotland,5,team_page,0.2,4.0,1,20,estimate,over £2.0bn of deals over the years,True,fundraising; debt_advisory; sell_side; buy_side,Generalist; Construction & Property,Corporate and property finance boutique; sector agnostic.,info@questcorporate.com,0131 225 6488,https://www.questcorporate.com,https://www.questcorporate.com,https://www.linkedin.com/company/quest-corporate-ltd,"Edinburgh corporate and property finance boutique handling debt/equity funding, M&A and strategic advice for Scottish businesses.",,SC352260,Active,https://www.questcorporate.com,100,questcorporate-com
Radius Corporate Finance,https://radiuscf.com,Independent boutique,,Belfast,Northern Ireland,Belfast,local,Northern Ireland,2,team_page,0.2,3.0,1,15,estimate,,True,sell_side; buy_side; mbo; debt_advisory; restructuring,Leisure & Hospitality; Construction & Property; Consumer & Retail; Healthcare; Telecoms; Technology & Software; Engineering,"SME and mid-corporate clients across hospitality, property, retail, healthcare, telecoms, technology and engineering.",info@radiuscf.com,028 9521 8436,https://radiuscf.com/team-page,https://radiuscf.com/contact-us,https://www.linkedin.com/company/10935116,"Small Belfast corporate finance practice (founded by an ex-Bank of Ireland banker) advising NI entrepreneurs on disposals, acquisitions, MBOs/MBIs, senior debt and restructuring.",,NI640311,Active,https://radiuscf.com/; https://radiuscf.com/team-page,100,radiuscf-com
Randall & Payne,https://www.randall-payne.co.uk,Accountancy firm CF team,,Cheltenham,South West,Cheltenham,local,South West,,,0.1,2.0,0.5,10,estimate,,True,sell_side; buy_side; mbo; fundraising; debt_advisory; due_diligence; valuations,Generalist,,info@randall-payne.co.uk,01242 776000,https://www.randall-payne.co.uk/services/corporate-finance/,https://www.randall-payne.co.uk/contact-us/,https://www.linkedin.com/company/randall-%26-payne,"Cheltenham accountancy firm with a corporate finance team advising on business sales, acquisitions, valuations, raising finance and succession planning.",,OC345710,Active,https://www.randall-payne.co.uk/; https://www.randall-payne.co.uk/services/corporate-finance/; https://www.randall-payne.co.uk/contact-us/,90,randall-payne-co-uk
Raven Group,https://www.ravengroup.global,Investment bank / broker,,Belfast,Northern Ireland,Belfast,international,Northern Ireland,,,,,,,,,,sell_side; buy_side; fundraising,Generalist,,,,,,,"Belfast-headquartered boutique investment bank (also consultancy and wealth management) advising private and public organisations, investors and shareholders internationally.",,,,https://www.ravengroup.global/,70,ravengroup-global
Raven Partners,https://ravenpartners.com,Sector specialist,,London,London,London,international,London,3,team_page,4.0,100.0,20,500,estimate,,False,sell_side; buy_side; fundraising,Technology & Software,"High-growth, venture-backed European technology companies; cross-border M&A and private capital",info@ravenpartners.com,,,,,"London technology M&A and private capital adviser (Raven Capital Partners LLP, founded by Simon Carmichael, Huw Lloyd and Shajeed Surani) advising venture-backed European tech companies on cross-border transactions.",,,,https://ravenpartners.com,100,ravenpartners-com
Raymond James,https://www.raymondjames.uk.com,Investment bank / broker,,"St. Petersburg, Florida",International,London,international,London; South East; South West; East of England; East Midlands; West Midlands; Yorkshire and the Humber; North West; North East; Scotland; Wales; Northern Ireland,,,6.0,100.0,30,500,estimate,,False,sell_side; buy_side; debt_advisory,Generalist,,,,,,,US investment bank with a London investment banking team advising on European mid-market M&A.,,,,https://www.raymondjames.uk.com/,80,raymondjames-uk-com
Recruitment Mergers,https://recruitmentmergers.com,Sector specialist,,Bristol,South West,Bristol,international,London; South East; South West; East of England; East Midlands; West Midlands; Yorkshire and the Humber; North West; North East; Scotland; Wales; Northern Ireland,,,0.1,4.0,0.5,20,estimate,,True,sell_side; buy_side,Recruitment & Staffing,,,,,,,"Niche M&A firm (since 2016) helping owners of recruitment businesses with growth plans, acquisitions and company sales.",,10022767,Active,https://recruitmentmergers.com/; https://www.recruiter.co.uk/opinion/2024/08/sponsored-recruitment-mergers,80,recruitmentmergers-com
Redwoods Dowling Kerr,https://redwoodsdk.com,Business broker,Altius Group,Preston,North West,Preston,national,London; South East; South West; East of England; East Midlands; West Midlands; Yorkshire and the Humber; North West; North East; Scotland; Wales; Northern Ireland,,,0.1,4.0,0.5,20,estimate,,True,sell_side; buy_side; valuations,Care; Healthcare; Education; Dental & Veterinary; Pharmacy,"Healthcare, care homes, childcare/education and medical (dental, pharmacy, vet) businesses",,01772 775 771,https://redwoodsdk.com/industries/healthcare/,https://redwoodsdk.com/contact-us/,https://www.linkedin.com/company/redwoods-dowling-kerr/,"Preston-based specialist broker for healthcare, care, childcare and medical businesses, reporting 1,000+ SME transactions in five years and a top-10 UK deal-count ranking (Experian MarketIQ).",,,,https://redwoodsdk.com/; https://redwoodsdk.com/about/; https://redwoodsdk.com/contact-us/,90,redwoodsdk-com
Regal Business Sales,https://www.regalbusinesssales.co.uk,Business broker,,Manchester,North West,Manchester,national,North West,,,0.04,1.0,0.2,5,estimate,,True,sell_side; valuations,Consumer & Retail; Leisure & Hospitality; Care; Healthcare; Education; Engineering; Industrials & Manufacturing; Technology & Software,"Retail, hospitality/licensed/leisure, care homes, healthcare, day nurseries, engineering, manufacturing, IT/e-commerce, plus commercial property and development land",,0161 439 2415,,https://www.regalbusinesssales.co.uk/contact,,"Manchester business broker (with an accounting/advisory arm) selling owner-managed businesses across the UK via information memoranda and a buyer register, from Manchester city centre and Cheshire offices.",,12997316,Active,https://www.regalbusinesssales.co.uk/; https://www.regalbusinesssales.co.uk/about; https://www.regalbusinesssales.co.uk/contact; https://find-and-update.company-information.service.gov.uk/company/12997316,90,regalbusinesssales-co-uk
Resolution Partners,https://resolution-partners.co.uk,Sector specialist,,London,London,London,national,London; South East; South West; East of England; East Midlands; West Midlands; Yorkshire and the Humber; North West; North East; Scotland; Wales; Northern Ireland,3,team_page,1.0,40.0,5,200,estimate,,True,sell_side; buy_side; mbo; fundraising; valuations,Financial Services,"Insurance carriers, MGAs and brokers; asset & wealth management; employee benefits; specialty finance",rpl@resolution-partners.co.uk,+44 (0)20 7648 9830,https://resolution-partners.co.uk/the-team/,https://resolution-partners.co.uk/contact-us/,,"London advisory firm formed in 2001 advising owner-managed and institutional insurance and financial services businesses on sales, acquisitions, MBOs and capital raisings.",,04322187,Active,https://resolution-partners.co.uk/; https://resolution-partners.co.uk/our-services/; https://resolution-partners.co.uk/the-team/; https://resolution-partners.co.uk/contact-us/,100,resolution-partners-co-uk
Restoration Partners,https://www.restoration-partners.com,Sector specialist,,London,London,London,national,London; South East; South West; East of England; East Midlands; West Midlands; Yorkshire and the Humber; North West; North East; Scotland; Wales; Northern Ireland,3,team_page,1.0,20.0,5,100,estimate,,True,sell_side; buy_side; fundraising,Technology & Software,Boutique technology merchant bank for entrepreneur-led tech companies,,,https://www.restoration-partners.com/the-team,https://www.restoration-partners.com/contact,,"London boutique technology merchant bank founded by Ken Olisa OBE, advising entrepreneur-led technology companies on acquiring customers, talent and capital, including M&A and fundraising.",,,,https://www.restoration-partners.com/; https://www.restoration-partners.com/the-team,100,restoration-partners-com
Retiring IFA (The Retiring Group),https://www.retiringifa.co.uk,Business broker,The Retiring Group,,,,national,London; South East; South West; East of England; East Midlands; West Midlands; Yorkshire and the Humber; North West; North East; Scotland; Wales; Northern Ireland,,,0.04,1.0,0.2,5,estimate,,True,sell_side; buy_side,Financial Services,"Sells IFA and wealth management practices (sister brands Retiring Dentist and Retiring Accountant); buyer-paid fees, claims 60-90 deals a year.",,01765 698 699,,https://www.retiringifa.co.uk/contactus.php,https://www.linkedin.com/company/retiring-ifa-sellers,"Niche M&A house within The Retiring Group selling retiring owners' IFA practices UK-wide to a network of 1,000+ buyers; fees paid by purchasers. HQ not confirmed (phone code is Ripon area).",,,,https://www.retiringifa.co.uk/; https://www.retiringifa.co.uk/aboutus.php,70,retiringifa-co-uk
Richmond Capital Partners,https://richmondcapitalpartners.com,Sector specialist,,London,London,London,international,London,,,0.4,10.0,2,50,estimate,,True,sell_side; buy_side; valuations,Industrials & Manufacturing,"Print, packaging, labelling, plastics injection moulding and allied industries; 200+ deals",info@richmondcapitalpartners.com,07798 530684,,https://richmondcapitalpartners.com/contact-us/,,"Richmond (London)-based M&A specialist for the print, packaging, labelling and plastics industries, handling disposals, acquisition programmes and valuations.",,03977303,Active,https://richmondcapitalpartners.com/; https://firmbase.co/resources/industry-lists/boutique-m-and-a-companies-in-the-uk-london,90,richmondcapitalpartners-com
Rickard Luckin (Attain Corporate Finance),https://rickardluckin.co.uk,Accountancy firm CF team,,Chelmsford,East of England,Chelmsford; Basildon; Leigh-on-Sea,regional,East of England; London,3,team_page,0.2,3.0,1,15,estimate,,True,sell_side; buy_side; mbo; fundraising; due_diligence; valuations,Generalist,,hello@rickardluckin.co.uk,01245 254200,https://rickardluckin.co.uk/corporate-finance,https://rickardluckin.co.uk/contact,https://www.linkedin.com/company/rickard-luckin,"Essex accountancy firm whose corporate finance team (Attain CF, director Mark Brooks) advises on mergers, acquisitions, disposals, MBOs/MBIs, valuations and due diligence.",,,,https://rickardluckin.co.uk/corporate-finance; https://rickardluckin.co.uk/,100,rickardluckin-co-uk
Rickitt Mitchell,https://www.rickittmitchell.com,Independent boutique,,Manchester,North West,Manchester,national,North West; Yorkshire and the Humber; West Midlands; London,10,team_page,1.0,20.0,5,100,deals,Published deals include investments of £9m-£70m and partner deals from £21m to £130m; many deal values undisclosed,True,sell_side; buy_side; mbo; fundraising; valuations; ecm,Technology & Software; Healthcare; Food & Beverage; Business Services; Media & Marketing; Professional Services,UK lead for M&A Worldwide in Healthcare and Food & Beverage,info@rickittmitchell.com,+44 (0)161 834 0600,https://www.rickittmitchell.com/people/,https://www.rickittmitchell.com/contact/,https://www.linkedin.com/company/rickitt-mitchell/,"Manchester-based independent corporate finance firm (40+ years) advising business owners, management teams and investors on sales, acquisitions, private equity investment and IPOs; member of the M&A Worldwide network.",,01104142,Active,https://www.rickittmitchell.com/; https://www.rickittmitchell.com/people/; https://www.rickittmitchell.com/track_record/; https://m-a-worldwide.com/offices/manchester/,100,rickittmitchell-com
Right Business,https://rightbusiness.co.uk,Business broker,,London,London,London,regional,London; South East,,,0.01,0.08,0.05,0.4,deals,Listings c. £60k-£175k leasehold; freeholds to £400k,False,sell_side,Consumer & Retail; Food & Beverage,"Convenience stores, off licences, post offices, takeaways and restaurants.",info@rightbusiness.co.uk,020 7859 4515,,https://rightbusiness.co.uk/Contact/Index,,"London (Knightsbridge) business transfer agent focused on convenience stores, off licences and takeaways.",,10129513,Active,https://rightbusiness.co.uk/; https://rightbusiness.co.uk/Contact/Index,90,rightbusiness-co-uk
Rivertime Corporate Finance,https://www.rivertimecf.co.uk,Independent boutique,,Wigan,North West,Wigan,local,North West,1,team_page,0.2,2.0,1,10,estimate,,True,fundraising; buy_side; sell_side,Generalist,,michael@rivertimecf.co.uk,+44 (0)7966 341802,,https://www.rivertimecf.co.uk/contact-us/,,"Lancashire sole-practitioner firm (Michael Norris FCMA, ex-CFO/CEO) offering capital raising, acquisition/disposal support and part-time FD services to fast-growing companies.",,06988866,Active,https://www.rivertimecf.co.uk/,100,rivertimecf-co-uk
RMT Accountants & Business Advisors,https://r-m-t.co.uk,Accountancy firm CF team,Sumer Group,Newcastle upon Tyne,North East,Newcastle upon Tyne,regional,North East,3,estimate,0.1,3.0,0.5,15,estimate,,True,sell_side; buy_side; mbo; fundraising; due_diligence; valuations,Generalist,,advice@r-m-t.co.uk,0191 256 9500,https://r-m-t.co.uk/rmt-specialists/,https://r-m-t.co.uk/contact/,http://uk.linkedin.com/company/rmt-accountants-&-business-advisors,"Gosforth-headquartered North East accountants (part of Sumer Group) whose corporate finance team (partner Michael McCulloch) advises owner-managed businesses on MBOs, M&A, disposals, finance raising and grant funding.",,06036364,Active,https://r-m-t.co.uk/corporate-finance-services/; https://www.sumer.co.uk/services/corporate-finance/; https://r-m-t.co.uk/contact/,100,r-m-t-co-uk
Robson Laidler,https://www.robson-laidler.co.uk,Accountancy firm CF team,,Newcastle upon Tyne,North East,Newcastle upon Tyne; Durham,local,North East,1,team_page,0.1,1.0,0.5,5,estimate,,True,sell_side; buy_side; valuations; due_diligence,Generalist,,wanttoknowmore@robson-laidler.co.uk,0191 281 8191,https://www.robson-laidler.co.uk/team/,https://www.robson-laidler.co.uk/contact/,https://www.linkedin.com/company/robson-laidler-llp/,"Jesmond-based North East accountancy firm with a named lead for corporate finance covering company valuations, due diligence and transactions for local owner-managers.",,05395046,Active,https://www.robson-laidler.co.uk/team/,100,robson-laidler-co-uk
Rockworth,https://www.rockworth.co.uk,Independent boutique,,Oxford,South East,Oxford; London,national,South East; London; South West; East of England; West Midlands,4,team_page,0.2,20.0,1,100,stated,Founder's completed transactions ranging from £1m to £100m in value,True,sell_side; fundraising; valuations; mbo; buy_side,Business Services; Technology & Software; Industrials & Manufacturing; Recruitment & Staffing; Media & Marketing; Consumer & Retail; Healthcare; Engineering; Telecoms; Education,"Sector pages: business services, consumer & retail, healthcare, industrial & engineering, TMT, training/recruitment/consultancy; also tracks TICC sector",lawrence.price@rockworth.co.uk,+44 (0)1865 784896,https://www.rockworth.co.uk/team/,https://www.rockworth.co.uk/contact-us/,,"Oxford-headquartered corporate finance firm advising privately owned companies on company sales and investment, founded by Lawrence Price (100+ transactions).",,,,https://www.rockworth.co.uk; https://www.rockworth.co.uk/team/; https://www.rockworth.co.uk/contact-us/; https://www.rockworth.co.uk/contact-us-london-and-oxford-corporate-finance/; https://www.rockworth.co.uk/transactions/,100,rockworth-co-uk
Rosens,https://www.rosens.co.uk,Business broker,,Loughton,East of England,Loughton; Leeds,national,London; South East; South West; East of England; East Midlands; West Midlands; Yorkshire and the Humber; North West; North East; Scotland; Wales; Northern Ireland,,,0.0,0.2,0.02,1,estimate,,False,sell_side; valuations,Food & Beverage; Leisure & Hospitality,"Specialist broker for fish & chip shops, takeaways, cafes and restaurants (est. 1959).",info@rosens.co.uk,020 8539 6426,https://www.rosens.co.uk/meet-the-team,https://www.rosens.co.uk/contact,,"Family-run business transfer agent (Rosen's BTA Ltd, est. 1959) selling fish & chip shops, takeaways, cafes and restaurants across England; office in Loughton, Essex with a North England line in Leeds.",,,,https://www.rosens.co.uk/; https://www.rosens.co.uk/contact,90,rosens-co-uk
Rothschild & Co,https://www.rothschildandco.com,Investment bank / broker,,Paris,International,London; Birmingham; Leeds; Manchester,international,London; South East; South West; East of England; East Midlands; West Midlands; Yorkshire and the Humber; North West; North East; Scotland; Wales; Northern Ireland,,,10.0,1000.0,50,5000,estimate,,False,sell_side; buy_side; debt_advisory; restructuring; ecm,Generalist,,,,https://www.rothschildandco.com/en/global-advisory/our-people/,https://www.rothschildandco.com/en/contact-us/,https://www.linkedin.com/company/rothschild,"Global financial advisory group with UK offices in London, Birmingham, Leeds and Manchester, advising on M&A, debt and restructuring including UK mid-market private company deals.",,00925279,Active,https://www.rothschildandco.com/,90,rothschildandco-com
Royal Park Partners,https://www.royalparkpartners.com,Sector specialist,,London,London,London,international,London; South East; South West; East of England; East Midlands; West Midlands; Yorkshire and the Humber; North West; North East; Scotland; Wales; Northern Ireland,,,4.0,100.0,20,500,estimate,,False,sell_side; buy_side; fundraising,Financial Services; Technology & Software,"Fintech only: payments, digital assets/crypto, B2B fintech SaaS, emerging-markets fintech.",info@royalparkpartners.com,,https://www.royalparkpartners.com/team,https://www.royalparkpartners.com/contact,https://www.linkedin.com/company/royal-park-partners/,"Specialist fintech investment bank (RPP) with offices in London and New York, advising on M&A, capital raising and strategy for financial technology companies; publishes fintech M&A and financing reports.",,,,https://www.royalparkpartners.com; https://www.royalparkpartners.com/assets/index-BiqZgrm5.js,90,royalparkpartners-com
Roydene Partners,https://www.roydene.com,Independent boutique,,London,London,London; Belfast,international,London; Northern Ireland,,,1.0,20.0,5,100,estimate,,True,sell_side; buy_side; fundraising; debt_advisory,Generalist,,john.reynolds@roydene.com,,,https://www.roydene.com/contact,,"Independent boutique corporate finance firm operating in London, Belfast and Dublin, advising corporates, entrepreneurs and investors on sell-side and buy-side M&A and debt and equity raising.",,13748352,Active,https://www.roydene.com/; https://www.insidermedia.com/event/northern-ireland-dealmakers-awards-2026/shortlist,90,roydene-com
RPG Chartered Accountants,https://rpg.co.uk,Accountancy firm CF team,,Manchester,North West,Manchester,local,North West,,,0.1,2.0,0.5,10,estimate,,True,sell_side; buy_side; fundraising,Generalist,,info@rpg.co.uk,0161 608 0000,https://rpg.co.uk/meet-our-team/,https://rpg.co.uk/contact/,https://www.linkedin.com/company/rpg-chartered-accountants,"Manchester accountancy firm (Royce Peeling Green) with a corporate finance team advising on acquisitions, mergers and capital raising for owner-managed businesses.",,,,https://rpg.co.uk/,90,rpg-co-uk
RPGCC (RPG Crouch Chapman),https://www.rpgcrouchchapman.co.uk,Accountancy firm CF team,,London,London,London,regional,London; South East,4,team_page,0.4,6.0,2,30,estimate,"Advises SMEs, owner-managed businesses, management teams, investors and AIM-listed acquirers",True,sell_side; buy_side; mbo; fundraising; debt_advisory; due_diligence; valuations,Generalist; Care; Transport & Logistics,Publishes care-sector and logistics-sector transaction pages and logistics M&A reports,hello@rpgcc.co.uk,020 7870 9050,https://www.rpgcrouchchapman.co.uk/corporate-finance/,https://www.rpgcrouchchapman.co.uk/contact/,https://www.linkedin.com/company/rpg-crouch-chapman-llp,"London accountancy firm (AGN member) whose corporate finance team handles company sales, acquisitions, MBOs/MBIs, growth capital raising, debt advisory and due diligence for SMEs and AIM-listed acquirers.",,OC375705,Active,https://www.rpgcrouchchapman.co.uk/corporate-finance/; https://www.rpgcrouchchapman.co.uk/corporate-finance/mergers-and-acquisitions/; https://www.rpgcrouchchapman.co.uk/contact/; https://agn.org/find_members/?region=EU&country=United_Kingdom,100,rpgcrouchchapman-co-uk
RPL Mergers,https://rplmergers.com,Sector specialist,,London,London,London,national,London; South East; South West; East of England; East Midlands; West Midlands; Yorkshire and the Humber; North West; North East; Scotland; Wales; Northern Ireland,,,0.4,10.0,2,50,estimate,,True,sell_side; fundraising,Technology & Software; Telecoms,"SaaS, cloud and hosting businesses; sell-side only, success-fee",info@rplmergers.com,,,,https://www.linkedin.com/company/rpl-mergers,"London corporate finance boutique founded 2004 by Marc Shaw advising SaaS, cloud and hosting entrepreneurs on exits and fundraising; 50+ transactions incl. Cloudreach, Heart Internet, Redstation.",,08162894,Active,https://rplmergers.com; https://rplmergers.com/transactions-1,90,rplmergers-com
RSB Consulting,https://rsbconsulting.uk,Business broker,,Walsall,West Midlands,Walsall,national,London; South East; South West; East of England; East Midlands; West Midlands; Yorkshire and the Humber; North West; North East; Scotland; Wales; Northern Ireland,1,estimate,0.04,1.0,0.2,5,estimate,,True,sell_side; buy_side; restructuring,Pharmacy,"Community pharmacy sales and acquisitions, NHS change-of-ownership, turnaround",raj@rsbconsulting.uk,,,https://rsbconsulting.uk,,"Pharmacist-led UK pharmacy business consultancy (RajSB Ltd, Walsall) handling pharmacy sales and acquisitions, NHS/ICB change-of-ownership compliance and turnarounds.",,,,https://rsbconsulting.uk; https://find-and-update.company-information.service.gov.uk/company/14334595,100,rsbconsulting-uk
RSM,https://www.rsmuk.com,Accountancy firm CF team,RSM International,London,London,London; Birmingham; Bristol; Cardiff; Edinburgh; Glasgow; Leeds; Manchester; Newcastle; Nottingham; Reading; Southampton; Gatwick; Milton Keynes; Belfast; Leicester; Northampton; Hull,national,London; South East; South West; East of England; East Midlands; West Midlands; Yorkshire and the Humber; North West; North East; Scotland; Wales; Northern Ireland,,,1.0,40.0,5,200,estimate,,True,sell_side; buy_side; mbo; fundraising; debt_advisory; due_diligence; valuations; restructuring,Business Services; Technology & Software; Healthcare; Life Sciences; Consumer & Retail; Industrials & Manufacturing; Energy & Renewables; Financial Services; Construction & Property; Transport & Logistics; Media & Marketing,,,,,,https://www.linkedin.com/company/rsm-uk/,"Top-ten UK accountancy firm whose corporate finance team is one of the most active UK mid-market deal advisers, working with owner-managed businesses and private equity.",,,,https://www.rsmuk.com/,80,rsmuk-com
Rubicon,https://www.rubicon.org.uk,Accountancy firm CF team,,Durham,North East,Durham,local,North East,,,0.1,2.0,0.5,10,estimate,,True,sell_side; buy_side,Generalist,,greg.bolton@rubicon.org.uk,,,,,"Durham-based accountancy firm and The Corporate Finance Network's North East member (contact Greg Bolton), advising owner-managers on sales and acquisitions (own site not reachable; listing from CFN).",,,,https://www.thecfn.org.uk/about-us/,90,rubicon-org-uk
RVE Corporate Finance,https://www.rvecf.com,Independent boutique,,Watford,East of England,Watford,national,London; South East; South West; East of England; East Midlands; West Midlands; Yorkshire and the Humber; North West; North East; Scotland; Wales; Northern Ireland,,,0.4,2.0,2,10,stated,the bulk of the transactions on which we advise are Founder-owned companies with a value of £2m-£10m (largest: £275m TTP Group EOT sale); £1bn+ of EOT transactions advised,True,sell_side; valuations,Generalist,"Specialises in sales to employee ownership trusts (EOTs), with integrated legal and financial service",tom.lethaby@rvecf.com,+44 7866 563446,https://www.rvecf.com/about,https://www.rvecf.com/contact,https://www.linkedin.com/company/rve-corporate-finance/,"EOT sale adviser co-founded in 2019 by ex-PwC corporate financier Gerry Young, guiding UK founders through employee ownership trust exits; ICAEW CF Faculty member.",,11856492,Active,https://www.rvecf.com/; https://www.rvecf.com/about; https://www.rvecf.com/contact; https://www.icaew.com/technical/corporate-finance/corporate-finance-faculty/member-firms/rve; https://www.rvecf.com/corporate-finance-eot-sales,90,rvecf-com
Ryecroft Glenton,https://ryecroftglenton.com,Accountancy firm CF team,,Newcastle,North East,Newcastle,regional,North East; Yorkshire and the Humber,,,1.0,10.0,5,50,stated,equity values of between £5 million and £50 million,True,sell_side; buy_side; mbo; fundraising; debt_advisory; due_diligence; valuations,Agriculture; Technology & Software; Industrials & Manufacturing; Professional Services; Recruitment & Staffing; Education,,,,,,,"Newcastle accountancy firm whose corporate finance arm (set up 2011) advises lower mid-market businesses on M&A, MBOs and debt/equity fundraising with equity values of £5m-£50m.",,,,https://ryecroftglenton.com/; https://pitchbook.com/profiles/advisor/153234-37,80,ryecroftglenton-com
S&W,https://www.swgroup.com,Accountancy firm CF team,,London,London,London; Birmingham; Bristol; Leeds; Manchester; Glasgow; Southampton; Guildford,national,London; South East; South West; East of England; East Midlands; West Midlands; Yorkshire and the Humber; North West; North East; Scotland; Wales; Northern Ireland,,,1.0,20.0,5,100,estimate,,True,sell_side; buy_side; mbo; fundraising; debt_advisory; due_diligence; valuations,Generalist,,,,https://www.swgroup.com/people/,https://www.swgroup.com/contact-us/,https://www.linkedin.com/company/s-and-w/,"Professional services firm formerly part of Evelyn Partners (Smith & Williamson), with a corporate finance team advising on mid-market M&A, MBOs and fundraising.",,,,https://www.swgroup.com/; https://www.swgroup.com/advisory-services/corporate-finance-and-transactions/; https://www.evelyn.com/,90,swgroup-com
Saffery,https://www.saffery.com,Accountancy firm CF team,,London,London,London; Bristol; Edinburgh; Leeds; Manchester; Harrogate; Bournemouth; High Wycombe; Peterborough; Inverness,national,London; South East; South West; East of England; East Midlands; West Midlands; Yorkshire and the Humber; North West; North East; Scotland; Wales; Northern Ireland,,,0.4,10.0,2,50,estimate,,True,sell_side; buy_side; mbo; fundraising; debt_advisory; due_diligence; valuations,Generalist,,info@saffery.com,,https://www.saffery.com/our-people/,https://www.saffery.com/contact-us/,https://www.linkedin.com/company/saffery,"Top-20 UK accountancy firm with a transaction services and corporate finance team supporting owner-managed businesses, families and investors on buying and selling businesses.",,OC415438,Active,https://www.saffery.com/; https://www.saffery.com/our-services/transaction-services/,90,saffery-com
Saint & Co,https://www.saint.co.uk,Accountancy firm CF team,,Carlisle,North West,Carlisle,regional,North West; North East; Scotland,,,0.1,3.0,0.5,15,estimate,,True,sell_side; buy_side; mbo,Generalist,,advice@saint.co.uk,01228 534371,https://www.saint.co.uk/meet-the-team/,https://www.saint.co.uk/contact-us,https://www.linkedin.com/company/saint-&-co/about/,"Cumbrian chartered accountants with a mergers and acquisitions service advising owner-managers on company sales, acquisitions and MBOs.",,,,https://www.saint.co.uk/mergers-and-acquisitions/; https://www.saint.co.uk/contact-us/,90,saint-co-uk
Sapien Capital,https://www.sapiencap.com,Independent boutique,,London,London,London,international,London,,,1.0,20.0,5,100,estimate,,True,sell_side; buy_side; fundraising,Generalist,"Cross-border UK/Europe-India M&A, JVs and fundraising",info@sapiencap.com,+44 (0)20 7340 9082,https://www.sapiencap.com/ourteam/,https://www.sapiencap.com/contacts/,,"FCA-regulated Piccadilly investment banking boutique (est. 2008) offering cross-border M&A, joint venture and fundraising advice, often UK/Europe-India.",,06407856,Active,https://www.sapiencap.com/; https://www.sapiencap.com/abouts/; https://www.sapiencap.com/contacts/,90,sapiencap-com
Sapient Corporate Finance,https://www.sapientcf.com,Sector specialist,,London,London,London,national,London; South East; South West; East of England; East Midlands; West Midlands; Yorkshire and the Humber; North West; North East; Scotland; Wales; Northern Ireland,5,team_page,1.0,200.0,5,1000,deals,advised on over 130 transactions valued at £17 billion since 1997,True,sell_side; buy_side; debt_advisory; fundraising,Leisure & Hospitality; Food & Beverage,"Pubs, bars and brewing only",info@sapientcf.com,,https://www.sapientcf.com/our-team/,https://www.sapientcf.com/contact/,,"Corporate finance adviser focused exclusively on UK pubs, bars and brewing (acquisitions, disposals, debt, growth capital); 130+ deals worth £17bn since 1997.",,,,https://www.sapientcf.com/; https://www.sapientcf.com/our-team/; https://www.sapientcf.com/contact/,100,sapientcf-com
Saville & Woods,https://www.savilleandwoods.co.uk,Sector specialist,,West Kirby,North West,West Kirby,national,London; South East; South West; East of England; East Midlands; West Midlands; Yorkshire and the Humber; North West; North East; Scotland; Wales; Northern Ireland,,,0.0,0.1,0.02,0.5,estimate,,False,sell_side; buy_side; valuations,Consumer & Retail,"Post office and convenience/retail businesses, freehold or leasehold, local and national.",savilleandwoods@btconnect.com,0151 625 6225,,https://www.savilleandwoods.co.uk/contact/,,"Wirral-based business transfer agent focused on post office and retail businesses, also handling commercial property sales and lettings.",,,,https://www.savilleandwoods.co.uk/,90,savilleandwoods-co-uk
Scaled,https://scaled.co.uk,Sector specialist,,London,London,London,national,London; South East; South West; East of England; East Midlands; West Midlands; Yorkshire and the Humber; North West; North East; Scotland; Wales; Northern Ireland,,,0.4,6.0,2,30,estimate,,True,sell_side; buy_side; due_diligence; fundraising,Media & Marketing; Technology & Software; Professional Services,"B2B growth consultancy with an exit and M&A advisory arm focused on marketing/digital agencies, B2B SaaS and professional services firms; also commercial due diligence for PE buyers",hello@scaled.co.uk,07545909632,,https://scaled.co.uk/contact-us/,https://www.linkedin.com/company/scaled-consulting,"London (King's Cross) B2B growth consultancy led by managing partner Simon Penson that runs buy-side and sell-side M&A advisory and commercial due diligence for agencies, B2B SaaS and professional services businesses; its partners are all exited founders.",,,,https://scaled.co.uk/exit-deal-advisory/; https://scaled.co.uk/contact-us/,90,scaled-co-uk
Scottish Business Centre,https://scottishbusinesscentre.com,Business broker,,Edinburgh,Scotland,Edinburgh,regional,Scotland,,,0.02,1.4,0.1,7,stated,typical deal values ranging from £300 to £7M (site's wording; the lower figure is presumably £300k),True,sell_side; buy_side; valuations,Leisure & Hospitality; Consumer & Retail; Care; Generalist,"Mainly hotels, B&Bs, pubs, cafes, care and retail businesses, plus some engineering and manufacturing companies.",info@scottishbusinesscentre.com,0131 215 1904,,https://scottishbusinesscentre.com/contact/,,"Edinburgh-based business transfer agent and valuer selling small and medium-sized Scottish businesses (hospitality, retail, care, trades and some industrial companies).",,,,https://scottishbusinesscentre.com; https://acumon.com/blog/business-valuation-services-companies-aberdeen/; https://scottishbusinesscentre.com/contact/,90,scottishbusinesscentre-com
Scrutton Bland,https://www.scruttonbland.co.uk,Accountancy firm CF team,Sumer Group,Ipswich,East of England,Ipswich; Bury St Edmunds; Colchester; Norwich,regional,East of England,8,stated,0.2,6.0,1,30,deals,£260 million value of transactions advised in the past 3 years; highest valuation £708 million,True,sell_side; buy_side; mbo; fundraising; valuations; due_diligence,Generalist,,hello@scruttonbland.co.uk,0330 058 6559,https://www.scruttonbland.co.uk/about-us-scrutton-bland/meet-the-team-scrutton-bland/,https://www.scruttonbland.co.uk/contact-us/,https://www.linkedin.com/company/scrutton-bland/,"East Anglian accountancy firm with an 8+ strong corporate finance team advising on business sales, MBOs, acquisitions and valuations; shortlisted Corporate Finance Advisory Firm of the Year (Central & East Dealmakers 2025).",,,,https://www.scruttonbland.co.uk/services/corporate-finance/,100,scruttonbland-co-uk
Sedulo,https://sedulo.co.uk,Accountancy firm CF team,,Manchester,North West,Manchester; London; Liverpool; Leeds; Birmingham; Glasgow,national,London; South East; South West; East of England; East Midlands; West Midlands; Yorkshire and the Humber; North West; North East; Scotland; Wales; Northern Ireland,,,0.2,5.0,1,25,estimate,,True,sell_side; buy_side; due_diligence; valuations; fundraising,Generalist,,,0333 222 4445,https://sedulo.co.uk/services/corporate-finance/,,https://www.linkedin.com/company/394902,"Fast-growing mid-tier accountancy firm with a deal advisory team covering M&A, financial due diligence, valuations and high-growth advisory for entrepreneurs and SMEs.",,,,https://sedulo.co.uk/; https://sedulo.co.uk/services/corporate-finance/,90,sedulo-co-uk
Sell My Small Business,https://www.sellmysmallbusiness.co.uk,Business broker,Agile Business Resources Ltd,Coventry,West Midlands,Coventry,national,London; South East; South West; East of England; East Midlands; West Midlands; Yorkshire and the Humber; North West; North East; Scotland; Wales; Northern Ireland,,,0.01,0.2,0.05,1,estimate,,False,sell_side,Generalist,,,01788 229496,,https://www.sellmysmallbusiness.co.uk/contact/,,"Fixed-price business sale service for owners of smaller businesses (finding a buyer, negotiating heads of terms, managing the legal stages); trading name of Agile Business Resources Ltd, Coventry.",,,,https://www.sellmysmallbusiness.co.uk/; https://www.sellmysmallbusiness.co.uk/contact/,90,sellmysmallbusiness-co-uk
Selling My Business,https://www.sellingmybusiness.co.uk,Business broker,,Leeds,Yorkshire and the Humber,Ipswich; Croydon; Harrow; London; Romford; Watford; Birmingham; Coventry; Derby; Leicester; Lincoln; Northampton; Nottingham; Peterborough; Stoke on Trent; Wolverhampton; Newcastle; Teesside; Birkenhead; Bolton; Chester; Cockermouth; Liverpool; Manchester; Preston; Glasgow; Brighton; Bedford; Milton Keynes; Reading; Bath; Bournemouth; Bristol; Exeter; Oxford; Salisbury; Newport; Swansea; Huddersfield; Hull; Leeds; Sheffield,national,London; South East; South West; East of England; East Midlands; West Midlands; Yorkshire and the Humber; North West; North East; Scotland; Wales; Northern Ireland,6,team_page,0.04,1.0,0.2,5,estimate,,True,sell_side; valuations,Generalist,,info@sellingmybusiness.co.uk,0333 009 6856,https://www.sellingmybusiness.co.uk/our-team,https://www.sellingmybusiness.co.uk/contact,https://www.linkedin.com/company/selling-my-business/,"Business sale agent with a 40-office UK network claiming 12,000+ businesses sold over 60+ years; mostly smaller owner-managed businesses, with some company sales above £1m.",,,,https://www.sellingmybusiness.co.uk/; https://www.sellingmybusiness.co.uk/offices; https://www.sellingmybusiness.co.uk/about-us; https://www.sellingmybusiness.co.uk/our-team,100,sellingmybusiness-co-uk
Seneca Partners,https://senecapartners.co.uk,Independent boutique,,Preston,North West,Preston; Manchester,national,North West; Yorkshire and the Humber; West Midlands; London,,,0.4,10.0,2,50,estimate,,True,sell_side; buy_side; mbo; fundraising; debt_advisory,Generalist,,,,,,,North West investment and advisory group (Seneca Partners) with a corporate finance arm alongside its investment funds; advised on the sale of Seneca Trade Partners (Insider North West Dealmakers 2025 shortlist). Website blocks automated reading; details from knowledge and award listings.,,,,https://senecapartners.co.uk/; https://www.insidermedia.com/event/north-west-dealmakers-awards-2025/shortlist,80,senecapartners-co-uk
Sentio Partners,https://sentiopartners.co.uk,Independent boutique,,Leeds,Yorkshire and the Humber,Leeds,national,Yorkshire and the Humber; North West; North East; East Midlands,11,team_page,2.0,50.0,10,250,stated,Transactions 'from £10m to £250m in size',True,sell_side; buy_side; mbo; fundraising; debt_advisory; due_diligence; valuations,Generalist; Consumer & Retail; Food & Beverage; Business Services; Industrials & Manufacturing; Healthcare; Technology & Software,,info@sentiopartners.co.uk,+44 (0) 113 204 2045,https://sentiopartners.co.uk/team/,https://sentiopartners.co.uk/contact/,https://www.linkedin.com/company/sentio-corporate-finance/,"Leeds-headquartered independent corporate finance firm (successor to McInnes Corporate Finance) with six partners from big-firm backgrounds, advising on M&A, MBOs, fundraising and transaction support, with an international network.",,OC371208,Active,https://sentiopartners.co.uk/; https://sentiopartners.co.uk/team/,100,sentiopartners-co-uk
Sequence Advisers,https://sequenceadvisers.co.uk,Sector specialist,,London,London,London,national,London; South East; South West; East of England; East Midlands; West Midlands; Yorkshire and the Humber; North West; North East; Scotland; Wales; Northern Ireland,4,team_page,1.0,20.0,5,100,estimate,Fundraising division Henrietta Street Capital helps digital companies raise up to £10 million,True,sell_side; buy_side; fundraising,Technology & Software; Media & Marketing,Digital and technology businesses,contact@sequenceadvisers.co.uk,020 3405 7203,https://sequenceadvisers.co.uk/meet-the-team/,https://sequenceadvisers.co.uk/contact-us/,https://www.linkedin.com/company/sequence-advisers-llp,"Founder-owned London corporate finance adviser specialising in digital and technology businesses: acquisitions, disposals and growth fundraisings (via Henrietta Street Capital).",,OC411948,Active,https://sequenceadvisers.co.uk/; https://sequenceadvisers.co.uk/meet-the-team/,100,sequenceadvisers-co-uk
Shard Capital,https://www.shardcapital.com,Investment bank / broker,,London,London,London,national,London; South East; South West; East of England; East Midlands; West Midlands; Yorkshire and the Humber; North West; North East; Scotland; Wales; Northern Ireland,,,1.0,20.0,5,100,estimate,,True,ecm; fundraising,Generalist,,info@shardcapital.com,020 3971 7000,https://www.shardcapital.com/team/,https://shardcapital.com/contact-us/,,"London wealth/asset manager and broker whose capital markets division provides corporate broking, investor relations and equity fundraising for small-cap quoted companies.",,OC360394,Active,https://www.shardcapital.com/,90,shardcapital-com
Shaw & Co,https://www.shawcorporatefinance.com,Independent boutique,,Bristol,South West,Bristol; London; Birmingham; Manchester; Glasgow,national,London; South East; South West; East of England; East Midlands; West Midlands; Yorkshire and the Humber; North West; North East; Scotland; Wales; Northern Ireland,20,estimate,1.0,6.0,5,30,deals,Published deals include £8.9m sale of Artemis Optical and £28m MBO of Now Education; other listed deals £9m-£26m.,True,sell_side; buy_side; mbo; debt_advisory; valuations,Financial Services; Professional Services; Technology & Software; Industrials & Manufacturing; Engineering; Healthcare; Life Sciences; Education; Recruitment & Staffing; Transport & Logistics; Food & Beverage,"Sector research on IFA/wealth, TICC, outsourced pharma services, recruitment, professional services; member of ECOVIS International.",shawco1@shawcorporatefinance.com,0330 127 0100,https://www.shawcorporatefinance.com/company/team,https://www.shawcorporatefinance.com/company/contact,https://www.linkedin.com/company/shawcorpfin,"Bristol-headquartered independent corporate finance firm with offices in London, Birmingham, Manchester and Glasgow, advising founder-led and mid-market businesses on sales, MBOs, acquisitions and deal funding.",,12388530,Active,https://www.shawcorporatefinance.com; https://www.shawcorporatefinance.com/company/locations; https://www.shawcorporatefinance.com/company/team,100,shawcorporatefinance-com
Shaw Gibbs,https://www.shawgibbs.com,Accountancy firm CF team,,Oxford,South East,Oxford; Basingstoke; Farnham; London; Woking; Northampton; Sutton; Teddington,regional,South East; London; East Midlands,,,0.2,6.0,1,30,estimate,,True,sell_side; buy_side; mbo; fundraising; debt_advisory; due_diligence; valuations; restructuring,Financial Services; Distribution & Wholesale; Industrials & Manufacturing; Automotive; Leisure & Hospitality; Professional Services; Environmental Services,,info@shawgibbs.com,+44 (0)1865 292200,https://www.shawgibbs.com/services/corporate-finance/,https://www.shawgibbs.com/contact-us/,http://www.linkedin.com/company/298116,"South East accountancy group with a corporate finance team advising on acquisitions, disposals, MBOs/MBIs, valuations, due diligence and raising finance.",,,,https://www.shawgibbs.com/; https://www.shawgibbs.com/services/corporate-finance/,90,shawgibbs-com
Shield Corporate Finance,https://www.sellingabusinessformore.co.uk,Independent boutique,,Bournemouth,South West,Bournemouth; Edinburgh,international,South West; Scotland,,,0.5,,,,stated,'Shield works with companies with operating profits of £500K>'; 'irrespective of transaction size',True,sell_side; buy_side; mbo; valuations,Healthcare; Technology & Software; Telecoms; Business Services; Financial Services; Industrials & Manufacturing; Construction & Property; Leisure & Hospitality,"Owner-managed business sales incl. many Employee Ownership Trust transitions (Favoured, Alpha Insurance Analysts, Redbox Fire Control, R&A Fabrications, Doulos) and a Rootwave divestment; also pre-sale value-building programmes",,+44 (0)1202 330 200,https://www.sellingabusinessformore.co.uk/meet_the_team.html,https://www.sellingabusinessformore.co.uk/contact_us.html,,"Owner-focused sell-side M&A firm founded in 2001 by Dr David Young, preparing and selling UK SMEs (often to Employee Ownership Trusts), with offices in Bournemouth and Edinburgh and representation in New York and Asia.",,,,https://www.sellingabusinessformore.co.uk/; https://www.sellingabusinessformore.co.uk/about_us.html; https://www.sellingabusinessformore.co.uk/meet_the_team.html; https://www.sellingabusinessformore.co.uk/contact_us.html; https://www.sellingabusinessformore.co.uk/credentials.html; https://www.sellingabusinessformore.co.uk/shield_news.html; https://www.sellingabusinessformore.co.uk/sector_focus.html; https://www.shieldcf.com/; https://find-and-update.company-information.service.gov.uk/company/03708848,90,sellingabusinessformore-co-uk
Shore Capital,https://www.shorecap.co.uk,Investment bank / broker,,London,London,London; Liverpool; Edinburgh,national,London; South East; South West; East of England; East Midlands; West Midlands; Yorkshire and the Humber; North West; North East; Scotland; Wales; Northern Ireland,,,2.0,50.0,10,250,estimate,,True,sell_side; buy_side; fundraising; ecm,Generalist,,,,,,,"Independent investment banking and broking group (London, Liverpool, Edinburgh) acting as nomad/broker and M&A adviser to UK small and mid-cap quoted and private companies.",,,,https://www.shorecap.co.uk/,80,shorecap-co-uk
Shorts,https://www.shorts.uk.com,Accountancy firm CF team,,Sheffield,Yorkshire and the Humber,Sheffield; Chesterfield,regional,Yorkshire and the Humber; East Midlands,,,0.1,3.0,0.5,15,estimate,,True,sell_side; buy_side; mbo; fundraising; debt_advisory; due_diligence; valuations,Generalist,,corporate@shorts.uk.com,0114 267 1617,https://www.shorts.uk.com/corporate-finance,https://www.shorts.uk.com/contact-shorts,https://www.linkedin.com/company/shorts-chartered-accountants,"Sheffield and Chesterfield accountancy firm with a growing corporate finance team focused on M&A, funding and employee ownership trusts; multiple Insider Dealmakers award winner.",,,,https://www.shorts.uk.com/; https://www.shorts.uk.com/corporate-finance; https://www.chesterfield.co.uk/2022/01/shorts-expand-corporate-finance-team-with-new-appointments,90,shorts-uk-com
SI Global,https://www.siglobal.com,Sector specialist,,London,London,London,international,London; South East; South West; East of England; East Midlands; West Midlands; Yorkshire and the Humber; North West; North East; Scotland; Wales; Northern Ireland,8,team_page,1.0,20.0,5,100,estimate,,True,sell_side; buy_side; fundraising,Media & Marketing; Technology & Software; Professional Services,"Formerly SI Partners (founded 2001); dedicated teams for marketing agencies, consultancies and tech-enabled services; publishes agency/consultancy PE insights reports.",info@siglobal.com,+44 20 7664 8729,https://www.siglobal.com/team,https://www.siglobal.com/contact,,"London-headquartered sell-side and buy-side M&A adviser (formerly SI Partners) to founder-owned marketing agencies, consultancies and tech-enabled services businesses, with offices in New York, Hong Kong, Singapore and Australia. Team page lists 5 partners and 3 directors (global).",,07707508,Active,https://www.siglobal.com; https://www.siglobal.com/team; https://www.siglobal.com/contact; https://everything-pr.com/ma-advisory-firms-marketing-pr,100,siglobal-com
Sidney Phillips,https://www.sidneyphillips.co.uk,Sector specialist,,Hereford,West Midlands,,national,London; South East; South West; East of England; East Midlands; West Midlands; Yorkshire and the Humber; North West; North East; Scotland; Wales; Northern Ireland,9,team_page,0.02,0.6,0.1,3,deals,"Featured UK listings from c.£75,000; typical UK deals £250,000-£650,000",True,sell_side; valuations,Leisure & Hospitality,"Pubs, hotels, restaurants, clubs, coffee shops and leisure investment property; sales on a no sale, no fee basis",sales@sidneyphillips.co.uk,01981 250333,https://www.sidneyphillips.co.uk/meet-the-team,https://www.sidneyphillips.co.uk/our-offices/,https://www.linkedin.com/company/sidneyphillips,"Licensed and leisure business transfer agent founded in 1898 with nine regional offices across the UK, selling pubs, hotels, restaurants and other hospitality businesses and properties. HQ town is not stated; Hereford is inferred from the 01981 main number.",,02362635,Active,https://www.sidneyphillips.co.uk/; https://www.sidneyphillips.co.uk/our-offices/; https://www.sidneyphillips.co.uk/meet-the-team,90,sidneyphillips-co-uk
Signia Corporate Finance,https://www.signiacorporatefinance.co.uk,Independent boutique,,Alderley Edge,North West,Alderley Edge,regional,North West,3,team_page,1.0,10.0,5,50,stated,"'growing businesses, typically valued between £5m and £50m'",True,sell_side; buy_side; mbo; fundraising; debt_advisory,Generalist,,stu@signiacorporatefinance.co.uk,01625 865822,https://www.signiacorporatefinance.co.uk/people,https://www.signiacorporatefinance.co.uk/contact,,"Director-led Cheshire corporate finance boutique established 2010 (ex-Arthur Andersen CF partner Stuart Lees) advising owners on exits, partial exits, MBOs/MBIs, acquisitions and fundraising.",,04635673,Active,https://www.signiacorporatefinance.co.uk/; https://www.signiacorporatefinance.co.uk/people,100,signiacorporatefinance-co-uk
Simpkins Edwards,https://www.simpkinsedwards.co.uk,Accountancy firm CF team,,Exeter,South West,Exeter,regional,South West,,,0.2,2.0,1,10,estimate,,True,sell_side; buy_side; mbo; fundraising; valuations; due_diligence,Generalist,,,01392 211233,https://www.simpkinsedwards.co.uk/our-people,https://www.simpkinsedwards.co.uk/contact-us,https://www.linkedin.com/company/simpkins-edwards-llp,Devon chartered accountancy firm (five decades in the South West) offering corporate finance advisory to owner-managed businesses alongside tax and audit.,,OC352993,Active,https://www.simpkinsedwards.co.uk/services/corporate-finance-advisory; https://acumon.com/blog/audit-companies-south-west/; https://www.simpkinsedwards.co.uk/,90,simpkinsedwards-co-uk
Singer Capital Markets,https://www.singercm.com,Investment bank / broker,,London,London,London,national,London; South East; South West; East of England; East Midlands; West Midlands; Yorkshire and the Humber; North West; North East; Scotland; Wales; Northern Ireland,,,4.0,100.0,20,500,estimate,,False,sell_side; buy_side; fundraising; ecm,Generalist,,enquiries@singercm.com,+44 (0)20 7496 3000,https://www.singercm.com/our-people/,https://www.singercm.com/contact-us/,,"Independent UK investment bank for growth companies, providing corporate broking, ECM, public and private M&A advice to UK small and mid-cap companies.",,07997006,Active,https://www.singercm.com/,90,singercm-com
sjl advisory,https://sjladvisory.com,Sector specialist,,Eccleshall,West Midlands,Eccleshall,national,London; South East; South West; East of England; East Midlands; West Midlands; Yorkshire and the Humber; North West; North East; Scotland; Wales; Northern Ireland,1,team_page,0.4,3.0,2,15,estimate,,True,sell_side,Transport & Logistics,Transport & distribution sector specialist (founder is an ex owner-manager/main board director in UK haulage); advised the sellers of Longs of Leeds on its sale to Expect Distribution.,,,https://sjladvisory.com/personal-profile,https://sjladvisory.com/contact-us,,"One-person Staffordshire advisory practice of Stuart Laight, a former transport & distribution owner-manager, acting as board-level adviser and sell-side adviser to haulage and logistics owners.",,,,https://sjladvisory.com/; https://www.insidermedia.com/news/yorkshire/yorkshire-haulage-business-acquired-by-national-group-supported-by-prominent-dealmakers,100,sjladvisory-com
Skye Corporate Finance,https://www.skyecf.co.uk,Independent boutique,,Nottingham,East Midlands,Nottingham,regional,East Midlands,1,team_page,0.2,2.0,1,10,stated,"""We typically work on deals ranging from £1m to £10m in value, although we have advised on transactions much larger in size""",True,sell_side; buy_side; mbo; fundraising,Generalist,,admin@skyecf.co.uk,0115 922 0318,,https://www.skyecf.co.uk/contact/,,"Nottinghamshire sole-practitioner corporate finance boutique led by John Sykes (ex-national accountancy CF partner, 125+ deals) advising SMEs and investor-backed businesses on exits, MBOs/MBIs, PE and growth finance.",,,,https://www.skyecf.co.uk/,100,skyecf-co-uk
Smailes Goldie,https://www.smailesgoldie.co.uk,Accountancy firm CF team,,Hull,Yorkshire and the Humber,Hull; Barton-upon-Humber; Scarborough; Selby; Pickering,regional,Yorkshire and the Humber,3,team_page,0.1,2.0,0.5,10,estimate,,True,sell_side; buy_side; mbo; fundraising; due_diligence,Generalist,,service@smailesgoldie.co.uk,01482 326916,https://www.smailesgoldie.co.uk/about-us/our-people/,https://www.smailesgoldie.co.uk/contact-us/,https://www.linkedin.com/company/smailes-goldie-chartered-accountants,"Hull and East Yorkshire chartered accountants with a dedicated corporate finance team (incl. Ian Lamb FCA CF) handling acquisitions, disposals, MBOs/MBIs, finance raising and due diligence.",,10724168,Active,https://www.smailesgoldie.co.uk/services/corporate-finance-hull-and-barton-upon-humber/,100,smailesgoldie-co-uk
SME Finance Partners,https://www.smefp.co.uk,Independent boutique,,Llantrisant,Wales,Llantrisant,regional,Wales,,,0.1,2.0,0.5,10,estimate,,True,mbo; buy_side; sell_side; valuations; due_diligence; fundraising,Generalist,,info@smefp.co.uk,01443 853 120,,,https://uk.linkedin.com/company/sme-finance-partners-ltd,"South Wales finance advisory firm (since 2013; co-founders include Chris Thomas and Darren Edwards) offering fractional FD support and corporate finance (M&A, valuations, succession, due diligence); regularly advises management teams and buyers on Development Bank of Wales-funded MBOs and acquisitions.",,,,https://www.smefp.co.uk/; https://developmentbank.wales/news-and-events/pontardawe-based-westward-energy-services-completes-management-buy-out,90,smefp-co-uk
SMH Group,https://smh.group,Accountancy firm CF team,,Sheffield,Yorkshire and the Humber,Sheffield; Chesterfield; Rotherham; Leeds; Wakefield; Buxton; Harrogate; Huddersfield; Barnsley,regional,Yorkshire and the Humber; East Midlands,,,0.03,2.0,0.15,10,stated,"Assignment values range from £150,000 to deals up to £10 million",True,sell_side; buy_side; mbo; due_diligence; valuations; fundraising,Generalist,,info@smh.group,0113 242 4677,https://smh.group/our-people/,https://smh.group/contact/,,"Yorkshire accountancy group (incl. Sheards) whose SMH Corporate Finance team advises on business sales, acquisitions, MBOs, valuations, due diligence and grant funding across South and West Yorkshire.",,,,https://smh.group/corporate-finance/; https://smh.group/corporate-finance/case-studies/,90,smh-group
Smith & Clough,https://www.smithandclough.com,Business broker,,Glasgow,Scotland,Glasgow; Edinburgh,regional,Scotland,,,0.01,0.6,0.05,3,estimate,,True,sell_side; buy_side,Leisure & Hospitality; Consumer & Retail,"Sells hotels, guesthouses, self-catering lodges, pubs, restaurants, cafes, takeaways, convenience stores and post offices in Scotland.",info@smithandclough.com,0141 404 0087,,https://www.smithandclough.com/contact,,"Scottish business agency founded in 2013 by Graeme Smith and Jonathan Clough, selling licensed, leisure and retail businesses across Scotland from Glasgow and Edinburgh.",,SC448396,Active,https://www.smithandclough.com/,90,smithandclough-com
Smith Square Partners,https://smithsquarepartners.com,Independent boutique,,London,London,London,international,London,,,10.0,200.0,50,1000,estimate,,False,sell_side; buy_side; fundraising,Business Services; Consumer & Retail; Financial Services; Healthcare; Industrials & Manufacturing; Construction & Property; Technology & Software,,info@smithsquarepartners.com,020 3696 7260,https://smithsquarepartners.com/our-team/,https://smithsquarepartners.com/contact/,,"Partner-led St James's corporate finance advisory firm giving transaction and board advice, typically on larger mid-market and listed-company deals.",,OC357682,Active,https://www.smithsquarepartners.com/,90,smithsquarepartners-com
Sobell Rhodes,https://sobellrhodes.co.uk,Accountancy firm CF team,,London,London,London; Watford,local,London; East of England,,,0.1,2.0,0.5,10,estimate,,True,sell_side; buy_side; valuations; due_diligence; fundraising,Generalist,,,020 8429 8800,https://sobellrhodes.co.uk/about/the-team/,https://sobellrhodes.co.uk/services/specialist-sectors/buying-selling-a-business/,https://www.linkedin.com/company/sobell-rhodes-llp,"North-west London / Hertfordshire chartered accountants (Pinner, central London, Watford) with a buying-and-selling-a-business service: M&A advice, valuations, due diligence and capital-raising introductions for owner-managed businesses.",,14652716,Active,https://sobellrhodes.co.uk/; https://sobellrhodes.co.uk/services/specialist-sectors/buying-selling-a-business/; https://sobellrhodes.co.uk/about/the-team/,90,sobellrhodes-co-uk
Solon Corporate Finance,https://soloncorporate.com,Debt adviser,,London,London,London,national,London; South East; South West; East of England; East Midlands; West Midlands; Yorkshire and the Humber; North West; North East; Scotland; Wales; Northern Ireland,,,1,8,,,stated,"Facility £3–15m, EBITDA £1–8m",True,debt_advisory,Generalist,,hello@soloncorporate.com,,https://soloncorporate.com/about,https://soloncorporate.com/contact,,"Newly founded (2026) independent debt adviser for UK lower mid-market companies raising or refinancing £3m-£15m facilities for acquisitions, growth or recapitalisations.",,17320026,Active,https://soloncorporate.com/; https://soloncorporate.com/about,90,soloncorporate-com
Sovereign Business Transfer,https://www.sovereignbt.co.uk,Business broker,,Cheadle,North West,Cheadle,national,London; South East; South West; East of England; East Midlands; West Midlands; Yorkshire and the Humber; North West; North East; Scotland; Wales; Northern Ireland,,,0.02,1.0,0.1,5,estimate,,True,sell_side; valuations,Generalist,,sales@sovereignbt.co.uk,0161 841 5772,,,https://www.linkedin.com/company/sovereign-business-transfer,"Greater Manchester (Cheadle) business transfer agent selling businesses UK-wide since 2008, from sole traders to multi-site groups, with a corporate division for larger companies.",,,,https://www.sovereignbt.co.uk/; https://uk.businessesforsale.com/uk/agents/sovereign-business-transfer-limited-3; https://find-and-update.company-information.service.gov.uk/company/06652960/filing-history; https://find-and-update.company-information.service.gov.uk/company/17208073; https://find-and-update.company-information.service.gov.uk/company/17208073/officers; https://find-and-update.company-information.service.gov.uk/company/06652960/officers,90,sovereignbt-co-uk
SP Angel,https://www.spangel.co.uk,Investment bank / broker,,London,London,London,national,London; South East; South West; East of England; East Midlands; West Midlands; Yorkshire and the Humber; North West; North East; Scotland; Wales; Northern Ireland,,,1.0,40.0,5,200,estimate,,True,sell_side; buy_side; fundraising; ecm,Energy & Renewables; Generalist,Strong natural resources/mining focus,contact@spangel.co.uk,+44 20 3470 0470,http://www.spangel.co.uk/about/,https://www.spangel.co.uk/contact/,,"London-based corporate finance and broking firm, AIM nominated adviser and broker with a strong natural resources focus.",,OC317049,Active,https://www.spangel.co.uk/,90,spangel-co-uk
SPARK Advisory Partners,https://www.sparkadvisorypartners.com,Investment bank / broker,,London,London,London; Leeds,national,London; South East; South West; East of England; East Midlands; West Midlands; Yorkshire and the Humber; North West; North East; Scotland; Wales; Northern Ireland,,,1.0,40.0,5,200,estimate,,True,sell_side; buy_side; fundraising; ecm,Generalist,,,0203 368 3550,,https://www.sparkadvisorypartners.com/contact/,,"Independent corporate finance adviser and AIM nominated adviser with offices in London and Leeds, advising quoted and private companies on IPOs, fundraisings and M&A.",,03191370,Active,https://www.sparkadvisorypartners.com/; https://www.sparkadvisorypartners.com/contact/,90,sparkadvisorypartners-com
Spayne Lindsay & Co,https://www.spaynelindsay.com,Sector specialist,,London,London,London,international,London; South East; South West; East of England; East Midlands; West Midlands; Yorkshire and the Humber; North West; North East; Scotland; Wales; Northern Ireland,,,4.0,120.0,20,600,deals,"deals include £180m sale of Karro Food Group, £550m sale of Quorn",False,sell_side; buy_side,Consumer & Retail; Food & Beverage,,reception@spaynelindsay.com,+44 (0) 207 808 3240,https://www.spaynelindsay.com/team,https://www.spaynelindsay.com/contact-us,https://www.linkedin.com/company/spaynelindsayandcollp/,"Global consumer-sector M&A advisory firm (food, beverage, beauty, personal care); deals include sale of Quorn and Tangle Teezer.",,09500191,Active,https://www.spaynelindsay.com/,90,spaynelindsay-com
Spencer House Partners,https://www.spencerhousepartners.com,Sector specialist,,London,London,London,international,London,,,4.0,100.0,20,500,estimate,,False,sell_side; buy_side; fundraising; restructuring; valuations,Financial Services; Professional Services,"Asset & wealth management, fund and corporate services, fiduciary and other people-focused businesses",info@spencerhousepartners.com,,https://www.spencerhousepartners.com,https://www.spencerhousepartners.com/contact,,"London corporate finance adviser (est. 2005) to financial services and people-focused businesses, especially asset and wealth managers and fiduciary firms.",,OC315704,Active,https://www.spencerhousepartners.com/; https://www.spencerhousepartners.com/about; https://www.spencerhousepartners.com/advisory-transactions,90,spencerhousepartners-com
Spinnaker Corporate Finance,https://spinnaker-cf.co.uk,Independent boutique,,Macclesfield,North West,Macclesfield,regional,North West,1,team_page,0.2,4.0,1,20,estimate,,True,sell_side; buy_side; fundraising; valuations,Generalist,,dave@spinnaker-cf.co.uk,,,,,"Cheshire (Bollington, Macclesfield) corporate finance practice led by Dave Wilson (30+ years' experience) advising owners on buying and selling businesses, fundraising, EOTs (incl. independent trustee) and retained NED advisory.",,08039658,Active,https://spinnaker-cf.co.uk/; https://find-and-update.company-information.service.gov.uk/,100,spinnaker-cf-co-uk
Sprosen,https://www.sprosen.com,Business broker,,Weston-super-Mare,South West,Weston-super-Mare; London,national,London; South East; South West; East of England; East Midlands; West Midlands; Yorkshire and the Humber; North West; North East; Scotland; Wales; Northern Ireland,,,0.02,1.0,0.1,5,estimate,,True,sell_side; buy_side; valuations; restructuring,Leisure & Hospitality,"Sales, lettings and valuations of pubs, restaurants, hotels, bars and other hospitality businesses, plus business restructuring/consultancy.",info@sprosen.com,0333 414 9999,,https://sprosen.com/#contact-us,,"Hospitality-focused business and commercial property agent (head office 44 Boulevard, Weston-super-Mare, with offices in central London and South Wales) selling pubs, restaurants, hotels and bars across the UK.",,,,https://www.sprosen.com/; https://www.daltonsbusiness.com/agent/sprosen/,90,sprosen-com
SRC Advisory,https://www.srcadvisory.com,Accountancy firm CF team,,Brighton,South East,Brighton,regional,South East; London,3,estimate,0.2,5.0,1,25,estimate,Focus on UK and international deals for the SME/mid-market,True,sell_side; buy_side; mbo; fundraising; debt_advisory,Generalist,,info@srccf.com,,,https://www.srcadvisory.com/contact,https://www.linkedin.com/company/src-advisory/,"Sussex-based advisory firm (founded 2014 as SRC Corporate Finance) offering M&A, MBO, private equity, debt advisory and fundraising support for SME and mid-market clients alongside accountancy and tax services; shortlisted adviser in Insider South East Dealmakers.",,10626655,Active,https://www.srcadvisory.com/services/corporate-finance; https://www.srcadvisory.com/contact; https://www.insidermedia.com/event/south-east-dealmakers-awards-2025/shortlist,100,srcadvisory-com
Starling Corporate,https://starlingcorporate.com,Business broker,,Leeds,Yorkshire and the Humber,Leeds; London; Edinburgh,national,London; South East; South West; East of England; East Midlands; West Midlands; Yorkshire and the Humber; North West; North East; Scotland; Wales; Northern Ireland,,,0.2,2.0,1,10,estimate,,True,sell_side; buy_side,Generalist,Generalist sell-side company sales broker for privately owned SMEs; not sector specialist,info@starlingcorporate.com,0333 0151 548,,https://starlingcorporate.com/contact-us/,,"Leeds-headquartered business and company sales specialist offering director-led sell-side brokerage to UK owner-managed businesses, with contact points in London and Edinburgh (London address is a Kemp House, City Road registered-office address).",,12674619,Active,https://starlingcorporate.com; https://starlingcorporate.com/about-us/; https://starlingcorporate.com/contact-us/; https://www.gpmg.uk/winners/m-a-today-global-awards-2026,90,starlingcorporate-com
Steen Associates,https://www.steenassociates.com,Sector specialist,,London,London,London,international,London,,,10.0,70.0,50,350,deals,"Deals on its news page: Sigma Precision Components to Silverfleet ""for a cash consideration of £65 million""; Firstmark to H-D Manufacturing ""$84m cash merger""; Senior plc Aerostructures to Sullivan Street ""total enterprise value of up to £200m""; Gardner Aerospace to SLMR ""for £326m""",False,sell_side; buy_side; restructuring,Engineering; Industrials & Manufacturing,"Aerospace, defence and industrials; cross-border (London and Frankfurt)",mail@steenassociates.com,+44 20 7405 5040,https://www.steenassociates.com/leadership,https://www.steenassociates.com/contact,https://www.linkedin.com/company/steenassociates/,"Independent cross-border M&A firm with offices in London and Frankfurt specialising in aerospace, defence and industrial transactions.",,,,https://www.steenassociates.com/; https://www.steenassociates.com/contact; https://www.steenassociates.com/transactions,90,steenassociates-com
Stephen Page & Partners,https://www.stephen-page.co.uk,Business broker,,Devon,South West,Devon,local,South West,1,estimate,0.06,1.0,0.3,5,estimate,,True,sell_side; buy_side,Leisure & Hospitality,"Hotels, guest houses and inns in the West Country and South Devon, from B&Bs to company share transfer sales",stephen@stephen-page.co.uk,07767 842423,,https://www.stephen-page.co.uk/contact,https://www.linkedin.com/company/stephenpageandpartners/,"Specialist hotel business agent (est. 2013, founder with 30+ years' experience) providing confidential sales and acquisition searches for hotels, guest houses and inns in the West Country; HQ town not stated on the site.",,,,https://www.stephen-page.co.uk/; https://www.stephen-page.co.uk/contact,100,stephen-page-co-uk
Sterling Corporate Finance,https://sterlingcf.com,Independent boutique,,Newbury,South East,Newbury,national,London; South East; South West; East of England; East Midlands; West Midlands; Yorkshire and the Humber; North West; North East; Scotland; Wales; Northern Ireland,1,team_page,0.2,10.0,1,50,stated,Mid-market · £1m to £50m,True,sell_side; buy_side; debt_advisory; valuations,Industrials & Manufacturing; Business Services; Engineering,Particular depth in industrials and business services,aroy@sterlingcf.com,+44 7387 371740,https://sterlingcf.com/about/,https://sterlingcf.com/contact/,,"Newly formed (2026) Newbury-based, founder-led boutique (Aniruddha Roy, ex UK M&A boutique associate director) advising owner-managed lower mid-market businesses on sales, acquisitions, shareholder exits, debt and valuations; transaction list is the founder's prior-firm experience.",,17201807,Active,https://sterlingcf.com; https://sterlingcf.com/about/; https://sterlingcf.com/transactions/; https://sterlingcf.com/contact/,100,sterlingcf-com
Stifel,https://www.stifel.com,Investment bank / broker,,St. Louis,International,London,international,London; South East; South West; East of England; East Midlands; West Midlands; Yorkshire and the Humber; North West; North East; Scotland; Wales; Northern Ireland,,,10.0,200.0,50,1000,estimate,,False,sell_side; buy_side; fundraising; ecm,Generalist,,,,,https://www.stifel.com/contact-us,,US investment bank with a London advisory and capital markets presence (incl. former KBW/Stifel Europe) advising European mid-market companies.,,,,https://www.stifel.com/,90,stifel-com
STJ Advisors,https://www.stjadvisors.com,Investment bank / broker,,London,London,London,international,London,,,40.0,,200,,deals,IPOs from c.€100m financing rounds to $2.4bn IPOs,False,ecm; fundraising,Generalist,,contact@stjadvisors.com,+44 (0) 20 7871 2993,https://www.stjadvisors.com/team,,https://www.linkedin.com/company/stj-advisors-llp,London-based independent equity capital markets adviser (IPO and capital raising advice) rather than an M&A adviser; included for completeness.,,,,https://www.stjadvisors.com; https://www.stjadvisors.com/about-us; https://stjadvisors.com/,90,stjadvisors-com
Stonesmith,https://www.stonesmith.co.uk,Business broker,,Exeter,South West,Exeter,regional,South West,,,0.01,0.6,0.05,3,estimate,,True,sell_side; buy_side; valuations,Leisure & Hospitality,"Business transfer agents for pubs, hotels and guest houses, restaurants and catering businesses in Devon, Cornwall, Somerset and Dorset.",,01392 201262,,https://stonesmith.co.uk/contact-us/,,"Exeter business transfer agents (30+ years) specialising in the sale and acquisition of freehold and leasehold licensed, leisure and hospitality businesses across the Westcountry.",,,,https://www.stonesmith.co.uk/; https://stonesmith.co.uk/contact-us/,90,stonesmith-co-uk
Stoneward Capital,https://stonewardcapital.com,Independent boutique,,London,London,London,international,London,1,team_page,1.0,20.0,5,100,estimate,,True,sell_side; buy_side,Technology & Software; Professional Services; Industrials & Manufacturing; Healthcare; Energy & Renewables; Consumer & Retail,,,,https://stonewardcapital.com,https://stonewardcapital.com,,"London strategy and M&A boutique set up in late 2024 by a former head of BearingPoint Capital UK, advising growth-stage companies on buy-side, sell-side, carve-outs and integration through a network of affiliated advisers.",,16063270,Active,https://stonewardcapital.com; https://stonewardcapital.com/wp-content/uploads/2026/01/01.-Stoneward-Capital-Ltd_Company-Presentation_vf.pdf; https://find-and-update.company-information.service.gov.uk/company/16063270,100,stonewardcapital-com
Strand Hanson,https://www.strandhanson.co.uk,Investment bank / broker,,London,London,London,national,London; South East; South West; East of England; East Midlands; West Midlands; Yorkshire and the Humber; North West; North East; Scotland; Wales; Northern Ireland,,,0.6,60.0,3,300,deals,"Recent M&A transactions listed on its site: Aukett Swanke acquisition of Torpedo Factory Group ""for a total consideration of £2.82 million""; Hummingbird Resources £13.4m; CyanConnode £36.5m; Frenkel Topping ""c.£64 million""; Metals Exploration ""£90m acquisition of Condor Gold""; IDH ""approximately US$290.7 million""",True,sell_side; buy_side; fundraising; ecm,Energy & Renewables; Generalist,,info@strandhanson.co.uk,+44 (0) 20 7409 3494,https://www.strandhanson.co.uk/about,https://www.strandhanson.co.uk/contact/,,"London 'modern merchant bank' providing M&A, nominated adviser and corporate finance advice, with a strong natural resources and international client base.",,02780169,Active,https://www.strandhanson.co.uk/; https://www.strandhanson.co.uk/contact/,90,strandhanson-co-uk
Strategic Business Exits,https://www.strategic-business-exits.com,Independent boutique,,,West Midlands,,regional,West Midlands,4,team_page,0.1,2.0,0.5,10,estimate,,True,sell_side; buy_side; mbo; valuations,Generalist; Construction & Property; Engineering; Industrials & Manufacturing,"Case studies are West Midlands/Worcestershire owner-managed businesses (joinery, landscaping supplies, stainless steel, structural engineering)",john@strategic-business-exits.com,,https://www.strategic-business-exits.com,https://www.strategic-business-exits.com/,,"Entrepreneur-led M&A adviser (John Knight, Chris Wilde ex Restore plc corporate development, Robert Dean, Carl Jarvis) handling exits, MBOs, acquisitions and valuations for owner-managed businesses, mainly in the West Midlands.",,10654790,Active,https://www.strategic-business-exits.com; https://find-and-update.company-information.service.gov.uk/company/10654790,80,strategic-business-exits-com
Strategic Corporate Finance,https://www.strategiccorporatefinance.co.uk,Independent boutique,,Sheffield,Yorkshire and the Humber,Sheffield; Alfreton,regional,Yorkshire and the Humber; East Midlands,2,team_page,0.2,3.0,1,15,estimate,,True,sell_side; buy_side; mbo; valuations,Generalist,,,0114 324 0430,https://www.strategiccorporatefinance.co.uk/who-we-are/,https://www.strategiccorporatefinance.co.uk/contact/,,"South Yorkshire/North Derbyshire dealmakers (directors Greg Barker and Andrew Coates) advising owner-managed businesses on company sales, MBOs, acquisitions, exit planning and cross-border deals.",,05112871,Active,https://www.strategiccorporatefinance.co.uk/; https://www.strategiccorporatefinance.co.uk/who-we-are/; https://www.strategiccorporatefinance.co.uk/contact,100,strategiccorporatefinance-co-uk
Streets,https://www.streets.uk,Accountancy firm CF team,,Lincoln,East Midlands,Lincoln; Leeds; Nottingham; Sheffield; Stamford; Grantham; Boston; Peterborough; Leicester,regional,East Midlands; Yorkshire and the Humber; East of England,,,0.2,4.0,1,20,estimate,,True,sell_side; buy_side; mbo; fundraising; debt_advisory; due_diligence; valuations; ecm,Generalist,,,,,,https://www.linkedin.com/company/streets-chartered-accountants/,"Lincoln-headquartered accountancy group with a corporate finance team advising Midlands and Yorkshire owner-managed businesses on sales, acquisitions and funding, plus AIM/capital markets work.",,,,https://www.streets.uk/,80,streets-uk
Succession Corporate Finance,https://www.successcf.com,Independent boutique,,London,London,London,national,London; South East; South West; East of England; East Midlands; West Midlands; Yorkshire and the Humber; North West; North East; Scotland; Wales; Northern Ireland,2,team_page,1.0,10.0,5,50,estimate,lower mid market M&A,True,sell_side; buy_side; mbo; fundraising,Generalist,,info@successcf.com,+44 (0)20 7100 3344,https://www.successcf.com/our-team,https://www.successcf.com/contact,,"Mayfair corporate finance boutique launched in 2007 with Livingstone's backing, giving lower mid-market sell-side, buy-side, MBO/MBI and fundraising advice.",,,,https://www.successcf.com/; https://www.successcf.com/our-team; https://www.successcf.com/contact,100,successcf-com
Sumer,https://www.sumer.co.uk,Accountancy firm CF team,,Belfast,Northern Ireland,Belfast; Worthing; Bolton; Manchester; London; Bath; Birmingham,national,London; South East; South West; East of England; East Midlands; West Midlands; Yorkshire and the Humber; North West; North East; Scotland; Wales; Northern Ireland,,,0.2,4.0,1,20,estimate,,True,sell_side; buy_side; mbo; fundraising; debt_advisory; due_diligence; valuations,Generalist,,,,https://www.sumer.co.uk/services/corporate-finance/,https://www.sumer.co.uk/contact/,https://uk.linkedin.com/company/sumergroup,"PE-backed group of regional accountancy firms (incl. Sumer NI, Carpenter Box, Cowgills, HW Fisher, Jerroms, Monahans) offering corporate finance (M&A, transaction services, funding) to SMEs.",,,,https://www.sumer.co.uk/; https://www.sumer.co.uk/services/corporate-finance/,90,sumer-co-uk
Sumer NI,https://sumerni.co.uk,Accountancy firm CF team,Sumer Group,Belfast,Northern Ireland,Belfast,regional,Northern Ireland,,,0.2,4.0,1,20,estimate,,True,sell_side; buy_side; fundraising; due_diligence; valuations,Generalist; Leisure & Hospitality,,info@sumerni.co.uk,,https://sumerni.co.uk/about-us/our-people/,https://sumerni.co.uk/contact/,https://www.linkedin.com/company/sumer-northern-ireland,"Northern Ireland arm of Sumer Group with a specialist corporate finance team (Adrian Patton) providing sell-side M&A, acquisitions, funding and transaction support.",,,,https://sumerni.co.uk/services/corporate-finance/; https://www.sumer.co.uk/services/corporate-finance/,90,sumerni-co-uk
Sunset Capital Partners,https://sunsetcapital.co.uk,Independent boutique,,London,London,London,national,London; South East; South West; East of England; East Midlands; West Midlands; Yorkshire and the Humber; North West; North East; Scotland; Wales; Northern Ireland,1,team_page,0.4,6.0,2,30,estimate,,True,sell_side; valuations,Business Services; Technology & Software; Consumer & Retail,"Compliance/maintenance/infrastructure services, software/IT/cyber, consumer brands",angus@sunsetcapital.co.uk,,https://www.sunsetcapital.co.uk/team,https://sunsetcapital.co.uk,,"New (2026) founder-led sell-side M&A boutique for founder- and family-owned businesses, run by a former PE/family-office buyer (7 platform acquisitions, 20 bolt-ons, >£500m transacted, per the site); registered in Mayfield, East Sussex.",,17353561,Active,https://www.sunsetcapital.co.uk/team; https://find-and-update.company-information.service.gov.uk/company/17353561,100,sunsetcapital-co-uk
Swan Business Brokers,https://www.swanbusinessbrokers.co.uk,Business broker,,Nottingham,East Midlands,Nottingham,national,London; South East; South West; East of England; East Midlands; West Midlands; Yorkshire and the Humber; North West; North East; Scotland; Wales; Northern Ireland,,,0.01,0.6,0.05,3,estimate,,True,sell_side; valuations,Generalist; Consumer & Retail; Business Services,,info@swanbusinessbrokers.co.uk,0800 634 9679,,https://www.swanbusinessbrokers.co.uk/contact/,https://www.linkedin.com/company/40951661,"Nottingham-based business broker selling owner-managed businesses UK-wide across sectors; says it has completed hundreds of sales and publishes case studies (e.g. Nightguard Security, retail, salons, catering).",,,,https://www.swanbusinessbrokers.co.uk/; https://www.swanbusinessbrokers.co.uk/completed-sales/,90,swanbusinessbrokers-co-uk
Symmetry Corporate Finance,https://www.symmetrycf.net,Sector specialist,,Basingstoke,South East,Basingstoke,national,London; South East; South West; East of England; East Midlands; West Midlands; Yorkshire and the Humber; North West; North East; Scotland; Wales; Northern Ireland,2,team_page,0.2,4.0,1,20,estimate,SME and mid-market tech & tech-enabled business owners,True,sell_side; mbo; valuations; buy_side; fundraising,Technology & Software; Media & Marketing; Financial Services; Healthcare; Education; Telecoms; Industrials & Manufacturing; Professional Services,Tech and tech-enabled businesses,info@symmetrycf.co.uk,0333 016 4130,https://www.symmetrycf.net/team,https://www.symmetrycf.net/contact,https://www.linkedin.com/company/30590775,"Basingstoke-based corporate finance boutique advising SME and mid-market tech and tech-enabled business owners on sales, MBOs, M&A and exit planning.",,11778649,Active,https://www.symmetrycf.net; https://www.symmetrycf.net/team; https://www.symmetrycf.net/contact,100,symmetrycf-net
Tamesis Partners,https://www.tamesispartners.com,Sector specialist,,London,London,London,international,London,6,team_page,2.0,60.0,10,300,estimate,,True,ecm; fundraising; buy_side; sell_side,Energy & Renewables,Mining sector ECM and advisory,partners@tamesispartners.com,+44 203 882 2868,https://www.tamesispartners.com/the-team,https://www.tamesispartners.com/,https://www.linkedin.com/company/tamesis-partners-llp/,"City of London ECM and advisory house founded in 2016 focused on the mining sector, providing financing, advisory and investor access to mining companies worldwide.",,OC412104,Active,https://www.tamesispartners.com; https://www.tamesispartners.com/the-team; https://tamesispartners.com/,100,tamesispartners-com
Tatsu Partners,https://tatsupartners.com,Debt adviser,,London,London,London,national,London; South East; South West; East of England; East Midlands; West Midlands; Yorkshire and the Humber; North West; North East; Scotland; Wales; Northern Ireland,,,4.0,100.0,20,500,estimate,,False,debt_advisory; restructuring; fundraising,Generalist,,,,https://tatsupartners.com/team,https://tatsupartners.com/contact,,"London independent debt advisory firm: new facilities, refinancings, acquisition financings, covenant resets and balance sheet restructurings; appeared in Experian's South West adviser top ten for 2024.",,12540554,Active,https://tatsupartners.com; https://www.experian.co.uk/content/dam/marketing/uki/uk/en/pdf/MarketIQ-Report-FY-2024.pdf; https://tatsupartners.com/about-us; https://www.experian.co.uk/content/dam/marketing/uki/uk/en/pdf/MA-Full-year-report-2025-V3.pdf,90,tatsupartners-com
TC Group,https://www.tc-group.com,Accountancy firm CF team,,Leeds,Yorkshire and the Humber,Leeds; Birmingham; Cambridge; Lewes; Northampton; Bristol,national,Yorkshire and the Humber; West Midlands; East of England; South East; East Midlands; South West; Scotland,,,0.2,3.0,1,15,estimate,,True,sell_side; buy_side; mbo; due_diligence; valuations,Generalist,Also advises on Employee Ownership Trust transactions,enquiries@tc-group.com,0113 231 4131,https://www.tc-group.com/success-without-stillness/,https://www.tc-group.com/contact/,https://www.linkedin.com/company/tc-group3/,"Multi-office UK accountancy group with a corporate finance team (head Patrick Faughnan) advising owner-managers on exits via trade sale, MBO and EOT, plus buy-side due diligence.",,11251664,Active,https://www.tc-group.com/services/business-services/corporate-finance/; https://www.tc-group.com/offices/,90,tc-group-com
Tennyson Securities,https://www.tennysonsecurities.co.uk,Investment bank / broker,Shard Capital Partners LLP,London,London,London,national,London; South East; South West; East of England; East Midlands; West Midlands; Yorkshire and the Humber; North West; North East; Scotland; Wales; Northern Ireland,,,2.0,40.0,10,200,estimate,,True,ecm; fundraising,Energy & Renewables; Technology & Software; Generalist,Small-cap oil & gas and high-growth technology,sales@tennysonsecurities.co.uk,+44 (0) 20 4530 9198,https://www.tennysonsecurities.co.uk/about-us/,https://www.tennysonsecurities.co.uk/contact-us/,,"London corporate broker founded in 2021 by the former Mirabaud Securities primary team (trading name of Shard Capital Partners LLP), providing equity capital markets and research for small-cap companies; ECM only.",,17193778,Active,https://www.tennysonsecurities.co.uk; https://www.tennysonsecurities.co.uk/about-us/; https://tennysonsecurities.co.uk/,90,tennysonsecurities-co-uk
TG Advisory,https://tgadvisory.co.uk,Sector specialist,,Bristol,South West,Bristol,national,London; South East; South West; East of England; East Midlands; West Midlands; Yorkshire and the Humber; North West; North East; Scotland; Wales; Northern Ireland,,,1.0,20.0,5,100,stated,We typically advise on transactions valued between £5m and £100m,True,sell_side; buy_side; fundraising; mbo,Food & Beverage,Core focus food & beverage; selectively other mid-market sectors,office@tgadvisory.co.uk,,,https://tgadvisory.co.uk/,,"Bristol corporate finance boutique founded by Trefor Griffith after 25 years at Grant Thornton (led its food & beverage practice), advising on business sales, acquisitions, equity raises and management-side advice, mainly in food & beverage.",,14930733,Active,https://tgadvisory.co.uk/; https://find-and-update.company-information.service.gov.uk/company/14930733,90,tgadvisory-co-uk
TH Global Capital,https://thglobalcapital.com,Sector specialist,,London,London,London,international,London; South East; South West; East of England; East Midlands; West Midlands; Yorkshire and the Humber; North West; North East; Scotland; Wales; Northern Ireland,,,5.0,23.0,25,115,deals,"Disclosed values on its transactions page: ""€30 Million"" (ServiceNow consultancy sale), ""$66 Million"" (Aggne majority stake to Wipro), ""$68 Million"", ""£ 112 Million"" (financial services platform BPO); most deals undisclosed",False,sell_side; buy_side; fundraising; debt_advisory,Technology & Software; Business Services; Professional Services; Healthcare; Financial Services; Engineering,"Sector-focused investment banking for IT services, BPM, consulting, SaaS, digital transformation, cybersecurity and engineering services; formerly Technology Holdings.",info@thglobalcapital.com,+44 20 74603770,https://thglobalcapital.com/about/management-team/,https://thglobalcapital.com/contact-us/,https://www.linkedin.com/company/th-global-capital/,"International sector-focused M&A adviser (formerly Technology Holdings) with a London office at 110 Bishopsgate, advising IT services, BPM, consulting and software businesses on sell-side, buy-side and growth capital; recent UK deals include Social Element's sale to MarketFully and Quantiphi's acquisition of Candyspace.",,13967094,Active,https://thglobalcapital.com; https://thglobalcapital.com/contact-us/; https://www.consultancy.uk/news/expertise/mergers-acquisitions,90,thglobalcapital-com
The Business Sales Agency,https://www.businesssalesagency.com,Business broker,,,Scotland,,regional,Scotland,,,0.01,1.0,0.05,5,stated,"handle all sizes of business ranging from those that sell for under £50,000 to those achieving over £5m",True,sell_side; valuations,Generalist; Food & Beverage; Care; Industrials & Manufacturing; Construction & Property,"Food and hospitality, services, care, childcare, manufacturing, engineering, retail, agriculture, construction.",sales@businesssalesagency.com,0333 6000 888,,https://www.businesssalesagency.com/contact/,,"Scottish business broker (20+ years) covering all of Scotland; says it has sold over 2,000 businesses.",,,,https://www.businesssalesagency.com/; https://www.businesssalesagency.com/about-the-business-sales-agency/,70,businesssalesagency-com
The Dental Brokers,https://thedentalbrokers.co.uk,Sector specialist,,,,,national,London; South East; South West; East of England; East Midlands; West Midlands; Yorkshire and the Humber; North West; North East; Scotland; Wales; Northern Ireland,2,team_page,0.06,1.0,0.3,5,estimate,,True,sell_side; buy_side; valuations,Dental & Veterinary; Healthcare,"Exclusively dental practice sales, acquisitions and valuations.",contact@thedentalbrokers.co.uk,07932 517109,https://thedentalbrokers.co.uk/about-us/,https://thedentalbrokers.co.uk/contact,https://www.linkedin.com/company/93870723/,"UK dental practice broker (The Dental Brokers Ltd, inc. 2024, registered office near Matlock, Derbyshire) handling practice sales, acquisitions and valuations nationwide; client testimonials cite completed transactions. Operating HQ not confirmed.",,16051332,Active,https://thedentalbrokers.co.uk/; https://find-and-update.company-information.service.gov.uk/search/companies?q=dental+brokers; https://thedentalbrokers.co.uk/about-us/,80,thedentalbrokers-co-uk
The Exit Co,https://theexitco.co.uk,Business broker,,Newcastle upon Tyne,North East,Newcastle upon Tyne; London; Bristol; Glasgow; Nottingham,national,London; South East; South West; East of England; East Midlands; West Midlands; Yorkshire and the Humber; North West; North East; Scotland; Wales; Northern Ireland,,,0.02,0.6,0.1,3,estimate,,True,sell_side; buy_side; valuations,Generalist,"Lists live buyer demand for engineering, legal, accountancy, care, pharmacy, dental, recruitment, IT and pub businesses.",info@theexitco.co.uk,0191 230 6370,,https://theexitco.co.uk/contact-us/,https://www.linkedin.com/company/the-exit-company,"UK business broker with a Newcastle head office and offices in London, Bristol, Glasgow and Nottingham; says it sold one business every week last year to a network of 10,000+ buyers.",,,,https://theexitco.co.uk/; https://theexitco.co.uk/offices/,90,theexitco-co-uk
The Firebird Partnership,https://www.firebirdpartnership.com,Sector specialist,,Winchester,South East,Winchester,national,London; South East; South West; East of England; East Midlands; West Midlands; Yorkshire and the Humber; North West; North East; Scotland; Wales; Northern Ireland,8,team_page,0.2,4.0,1,20,estimate,"Across our careers we've completed over 100 transactions including fundraising, MBOs, MBIs, full and partial exits",True,sell_side; buy_side; fundraising; mbo; due_diligence,Leisure & Hospitality; Education,"Travel and leisure specialist: tour operators, travel agencies and travel groups, plus some education and leisure businesses; AITO business partner (Corporate Finance/M&A)",ian@firebirdpartnership.com,07736 226118,https://www.firebirdpartnership.com/who-we-are,https://www.firebirdpartnership.com/contact-us,,"Travel and leisure growth consultancy and corporate finance adviser led by Stewart Lambert and Ian Finlay with six fellow directors, advising travel company owners on full and partial exits, acquisitions, MBOs and fundraising.",,12631992,Active,https://www.firebirdpartnership.com; https://www.firebirdpartnership.com/contact-us; https://www.aito.com/aito-information/aito-business-partners,100,firebirdpartnership-com
The Restaurant Agency,https://www.therestaurantagency.com,Business broker,,Edinburgh,Scotland,Edinburgh,regional,Scotland,1,team_page,0.0,0.2,0.02,1,estimate,,False,sell_side; buy_side,Leisure & Hospitality; Food & Beverage,"Sale and acquisition of restaurants, cafes, coffee shops and food/catering businesses in Scotland.",alan@therestaurantagency.com,0131 441 2663,https://www.therestaurantagency.com/about/,https://www.therestaurantagency.com/contact/,,"Scottish commercial business agent founded in 2011 by Alan Goldie, specialising in selling restaurants and food-related businesses; publishes sold businesses (e.g. Hobz Bakery, Leith Walk).",,SC376245,Active,https://www.therestaurantagency.com/; https://www.therestaurantagency.com/about/; https://www.daltonsbusiness.com/agent/the-restaurant-agency/,100,therestaurantagency-com
The Veterinary Business Agency (The VBA),https://thevba.com,Business broker,,Corbridge,North East,Corbridge,national,London; South East; South West; East of England; East Midlands; West Midlands; Yorkshire and the Humber; North West; North East; Scotland; Wales; Northern Ireland,1,estimate,0.06,2.0,0.3,10,estimate,,True,sell_side; valuations,Dental & Veterinary,Veterinary practices,mal@thevba.com,07939216174,,https://thevba.com/contact-us/,,"Veterinary practice valuation and sales specialist for sole traders, partnerships and limited company vet practices.",,,,https://thevba.com/; https://thevba.com/contact-us/,100,thevba-com
TheNonExec,https://www.thenonexecutive.com,Independent boutique,,Poole,South West,Poole,national,London; South East; South West; East of England; East Midlands; West Midlands; Yorkshire and the Humber; North West; North East; Scotland; Wales; Northern Ireland,2,estimate,1.0,10.0,5,50,estimate,Helped steward deals worth over £300 million globally; over 17 transactions advised,True,sell_side; valuations,Generalist; Industrials & Manufacturing; Energy & Renewables,"Generalist founder-exit boutique; case studies in metrology/inspection systems (Sempre Group to Oxford Metrics), energy (Empower Energy to Good Energy) and building products (Mayfield Group to Epwin)",info@thenonexecutive.com,+44 (0)1202 828266,https://www.thenonexecutive.com/leadership/,https://www.thenonexecutive.com/contact/,,"Lean, virtual sell-side M&A boutique based in Poole, Dorset, led by Justin Levine (ex-Schneider Electric), selling founder-owned UK companies to strategic and PE buyers, with offshore analyst support in India.",,07097026,Active,https://www.thenonexecutive.com; https://www.thenonexecutive.com/contact/; https://www.thenonexecutive.com/leadership/; https://www.thenonexecutive.com/deals/,100,thenonexecutive-com
Thomas Scott & Co,https://www.thomas-scott.co.uk,Independent boutique,,Crawley,South East,Crawley; London,national,London; South East; South West; East of England; East Midlands; West Midlands; Yorkshire and the Humber; North West; North East; Scotland; Wales; Northern Ireland,,,,20.0,,100,stated,M&A advisory for the UK lower-middle market... Deals to £100m; enquiry form EBITDA bands from under £500k,True,sell_side; buy_side,Generalist,,info@thomas-scott.co.uk,01293 204337,https://www.thomas-scott.co.uk/about,https://www.thomas-scott.co.uk/contact,https://www.linkedin.com/company/thomas-scott-co/,"Lower-middle-market M&A boutique with offices at Gatwick (Crawley) and London, running sell-side processes for owners and data-led buy-side origination for PE, family offices and strategics.",,,,https://www.thomas-scott.co.uk/; https://www.thomas-scott.co.uk/about; https://www.thomas-scott.co.uk/contact; https://acumon.com/blog/ma-advisory-services-companies-london/,90,thomas-scott-co-uk
Thomson Cooper,https://www.thomsoncooper.com,Accountancy firm CF team,,Edinburgh,Scotland,Edinburgh; Dunfermline,local,Scotland,,,0.1,2.0,0.5,10,estimate,,True,sell_side; buy_side; fundraising; valuations,Generalist,,info@thomsoncooper.com,0131 226 2233,https://www.thomsoncooper.com/about/meet-the-team/,https://www.thomsoncooper.com/contact/,https://www.linkedin.com/company/thomson-cooper-accountants,"Edinburgh and Fife chartered accountants offering corporate finance services to SMEs on acquisitions, disposals, funding and valuations.",,,,https://www.thomsoncooper.com/services/corporate-finance/,90,thomsoncooper-com
Thornton Springer,https://www.thorntonspringer.co.uk,Accountancy firm CF team,,London,London,London,local,London,,,0.1,1.0,0.5,5,estimate,,True,sell_side; buy_side; fundraising; valuations,Generalist,,ts@thorntonspringer.co.uk,020 8771 8661,https://www.thorntonspringer.co.uk/our-team/,https://www.thorntonspringer.co.uk/contact/,https://www.linkedin.com/company/thorntonspringer/,"South London chartered accountants offering corporate finance advice on buying, selling and funding owner-managed businesses.",,OC311705,Active,https://www.thorntonspringer.co.uk/full-services/business/corporate-finance/,90,thorntonspringer-co-uk
TIG Corporate Finance,https://www.t-i-g.co.uk,Accountancy firm CF team,TIG Group,Gateshead,North East,Gateshead,local,North East,,,0.1,1.0,0.5,5,estimate,,True,sell_side; buy_side; fundraising; valuations; due_diligence,Generalist,,barry.gill@tigcorporatefinance.co.uk,0191 406 5050,https://www.t-i-g.co.uk/meet-the-team/,https://www.t-i-g.co.uk/contact-us/,https://www.linkedin.com/company/tig-corporate-finance-limited,"Small North East accountancy and corporate finance group (Swalwell, Gateshead) advising SMEs on disposals, acquisitions, fundraising and valuations; founder also runs a business-for-sale listing platform.",,,,https://www.t-i-g.co.uk/; https://www.t-i-g.co.uk/meet-the-team/; https://www.t-i-g.co.uk/tig-corporate-finance/; https://www.experian.co.uk/content/dam/marketing/uki/uk/en/pdf/MA-Full-year-report-2025-V3.pdf,90,t-i-g-co-uk
Torch Partners,https://www.torchpartners.com,Sector specialist,,London,London,London,international,London; South East; South West; East of England; East Midlands; West Midlands; Yorkshire and the Humber; North West; North East; Scotland; Wales; Northern Ireland,,,10.0,200.0,50,1000,estimate,,False,sell_side; buy_side; fundraising,Technology & Software; Financial Services; Telecoms,,info@torchpartners.com,+44 (0) 20 7227 8830,https://www.torchpartners.com/people,https://www.torchpartners.com/contact,https://www.linkedin.com/company/torch-partners/,"M&A and private capital adviser to the software and technology sectors (software & data, fintech, digital infrastructure, digital consumer).",,04039591,Active,https://www.torchpartners.com/,90,torchpartners-com
Torgersens,https://www.torgersens.com,Accountancy firm CF team,,Sunderland,North East,Sunderland; Jarrow; Gosforth,local,North East,2,team_page,0.1,1.0,0.5,5,estimate,,True,sell_side; buy_side; fundraising,Generalist,,enquiries@torgersens.com,0191 567 8611,https://www.torgersens.com/about-us/our-people/,https://www.torgersens.com/contact/,https://www.linkedin.com/company/torgersens/,"Sunderland-based chartered accountants offering corporate finance advice (contact Paul Newbold) on transactions, acquisitions and funding for North East owner-managed businesses.",,,,https://www.torgersens.com/what-we-do/business-advice/corporate-finance/,100,torgersens-com
Transcend Corporate,https://transcendcorporate.com,Independent boutique,,Birmingham,West Midlands,Birmingham; Reading; Sheffield,national,London; South East; South West; East of England; East Midlands; West Midlands; Yorkshire and the Humber; North West; North East; Scotland; Wales; Northern Ireland,6,team_page,0.8,8.0,4,40,stated,transactions typically in the £4million to £40million range,True,sell_side; buy_side; mbo,Business Services; Consumer & Retail; Industrials & Manufacturing; Technology & Software; Telecoms,,,0121 289 3310,https://transcendcorporate.com/team/,https://transcendcorporate.com/contact/,https://www.linkedin.com/company/transcend-corporate-limited,"Independent corporate finance advisory firm founded 2009, offices in Birmingham, Reading and Sheffield, advising on business sales, acquisitions and MBOs; member of the i-DealNet M&A network.",,10060263,Active,https://transcendcorporate.com/; https://transcendcorporate.com/team/; https://transcendcorporate.com/about/,100,transcendcorporate-com
Translink Corporate Finance UK,https://translinkcf.com/teams-and-offices/united-kingdom,Independent boutique,Translink Corporate Finance,Leicester,East Midlands,Leicester; Sheffield; Leeds; London,international,London; South East; South West; East of England; East Midlands; West Midlands; Yorkshire and the Humber; North West; North East; Scotland; Wales; Northern Ireland,9,team_page,1.0,20.0,5,100,estimate,,True,sell_side; buy_side; mbo,Technology & Software; Education; Automotive; Industrials & Manufacturing; Energy & Renewables; Healthcare,,info@translinkcf.com,+44 116 344 0443,https://translinkcf.com/teams-and-offices/united-kingdom,https://translinkcf.com/contacts,https://www.linkedin.com/company/translink-corporate-finance,UK arm of the Translink cross-border M&A network formed by combining Leicester-based IMA Corporate Finance (Stuart Hands) and Sheffield's BHP Corporate Finance; HQ placement ambiguous (Leicester / Sheffield).,,,,https://translinkcf.com/teams-and-offices/united-kingdom; https://www.accountancytoday.co.uk/2023/02/22/two-uk-finance-firms-combine-and-rebrand-as-translink-uk/; https://translinkcf.com/united-kingdom/; https://translinkcf.uk/; https://find-and-update.company-information.service.gov.uk/company/16855721/filing-history,100,translinkcf-com-teams-and-offices-united-kingdom
Transworld Business Advisors UK,https://tworlduk.com,Business broker,Transworld Business Advisors,London,London,London,national,London; South East; South West; East of England; East Midlands; West Midlands; Yorkshire and the Humber; North West; North East; Scotland; Wales; Northern Ireland,,,0.1,2,,,deals,Listings include businesses with EBITDA of £1m-£2m (revenue £2.5m-£20m),True,sell_side; buy_side; mbo; valuations,Generalist,,info@tworlduk.com,0203 911 1059,,,,UK arm of the Transworld business brokerage and M&A franchise (says 14 UK offices); sells owner-managed businesses and handles MBOs/MBIs and divestments.,,09638616,Active,https://tworlduk.com/,90,tworlduk-com
Travel Trade Consultancy,https://traveltradeconsultancy.co.uk,Sector specialist,,London,London,London,national,London; South East; South West; East of England; East Midlands; West Midlands; Yorkshire and the Humber; North West; North East; Scotland; Wales; Northern Ireland,,,0.2,4.0,1,20,estimate,,True,sell_side; buy_side; due_diligence,Leisure & Hospitality,"Travel industry only (tour operators, travel agents); also regulatory/licensing (ATOL, bonding) consultancy; many staff ex-CAA.",info@thettc.co.uk,020 8853 3700,,,,"Travel-sector consultancy (TTC) providing regulatory, financial and M&A support to travel businesses, including buying/selling travel companies and due diligence; advised African Pride on its sale (Martin Alcock, Wilf Watkins).",,05393017,Active,https://traveltradeconsultancy.co.uk/; https://www.business-live.co.uk/enterprise/first-class-holidays-acquires-business-30272713,90,traveltradeconsultancy-co-uk
Treehill Partners,https://treehillpartners.com,Sector specialist,,London,London,London,international,London,,,10.0,,50,,estimate,,False,sell_side; buy_side; fundraising,Healthcare; Life Sciences,Healthcare and biopharma only,office@treehillpartners.com,,https://treehillpartners.com/experienced-team/,https://treehillpartners.com/contact/,https://www.linkedin.com/company/treehill-partners,"International strategic and financial advisory firm focused exclusively on healthcare transactions; UK entity Treehill Partners European Corporate Finance Ltd in London, with US broker-dealer affiliate.",,,,https://treehillpartners.com; https://treehillpartners.com/contact/,90,treehillpartners-com
Trevally Capital Advisers,https://www.trevallycapitaladvisers.co.uk,Sector specialist,,London,London,London,international,London; South East; South West; East of England; East Midlands; West Midlands; Yorkshire and the Humber; North West; North East; Scotland; Wales; Northern Ireland,7,team_page,2.0,100.0,10,500,stated,Construction M&A team: 'transactions typically in the £10 million to £500 million range',True,sell_side; buy_side; mbo; fundraising; valuations,Construction & Property; Engineering; Facilities Management; Environmental Services; Industrials & Manufacturing; Healthcare; Transport & Logistics; Leisure & Hospitality,"Specialist construction-sector M&A team (architecture/engineering consultancy, M&E contracting, building products, FM); deals include Egis acquisitions (WME, WW+P, SB Architects, Indec, CPMS), Eton Associates/T Clarke plc, Cairngorm Capital/Polyframe. Also UK SME capital solutions in asset-heavy sectors.",info@trevallycapitaladvisers.co.uk,+44 (0)20 3889 9600,https://www.trevallycapitaladvisers.co.uk/team/,https://www.trevallycapitaladvisers.co.uk/contact/,https://www.linkedin.com/company/trevally-capital-advisers-limited/,FCA-authorised London corporate finance boutique (since 1999) with a specialist cross-border construction M&A team plus UK SME fundraising and capital solutions.,,04001724,Active,https://www.trevallycapitaladvisers.co.uk/; https://www.trevallycapitaladvisers.co.uk/team/; https://www.trevallycapitaladvisers.co.uk/construction-m-and-a/; https://www.trevallycapitaladvisers.co.uk/corporate-finance/; https://find-and-update.company-information.service.gov.uk/company/04001724,100,trevallycapitaladvisers-co-uk
Trillium Corporate Finance,https://trillium-cf.com,Independent boutique,,London,London,London,national,London,,,0.4,10.0,2,50,estimate,,True,sell_side; buy_side; fundraising,Construction & Property; Leisure & Hospitality; Consumer & Retail; Healthcare; Life Sciences; Technology & Software,"Real estate and infrastructure, hospitality, retail and consumer goods, healthcare and biotech, technology",info@trillium-cf.com,020 8092 4130,,https://trillium-cf.com,,"Independent, partner-led London corporate finance boutique (Trillium Finance Limited, Stafford Street) advising on M&A and transactions, focused on real estate, hospitality, consumer, healthcare and technology; not FCA-regulated.",,,,https://trillium-cf.com; https://www.trillium-cf.com/; https://find-and-update.company-information.service.gov.uk/company/07011410; https://find-and-update.company-information.service.gov.uk/company/07011410/filing-history; https://find-and-update.company-information.service.gov.uk/company/07011410/officers,90,trillium-cf-com
Tura Advisory,https://www.turaadvisory.com,Sector specialist,,London,London,London,international,London; South East; South West; East of England; East Midlands; West Midlands; Yorkshire and the Humber; North West; North East; Scotland; Wales; Northern Ireland,,,1.0,20.0,5,100,estimate,,True,sell_side,Technology & Software; Business Services,"Founder-managed technology services / IT consultancy businesses (ServiceNow, Appian partners, software engineering firms); cross-border buyers",,,,https://www.turaadvisory.com/contact-us,,"London (Finsbury Circus) M&A adviser to founder-managed businesses, mainly technology services; recent sell-side deals include Waivgen to Synechron, Tangent to Exadel, Adeva to Toptal and Dark Peak Analytics to Initiate.",,16196023,Active,https://www.turaadvisory.com; https://www.turaadvisory.com/deal-announcements; https://www.turaadvisory.com/contact-us,90,turaadvisory-com
Turner Pope Investments,https://www.turnerpope.com,Investment bank / broker,,London,London,London,national,London; South East; South West; East of England; East Midlands; West Midlands; Yorkshire and the Humber; North West; North East; Scotland; Wales; Northern Ireland,,,0.4,10.0,2,50,estimate,,True,fundraising; ecm,Generalist,,info@turnerpope.com,020 3657 0050,,https://www.turnerpope.com/contact/,,London boutique stockbroker providing corporate broking and equity fundraising for small-cap AIM companies.,,09506196,Active,https://www.turnerpope.com/,90,turnerpope-com
Turquoise International,https://turquoise.eu,Sector specialist,,London,London,London,international,London; South East; South West; East of England; East Midlands; West Midlands; Yorkshire and the Humber; North West; North East; Scotland; Wales; Northern Ireland,,,1.0,20.0,5,100,estimate,Team has executed over 85 advisory transactions,True,fundraising; sell_side; buy_side,Energy & Renewables; Environmental Services; Technology & Software,Climate technology: capital raising and M&A advice plus venture investing,info@turquoise.eu,,https://turquoise.eu/turquoise-teams/,https://turquoise.eu/,https://www.linkedin.com/company/124283,"London-based financial adviser and investor focused on climate technology, with 20+ years of capital raising, M&A advisory and venture capital investing.",,,,https://turquoise.eu/,90,turquoise-eu
TWP Accounting,https://www.twpaccounting.co.uk,Accountancy firm CF team,,Weybridge,South East,Weybridge; Cranleigh,local,South East; London,2,team_page,0.1,2.0,0.5,10,estimate,,True,sell_side; buy_side; due_diligence; valuations; fundraising; debt_advisory,Generalist; Recruitment & Staffing,,service@twpaccounting.co.uk,,https://www.twpaccounting.co.uk/services/services-for-business/corporate-finance-advisory-services/,https://www.twpaccounting.co.uk/contact-us/,http://www.linkedin.com/company/twp-chartered-accountants,"Surrey chartered accountants and CFN member with a corporate finance team (partner Philip Munk) advising on purchase and sale negotiations, valuations, due diligence, exit planning and funding.",,OC327359,Active,https://www.twpaccounting.co.uk/services/services-for-business/corporate-finance-advisory-services/; https://www.thecfn.org.uk/about-us/,100,twpaccounting-co-uk
UHY Hacker Young,https://www.uhy-uk.com,Accountancy firm CF team,UHY International,London,London,London; York; Chester; Leeds; Belfast; Abergavenny; Bristol; Newport; Sittingbourne; Ashford; Broadstairs; Nottingham,national,London; South East; South West; East of England; East Midlands; West Midlands; Yorkshire and the Humber; North West; North East; Scotland; Wales; Northern Ireland,,,0.2,10.0,1,50,estimate,,True,sell_side; buy_side; mbo; fundraising; debt_advisory; due_diligence; valuations; ecm,Construction & Property; Leisure & Hospitality; Healthcare; Industrials & Manufacturing; Technology & Software,,london@uhy-uk.com,+44 (0)20 7216 4600,https://www.uhy-uk.com/services/corporate-finance,https://www.uhy-uk.com/why-uhy/press-contacts,,"National network of accountancy firms with corporate finance teams across its offices advising on equity and debt raising, MBOs/MBIs, business sales, flotations, valuations and due diligence.",,,,https://www.uhy-uk.com/; https://www.uhy-uk.com/services/corporate-finance,90,uhy-uk-com
Unify Corporate Finance,https://www.unifycf.com,Independent boutique,,Bristol,South West,Bristol,regional,South West; Wales,3,team_page,1.0,10.0,5,50,estimate,,True,sell_side; buy_side; mbo; fundraising,Generalist,,andrew@unifycf.com,07802 647237,https://www.unifycf.com,https://www.unifycf.com,https://www.linkedin.com/company/unifycf,"Independent M&A boutique set up in 2023 by a former KPMG Bristol senior partner; advises shareholders and management on sales, acquisitions, MBOs and raising finance.",,15199008,Active,https://www.unifycf.com,100,unifycf-com
Unity Advisory,https://unity-advisory.com,Accountancy firm CF team,,London,London,London,national,London; South East; South West; East of England; East Midlands; West Midlands; Yorkshire and the Humber; North West; North East; Scotland; Wales; Northern Ireland,,,10.0,,50,,estimate,,False,buy_side; sell_side; due_diligence; valuations,Generalist,,hello@unity-advisory.com,,https://unity-advisory.com/our-people,https://unity-advisory.com/contact,https://linkedin.com/company/unity-advisory,"Audit-free professional services firm launched in 2025 by former Big Four partners, offering deals and value-capture, finance function and tax advisory to CFOs, corporates and private equity.",,,,https://unity-advisory.com/,90,unity-advisory-com
UNW,https://unw.co.uk,Accountancy firm CF team,,Newcastle upon Tyne,North East,Newcastle upon Tyne,regional,North East; Yorkshire and the Humber,12,team_page,0.4,10.0,2,50,estimate,,True,sell_side; buy_side; mbo; fundraising; due_diligence; valuations,Generalist,Deal Advisory team includes grants and inward investment specialists,enquiries@unw.co.uk,+44(0)1912436000,https://unw.co.uk/team/,https://unw.co.uk/contact/,https://www.linkedin.com/company/unw-llp/,"Newcastle chartered accountants with a Deal Advisory team (corporate finance partners Chris Wilson, Paul Mankin, Nick Broadhead) advising North East owner-managed businesses on sales, MBOs, acquisitions and due diligence; ICAEW Corporate Finance Faculty member and North East Dealmakers award winner.",,OC301800,Active,https://unw.co.uk/; https://unw.co.uk/team/; https://www.icaew.com/technical/corporate-finance/corporate-finance-faculty/member-firms,100,unw-co-uk
Uscita Solutions,https://www.uscita.co.uk,Business broker,,Northwich,North West,Northwich,regional,North West,2,team_page,0.1,2.0,0.5,10,estimate,,True,sell_side; valuations,Industrials & Manufacturing; Engineering; Facilities Management,"Exit planning and business sales, specialising in manufacturing, engineering and facilities management.",info@uscita.co.uk,01606 535020,https://www.uscita.co.uk/our-team/,https://www.uscita.co.uk/contact/,https://www.linkedin.com/company/uscita-solutions-ltd/,"Northwich (Cheshire) exit-planning and business sale adviser, since 2005, that says it has guided hundreds of North West owners through the sale of their business; specialises in manufacturing, engineering and facilities management.",,05412202,Active,https://www.uscita.co.uk/; https://www.uscita.co.uk/about-us/meet-the-team/,100,uscita-co-uk
VAMOS M&A Advisory,https://www.vamosbusiness.com,Business broker,,Chelmsford,East of England,Chelmsford,national,London; South East; South West; East of England; East Midlands; West Midlands; Yorkshire and the Humber; North West; North East; Scotland; Wales; Northern Ireland,6,team_page,0.2,10.0,1,50,stated,companies valued between £1M and £50M,True,sell_side; buy_side; valuations; debt_advisory,Transport & Logistics; Generalist,"Specialist focus on transport, logistics and haulage",charlie@vamosbusiness.com,+44 7393 321085,,,,"Chelmsford-based sell-side adviser (formerly VAMOS Business Transfer) using a fixed upfront fee plus success fee model to sell owner-managed businesses valued £1m-£50m, with a transport and logistics specialism.",,,,https://www.vamosbusiness.com/; https://www.greatbritishbusinessshow.co.uk/exhibitors/vamos-business-transfer,100,vamosbusiness-com
Venero Capital Advisors,https://www.venerocapitaladvisors.com,Independent boutique,,London,London,London,international,London,,,2.0,20.0,10,100,estimate,Contact form segments clients from 'Startup (Revenue sub-$2M)' to 'Later Stage (Revenue $50M+)'; site claims 110+ transactions and '$60bn aggregate deal value' (partners' careers). Range is an estimate.,True,sell_side; fundraising; debt_advisory,Technology & Software; Business Services,"Sell-side-only M&A for founder-led software and tech-enabled services businesses; deals include Neocase to Sopra Steria, LiveHire to Humanforce, WCC Hermes to Amadeus, Apli to iCIMS, Mesh.ai to Netchex",contact@venerocapitaladvisors.com,+44 (0) 20 3815 6621,https://www.venerocapitaladvisors.com/team,https://www.venerocapitaladvisors.com/contact-us,https://www.linkedin.com/company/venero-capital/,"International sell-side M&A and capital-raising boutique for founder-led software and tech-enabled services companies, with offices in London, Los Angeles and Berlin.",,,,https://www.venerocapitaladvisors.com/; https://www.venerocapitaladvisors.com/contact-us; https://www.venerocapitaladvisors.com/team; https://www.venerocapitaladvisors.com/transactions; https://find-and-update.company-information.service.gov.uk/company/09631750,90,venerocapitaladvisors-com
Venture Corporate Finance,https://venturecorporatefinance.com,Sector specialist,,London,London,London; Manchester,national,London; South East; South West; East of England; East Midlands; West Midlands; Yorkshire and the Humber; North West; North East; Scotland; Wales; Northern Ireland,,,0.4,10.0,2,50,estimate,,True,sell_side; buy_side,Technology & Software; Telecoms,"IT, telecoms and SaaS",gary.smith@venturecorporatefinance.com,020 3633 0346,,https://venturecorporatefinance.com/contact-us/,,"UK corporate finance adviser specialising exclusively in selling IT, technology and telecoms companies (no upfront fees or retainers); cites 70+ completed transactions, with recent sales including FullProxy to Viatel Technology Group and 777 Networks to an MSP acquirer.",,13038633,Active,https://venturecorporatefinance.com/; https://find-and-update.company-information.service.gov.uk/company/13038633,90,venturecorporatefinance-com
Verdier & Co,https://www.verdierandco.com,Sector specialist,,London,London,London,international,London,8,estimate,4.0,60.0,20,300,estimate,,False,sell_side; buy_side; fundraising,Technology & Software; Healthcare; Energy & Renewables,,contact@verdierandco.com,,https://www.verdierandco.com/team/,https://www.verdierandco.com/contact-us/,,"London-based international corporate finance boutique providing M&A execution and capital raising across European markets, mainly in technology, healthcare and cleantech.",,09999455,Active,https://www.verdierandco.com/; https://firmbase.co/resources/industry-lists/boutique-m-and-a-companies-in-the-uk-london,100,verdierandco-com
Veritas Business Sales,https://www.veritas-sales.co.uk,Business broker,,Solihull,West Midlands,Solihull; Truro; Cambridge; Nottingham,national,London; South East; South West; East of England; East Midlands; West Midlands; Yorkshire and the Humber; North West; North East; Scotland; Wales; Northern Ireland,,,0.01,0.4,0.05,2,estimate,,False,sell_side; buy_side; valuations; debt_advisory,Generalist; Care; Leisure & Hospitality; Consumer & Retail,"Wide range of small businesses incl. care agencies and homes, catering, engineering, e-commerce, estate agents, garden centres.",sales@veritas-sales.co.uk,0121 270 7369,,https://veritas-sales.co.uk/contact-veritas-sales/,,"Business transfer agent headquartered in Solihull with branches in Truro, Cambridge and Nottingham; site shows 500+ recently sold businesses.",,08401046,Active,https://www.veritas-sales.co.uk/; https://www.veritas-sales.co.uk/about-veritas-sales/,90,veritas-sales-co-uk
Vet Dynamics,https://vetdynamics.co.uk,Sector specialist,,,,,national,London; South East; South West; East of England; East Midlands; West Midlands; Yorkshire and the Humber; North West; North East; Scotland; Wales; Northern Ireland,,,0.1,2.0,0.5,10,estimate,,True,sell_side; valuations,Dental & Veterinary,Veterinary practice consultancy with an exit-planning and practice brokering team (Vicky Robinson).,info@vetdynamics.co.uk,01793 435333,https://vetdynamics.co.uk/veterinary-team-training/,https://vetdynamics.co.uk/contact-us/,http://www.linkedin.com/company/vet-dynamics-llp,Veterinary business consultancy (Vet Dynamics LLP) whose brokering team sells independent vet practices to independent and corporate buyers on a no-sale-no-fee basis; says it achieves on average 62% more than practices sold alone. HQ not confirmed.,,09026388,Active,https://vetdynamics.co.uk/dynamic-solutions/dynamic-strategies/exit-strategies/; https://vetdynamics.co.uk/contact-us/,70,vetdynamics-co-uk
VEXUS,https://www.vexus.co.uk,Independent boutique,,Woking,South East,Woking; London,national,London; South East; South West; East of England; East Midlands; West Midlands; Yorkshire and the Humber; North West; North East; Scotland; Wales; Northern Ireland,7,team_page,0.2,4.0,1,20,estimate,"""Our primary focus lies in steering businesses with turnovers between £2 million and £25 million""; also ""small to medium-sized enterprises with turnovers up to £50 million""",True,sell_side; valuations; mbo,Generalist,"Live projects include engineering, facilities management, recruitment and software businesses; also EOT advice",info@vexus.co.uk,0330 133 2020,https://www.vexus.co.uk/about,https://www.vexus.co.uk/contact-vexus,,"UK sell-side business sale and exit adviser (VEXUS Corporate Limited, Tony Vaughan) for owner-managed SMEs with turnover up to £50m, offering valuations, exit planning, full sale processes and EOT advice.",,,,https://www.vexus.co.uk; https://www.vexus.co.uk/contact-vexus; https://www.vexus.co.uk/about; https://find-and-update.company-information.service.gov.uk/company/08143277,100,vexus-co-uk
Viridian Corporate Finance,https://www.viridiancf.co.uk,Independent boutique,,Reigate,South East,Reigate,regional,South East; London,1,team_page,0.2,4.0,1,20,estimate,,True,sell_side; fundraising; valuations,Generalist,,info@viridiancf.co.uk,,,https://www.viridiancf.co.uk/contact,https://www.linkedin.com/company/viridian-corporate-finance-limited,"Surrey corporate finance practice run by Stephen Furner (since 2003) helping entrepreneurs with growth funding, exit planning and sale processes.",,09017264,Active,https://www.viridiancf.co.uk/; https://www.viridiancf.co.uk/p-about-us; https://www.viridiancf.co.uk/contact,100,viridiancf-co-uk
Vivian Sram,https://viviansram.co.uk,Business broker,,,,,national,London; South East; South West; East of England; East Midlands; West Midlands; Yorkshire and the Humber; North West; North East; Scotland; Wales; Northern Ireland,,,0.01,0.6,0.05,3,estimate,,True,sell_side; buy_side; valuations,Professional Services,Accountancy practices,,,,,,"Practice merger broker specialising in the sale and merger of accountancy practices (sole traders to large firms), plus practice valuations.",,,,https://viviansram.co.uk/; https://open.endole.co.uk/insight/brand/151419-vivian-sram,60,viviansram-co-uk
VSA Capital,https://www.vsacapital.com,Investment bank / broker,,London,London,London,international,London; South East; South West; East of England; East Midlands; West Midlands; Yorkshire and the Humber; North West; North East; Scotland; Wales; Northern Ireland,,,1.0,20.0,5,100,estimate,,True,sell_side; buy_side; fundraising; ecm,Generalist,,,+44 (0)20 3005 5000,https://www.vsacapital.com/meet-the-team,,,"London investment bank and broker acting as financial adviser and broker to small-cap AIM, AQSE and LSE companies, with a natural resources and China/emerging markets slant.",,02405923,Active,https://www.vsacapital.com/,90,vsacapital-com
Walter Dawson & Son (WDS),https://www.walterdawson.co.uk,Accountancy firm CF team,,Bradford,Yorkshire and the Humber,Bradford; Elland; Huddersfield; Leyburn; Northallerton; York,regional,Yorkshire and the Humber,,,0.1,4.0,0.5,20,stated,"'typically working on transactions in the £500,000 to £20 million range'",True,sell_side; buy_side; mbo; due_diligence; valuations,Generalist,,enquiries@walterdawson.co.uk,01274 722354,https://www.walterdawson.co.uk/meet-the-team/,https://www.walterdawson.co.uk/contact/,https://www.linkedin.com/company/walter-dawson-son,"Yorkshire chartered accountancy firm providing corporate finance advice (sales, acquisitions, MBOs/MBIs, due diligence, valuations) to owner-managed and family businesses.",,,,https://www.walterdawson.co.uk/services/corporate-finance/; https://www.walterdawson.co.uk/contact-us/,90,walterdawson-co-uk
Watersheds,https://www.watersheds.ltd.uk,Independent boutique,,Northampton,East Midlands,Northampton; Swindon; Crawley,regional,East Midlands; South East; South West; East of England; London,,,0.2,4.0,1,20,estimate,,True,sell_side; buy_side; mbo; fundraising,Generalist,,,01604 660511,https://www.watersheds.ltd.uk/about-us,https://www.watersheds.ltd.uk/contact-us,https://www.linkedin.com/company/watersheds-capital-partners-ltd,"Independent, partner-led corporate finance adviser (all qualified accountants, not part of an accountancy firm) working on contingent fees for SMEs on disposals, acquisitions, MBOs/MBIs and fundraising; offices in Northampton, Swindon and Crawley (Gatwick).",,12769933,Active,https://www.watersheds.ltd.uk/; https://www.watersheds.ltd.uk/about-us; https://www.watersheds.ltd.uk/contact-us,90,watersheds-ltd-uk
Waypoint Partners,https://www.waypointpartners.co.uk,Sector specialist,,London,London,London,international,London,15,estimate,1.0,20.0,5,100,estimate,,True,sell_side; buy_side; fundraising,Media & Marketing; Technology & Software; Professional Services,"Creative, marketing, tech and digital agencies and consultancies",charlotte@waypointpartners.co.uk,+44 7908 702555,https://www.waypointpartners.co.uk/team/,https://www.waypointpartners.co.uk/contact,https://www.linkedin.com/company/waypoint-partners/,"London M&A adviser to founders of creative, marketing, technology and IP-led businesses and consultancies on sales, investment and acquisitions.",,08941252,Active,https://www.waypointpartners.co.uk/; https://www.waypointpartners.co.uk/team/; https://firmbase.co/resources/industry-lists/boutique-m-and-a-companies-in-the-uk-london,100,waypointpartners-co-uk
Wbg (Wylie & Bisset),https://wbg.co.uk,Accountancy firm CF team,,Glasgow,Scotland,Glasgow; Edinburgh; Ayrshire; Lanarkshire; Manchester,regional,Scotland,,,0.1,2.0,0.5,10,estimate,,True,sell_side; buy_side; mbo; fundraising; valuations; due_diligence,Generalist,,info@wbg.co.uk,0141 566 7000,https://wbg.co.uk/staff/?area=corporate-finance,https://wbg.co.uk/contact/,https://www.linkedin.com/company/wylie-&-bisset-llp,"Glasgow accountancy firm (formerly Wylie & Bisset) with a corporate finance team advising Scottish SMEs on sales, acquisitions and funding; Scottish member of The Corporate Finance Network.",,,,https://wbg.co.uk/services/corporate-finance/,90,wbg-co-uk
Wealth Holdings,https://wealthholdings.co.uk,Sector specialist,,Worcester,West Midlands,Worcester,national,London; South East; South West; East of England; East Midlands; West Midlands; Yorkshire and the Humber; North West; North East; Scotland; Wales; Northern Ireland,2,team_page,0.1,4.0,0.5,20,estimate,,True,sell_side; buy_side; valuations,Financial Services,"M&A for IFA, wealth management and fintech businesses.",enquiries@wealthholdings.co.uk,0330 460 0286,https://wealthholdings.co.uk/meet-the-team,https://wealthholdings.co.uk/contact,,"Specialist M&A business advising buyers and sellers of IFA, wealth management and fintech firms; led by Andrew Smith and Keith Brown, office at Brickbarns Business Centre, Egdon, Worcester.",,06620295,Active,https://wealthholdings.co.uk/; https://wealthholdings.co.uk/meet-the-team; https://wealthholdings.co.uk/contact,100,wealthholdings-co-uk
Webb and Co,https://webbandco.co.uk,Accountancy firm CF team,,Belfast,Northern Ireland,Belfast; London,regional,Northern Ireland,,,0.2,4.0,1,20,estimate,,True,sell_side; buy_side; mbo; valuations; due_diligence; fundraising,Generalist,"Principal-led chartered and forensic accountants; listed deals include MBOs (Highway Barrier Solutions, Nitronica, Lazer Electrical), acquisitions and owner sales (Dukes Transport, Connors Fuels, Webbs Pharmacy).",info@webbandco.co.uk,+44 (0)28 9091 8499,https://webbandco.co.uk/about.html,https://webbandco.co.uk/contact.html,,"Belfast (and London) chartered and forensic accountants whose principal, ex-BDO NI head of corporate finance and valuations, advises owners on business sales, acquisitions, MBOs and valuations for NI and ROI businesses.",,,,https://webbandco.co.uk/Corporate-Finance.html; https://webbandco.co.uk/about.html; https://webbandco.co.uk/contact.html,90,webbandco-co-uk
WeSellOpticians,https://wesellopticians.co.uk,Sector specialist,,London,London,London,national,London; South East; South West; East of England; East Midlands; West Midlands; Yorkshire and the Humber; North West; North East; Scotland; Wales; Northern Ireland,,,0.02,0.4,0.1,2,estimate,fee £100 + 3% commission,False,sell_side; valuations,Healthcare; Consumer & Retail,Independent optician practice sales.,info@wesellopticians.co.uk,020 3733 2315,https://wesellopticians.co.uk/meet-our-practice-sales-director/,https://wesellopticians.co.uk/about/,https://www.linkedin.com/company/wesellopticians,London (South Norwood) broker specialising in selling independent optician practices UK-wide; says 90% of practices it sells complete within three months of listing.,,,,https://wesellopticians.co.uk/; https://wesellopticians.co.uk/about/,90,wesellopticians-co-uk
West Hill Corporate Finance,https://westhillcapital.co.uk,Sector specialist,West Hill Capital,London,London,London,national,London; South East; South West; East of England; East Midlands; West Midlands; Yorkshire and the Humber; North West; North East; Scotland; Wales; Northern Ireland,11,team_page,10.0,180.0,50,900,deals,"deals shown £50m–£900m (e.g. £50m Fleet Mortgages, £113m Cathedral Capital, £164m Omega, £180m Premium Credit, £900m Brit Insurance)",False,sell_side; buy_side; fundraising,Financial Services,Financial services focus (small/mid-cap private and AIM companies); sister business West Hill Capital raises venture/EIS capital.,enquiries@westhillcapital.co.uk,020 7464 8821,https://westhillcapital.co.uk/team/,https://westhillcapital.co.uk/contact/,https://www.linkedin.com/company/west-hill-capital-llp,"Independent London corporate finance boutique founded in 2003 by ex-HSBC Investment Bank corporate financiers, providing M&A, advisory and fundraising mainly to financial services companies; team page lists 6 partners plus directors and associates (shared with West Hill Capital).",,04529986,Active,https://westhillcapital.co.uk/; https://westhillcapital.co.uk/services/corporate-finance/; https://westhillcapital.co.uk/team/; https://westhillcapital.co.uk/case-studies/,100,westhillcapital-co-uk
Westcotts,https://westcotts.uk,Accountancy firm CF team,PrimeGlobal (network member),Exeter,South West,Exeter; Plymouth; Barnstaple; Torquay; Taunton; Weston-super-Mare,regional,South West,,,0.1,3.0,0.5,15,estimate,,True,sell_side; buy_side; mbo; valuations; due_diligence,Generalist; Agriculture; Leisure & Hospitality; Industrials & Manufacturing,"SMEs, family businesses, agriculture, tourism",exeter@westcotts.uk,01392 288555,https://westcotts.uk/about-us/meet-the-team/,https://westcotts.uk/contact-us,https://www.linkedin.com/company/westcottsuk,"Devon and Somerset chartered accountancy firm (formerly Thomas Westcott; 16 offices incl. Exeter, Plymouth, Barnstaple, Torquay, Bridgwater) whose Exeter-based corporate finance team handles company sales, acquisitions, MBOs, valuations and due diligence; PrimeGlobal member. Only the Exeter office is confirmed as doing CF work.",,,,https://westcotts.uk/what-we-do/advisory/corporate-finance/; https://westcotts.uk/contact-us; https://www.primeglobal.net/firms/westcotts; https://acumon.com/blog/audit-companies-south-west/; https://westcotts.uk/; https://find-and-update.company-information.service.gov.uk/company/12267770/filing-history,90,westcotts-uk
Westgate Advisers,https://www.westgateadvisers.com,Independent boutique,,,South East,,local,South East,1,team_page,0.1,14.0,0.5,70,stated,completed transactions range in value from £0.5m to £70m,True,sell_side; buy_side; mbo; fundraising; debt_advisory,Industrials & Manufacturing; Transport & Logistics; Facilities Management; Consumer & Retail,"Generalist; past deals in transport, consumer services, facilities management, online retail, oil & gas contracting; advised on sale of HC Coils (Fareham) to Bergman & Beving.",dkirtley@westgateadvisers.co.uk,07725 179004,https://www.westgateadvisers.com/aboutus,https://www.westgateadvisers.com/contact-us,,"Owner-led corporate finance boutique founded by Dan Kirtley (ex-Southampton CF house) serving Portsmouth, Hampshire and Sussex owner-managed businesses on sales, MBOs, acquisitions and debt raises.",,,,https://www.westgateadvisers.com; https://www.westgateadvisers.com/aboutus; https://www.insidermedia.com/news/south-east/coil-manufacturer-acquired-by-listed-swedish-group-westgate-advisers-assists,80,westgateadvisers-com
Weybrook Business Brokers,https://weybrookbusinessbrokers.com,Business broker,,Guildford,South East,Guildford,regional,South East; London,1,team_page,0.02,0.6,0.1,3,estimate,,True,sell_side; buy_side; valuations,Generalist,"Listings across agency/marketing, distribution, food & drink, IT, manufacturing, professional services, retail.",rupert@weybrookbusinessbrokers.com,01483 202134,https://weybrookbusinessbrokers.com/-high-end-international-matchmaking-business/,https://weybrookbusinessbrokers.com/contact-us/,https://uk.linkedin.com/company/weybrook-business-brokers,"Surrey business broker founded by Rupert Trevelyan, selling small and medium-sized businesses for a small number of clients at a time.",,10788335,Active,https://weybrookbusinessbrokers.com/; https://weybrookbusinessbrokers.com/about/; https://www.weybrookbusinessbrokers.com/contact-us/,100,weybrookbusinessbrokers-com
WG Partners,https://wgpartners.co.uk,Sector specialist,,London,London,London,international,London; South East; South West; East of England; East Midlands; West Midlands; Yorkshire and the Humber; North West; North East; Scotland; Wales; Northern Ireland,,,4.0,100.0,20,500,estimate,aggregate transaction value of over £8.4 billion,False,fundraising; sell_side; buy_side; ecm,Life Sciences; Healthcare,,,+44 203 705 9315,https://wgpartners.co.uk/team/,https://wgpartners.co.uk/contact/,,"Specialist investment banking boutique advising life science companies on corporate finance, M&A and capital raising; 167 fundraisings and 47 M&A deals since 2005.",,,,https://wgpartners.co.uk/,90,wgpartners-co-uk
WH Ireland,https://www.whirelandplc.com,Investment bank / broker,,London,London,London; Manchester,national,London; South East; South West; East of England; East Midlands; West Midlands; Yorkshire and the Humber; North West; North East; Scotland; Wales; Northern Ireland,,,1.0,30.0,5,150,estimate,,True,sell_side; buy_side; fundraising; ecm,Generalist,,,+44 (0)20 7220 1666,https://www.whirelandplc.com/wealth-management/our-people/,https://www.whirelandplc.com/contact/,,"UK small-cap broker and nominated adviser providing capital markets, fundraising and M&A advice to AIM and smaller quoted companies.",,02002044,Active,https://www.whirelandplc.com/; https://www.whirelandplc.com/contact/,90,whirelandplc-com
Wheawill & Sudworth,https://www.wheawill.co.uk,Accountancy firm CF team,,Huddersfield,Yorkshire and the Humber,Huddersfield,local,Yorkshire and the Humber,,,0.1,1.0,0.5,5,estimate,,True,sell_side; buy_side; mbo,Generalist,,info@wheawills.co.uk,01484 423691,https://www.wheawill.co.uk/join-our-team/,https://www.wheawill.co.uk/contact/,,Huddersfield chartered accountants providing corporate finance advice on buying and selling businesses and MBOs/MBIs for local owner-managers.,,07935765,Active,https://www.wheawill.co.uk/services/corporate-finance/,90,wheawill-co-uk
White Horse Capital,https://whitehorsecapital.co.uk,Independent boutique,,London,London,London,national,London; South East; South West; East of England; East Midlands; West Midlands; Yorkshire and the Humber; North West; North East; Scotland; Wales; Northern Ireland,,,0.4,6.0,2,30,estimate,,True,fundraising; sell_side; buy_side,Technology & Software,"Equity raising and M&A, largely for UK tech and cyber companies",,+44 207 692 8226,https://whitehorsecapital.co.uk/management,https://whitehorsecapital.co.uk/contact,,"London (Borough High Street) corporate finance firm helping companies raise equity finance and prepare and close M&A transactions, with a UK tech and cyber focus.",,,,https://whitehorsecapital.co.uk; https://whitehorsecapital.co.uk/credentials,90,whitehorsecapital-co-uk
WhiteHart Associates,https://whitehartassociates.com,Accountancy firm CF team,,Richmond,London,Richmond,national,London; South East; South West; East of England; East Midlands; West Midlands; Yorkshire and the Humber; North West; North East; Scotland; Wales; Northern Ireland,,,0.2,6.0,1,30,estimate,,True,sell_side; buy_side; due_diligence; valuations,Leisure & Hospitality; Transport & Logistics,"Specialist in the travel industry (tour operators, travel groups; ATOL/ABTA change-of-control work)",info@whitehartassociates.com,020 8878 8383,https://whitehartassociates.com/about-us/meet-the-team,https://whitehartassociates.com/contact-us,https://www.linkedin.com/company/white-hart-associates-llp,"Richmond-based accountants with a corporate finance team (M&A, transaction services, valuations, due diligence) specialising in the travel sector; advised on investments in Wild Frontiers, Embrace Travel Group and Voyager School Travel.",,,,https://whitehartassociates.com/,90,whitehartassociates-com
Whitings,https://whitingsllp.co.uk,Accountancy firm CF team,,Wisbech,East of England,Bury St Edmunds; Ely; King's Lynn; March; Mildenhall; Peterborough; Ramsey; St Ives; St Neots; Wisbech,regional,East of England,3,team_page,0.1,2.0,0.5,10,stated,Specialists in providing services for SMEs and OMBs (particularly in the £0.5m to £10m valuation range),True,sell_side; buy_side; mbo; debt_advisory; valuations,Generalist,,,,https://whitingsllp.co.uk/about-us/partner-associates/,https://whitingsllp.co.uk/about-us/contact-us/,,"Cambridgeshire/Suffolk chartered accountants (formerly Whiting & Partners), The Corporate Finance Network's representative firm in the area, advising owner-managers on sales, MBOs and funding in the £0.5m-£10m valuation range.",,,,https://whitingsllp.co.uk/financial-services/corporate-finance/; https://whitingsllp.co.uk/about-us/office-locations/,100,whitingsllp-co-uk
Whitley Stimpson,https://www.whitleystimpson.co.uk,Accountancy firm CF team,,Banbury,South East,Banbury; Witney,local,South East,,,0.1,2.0,0.5,10,estimate,,True,sell_side; buy_side; mbo; valuations,Generalist,,hello@whitleystimpson.co.uk,01295 270200,https://www.whitleystimpson.co.uk/about-us/meet-our-team/,https://www.whitleystimpson.co.uk/contact/,http://www.linkedin.com/company/725293,"Oxfordshire chartered accountants with a corporate finance service advising on buying, selling or transferring business interests and valuations.",,08912743,Active,https://www.whitleystimpson.co.uk/who-we-help/your-business/corporate-finance/,90,whitleystimpson-co-uk
Wilder Coe,https://www.wildercoe.co.uk,Accountancy firm CF team,,London,London,London,local,London,,,0.1,2.0,0.5,10,estimate,,True,sell_side; buy_side; mbo; due_diligence; fundraising,Generalist,,info@wildercoe.co.uk,,https://www.wildercoe.co.uk/meet-the-team/partners/,https://www.wildercoe.co.uk/contact-us/,https://www.linkedin.com/company/wilder-coe,"London chartered accountants and corporate advisers with a corporate finance team advising on business sales, MBOs, acquisitions, due diligence and fundraising.",,,,https://www.wildercoe.co.uk/what-we-do/corporate-finance/; https://www.wildercoe.co.uk/,90,wildercoe-co-uk
William Blair,https://www.williamblair.com,Investment bank / broker,,Chicago,International,London,international,London; South East; South West; East of England; East Midlands; West Midlands; Yorkshire and the Humber; North West; North East; Scotland; Wales; Northern Ireland,,,20.0,400.0,100,2000,estimate,,False,sell_side; buy_side; ecm,Generalist,,,,https://www.williamblair.com,https://www.williamblair.com/Contact-Us,,"US employee-owned investment bank with a London M&A team advising on European mid-market transactions, especially for private equity.",,,,https://www.williamblair.com/,90,williamblair-com
Wilson Partners,https://www.wilson-partners.co.uk,Accountancy firm CF team,,Maidenhead,South East,Maidenhead; Cambridge; Sevenoaks; Woking; Plymouth,regional,South East; London; East of England; South West,,,0.4,6.0,2,30,estimate,"owner managed businesses, usually with a turnover of £2 million to £100 million",True,sell_side; buy_side; mbo; fundraising; due_diligence; valuations,Generalist; Technology & Software,,info@wilson-partners.co.uk,0330 057 6265,https://www.wilson-partners.co.uk/about/the-team/corporate-finance/,https://www.wilson-partners.co.uk/contact/,https://www.linkedin.com/company/wilson-partners-limited,"Maidenhead-headquartered accountancy group with a director-led, award-winning corporate finance team (Maidenhead, Cambridge, Sevenoaks, Woking, Plymouth) advising on business sales, MBOs, acquisitions, fundraising and due diligence; Thames Valley Deals Awards finalist.",,05210891,Active,https://www.wilson-partners.co.uk/corporate-finance/; https://www.wilson-partners.co.uk/about/the-team/corporate-finance/; https://www.wilson-partners.co.uk/latest-news/corporate-finance/due-diligence-team-thames-valley-deal-awards-wilson-partners/; https://www.insidermedia.com/event/thames-valley-deals-awards-2026/shortlist; https://www.wilson-partners.co.uk/corporate-finance/latest-deals/,90,wilson-partners-co-uk
Wright Vigar,https://www.wrightvigar.co.uk,Accountancy firm CF team,,Lincoln,East Midlands,Lincoln; Gainsborough; Mansfield; Newark; Nottingham; London,regional,East Midlands,,,0.1,2.0,0.5,10,estimate,,True,sell_side; buy_side; mbo; fundraising,Generalist,,info@wrightvigar.co.uk,0800 058 1648,https://www.wrightvigar.co.uk/about-us,https://www.wrightvigar.co.uk/contact,https://www.linkedin.com/company/wright-vigar/,"East Midlands accountants and business advisers offering corporate finance for company sales, acquisitions and MBOs across Lincolnshire and Nottinghamshire.",,,,https://www.wrightvigar.co.uk/services/corporate-finance,90,wrightvigar-co-uk
WY Partners,https://wypartners.com,Sector specialist,,London,London,London,international,London,9,estimate,1.0,30.0,5,150,estimate,,True,sell_side; buy_side,Media & Marketing; Technology & Software,"Digital media, marketing services, tech consulting, ecommerce, data/analytics",hello@wypartners.com,020 3314 8191,https://wypartners.com/team/,https://wypartners.com/contact/,https://www.linkedin.com/company/wy-partners/,Marylebone M&A and strategic adviser to media and technology businesses and their investors.,,09256701,Active,https://wypartners.com/; https://wypartners.com/team/; https://wypartners.com/contact/,100,wypartners-com
Wyvern Partners,https://wyvernpartners.com,Independent boutique,,London,London,London,international,London; South East,,,,,,,,,,sell_side; buy_side; mbo,Financial Services; Construction & Property; Generalist,"Trust and fund administration, management advisory, real estate & infrastructure",contactus@wyvernpartners.com,,,https://wyvernpartners.com/contact-us/,,London-based international corporate finance advisory firm (registered in Weybridge) with a strong trust & fund administration practice plus management and corporate advisory.,,,,https://wyvernpartners.com/; https://firmbase.co/resources/industry-lists/boutique-m-and-a-companies-in-the-uk,80,wyvernpartners-com
Xeinadin,https://www.xeinadin.com,Accountancy firm CF team,,London,London,London; Manchester; Glasgow; Cardiff; Belfast; Leeds; Doncaster; Barnsley; Stockport,national,London; South East; South West; East of England; East Midlands; West Midlands; Yorkshire and the Humber; North West; North East; Scotland; Wales; Northern Ireland,,,0.2,3.0,1,15,estimate,,True,sell_side; buy_side; mbo; fundraising; debt_advisory; due_diligence; valuations,Generalist,,hello@xeinadin.com,020 7086 8677,https://www.xeinadin.com/services/corporate-finance/,https://www.xeinadin.com/contact/,https://www.linkedin.com/company/xeinadin/,"Large UK accountancy group (incl. former Lewis Ballard, Smith Craven, Gibson Booth, Hallidays) with a corporate finance service for SMEs buying, selling and funding businesses.",,11354408,Active,https://www.xeinadin.com/; https://www.xeinadin.com/services/corporate-finance/,90,xeinadin-com
Zaoui & Co,https://www.zaouico.com,Investment bank / broker,,London,London,London,international,London,,,100.0,,500,,estimate,,False,sell_side; buy_side,Generalist,,,,,https://zaouico.com/contact/,,London-based independent M&A advisory boutique founded by Michael and Yoël Zaoui advising on large strategic transactions.,,09111051,Active,https://www.zaouico.com/,90,zaouico-com
Zeus,https://zeuscapital.co.uk,Investment bank / broker,,London,London,London; Manchester; Leeds; Bristol,national,London; South East; South West; East of England; East Midlands; West Midlands; Yorkshire and the Humber; North West; North East; Scotland; Wales; Northern Ireland,,,2.0,40.0,10,200,estimate,,True,sell_side; buy_side; fundraising; ecm; debt_advisory,Generalist,,live@zeuscapital.co.uk,0203 829 5000,https://zeuscapital.co.uk/news/team-july26/,https://zeuscapital.co.uk/contact/,,"UK small-cap investment bank with offices in London, Manchester, Leeds and Bristol, providing corporate broking, ECM and private company M&A and debt advice.",,04417845,Active,https://zeuscapital.co.uk/; https://zeuscapital.co.uk/contact/,90,zeuscapital-co-uk
